{"type": "FeatureCollection", "features": [{"type": "Feature", "geometry": {"type": "LineString", "coordinates": [[11.74927, 60.24244], [11.74751, 60.24265]]}, "properties": {"i": 0, "km": 0.0, "w": 53.67, "w_v": 26.83, "w_h": 26.83, "h": 6.04, "v": 0.99, "S": 0.00014, "klasse_strom": "stryk", "depth_idx": 0.27, "depth_z_v": -1.03, "depth_z_h": -1.11, "veg_v": 0.0, "veg_h": 0.0, "sand_v": 0.0, "sand_h": 0.0, "os": 0.04, "os_navn": null, "sving": 0.01, "innsnevring": 0.0, "bukt_v": 0.0, "bukt_h": 0.0, "dropoff_v": 0.08, "dropoff_h": 0.13, "bru": 0.01, "dam": 0.0, "skygge_v": 0.23, "skygge_h": 0.23, "banktype_v": "åpen/bebygd", "banktype_h": "åpen/bebygd", "side_navn_v": "S-bredden", "side_navn_h": "N-bredden", "island": false, "elv": "Glomma", "H": {"gjedde": 45.0, "abbor": 44.0, "orret": 60.0, "harr": 64.0, "sik": 40.0, "lake": 50.0, "mort": 40.0, "brasme": 35.0, "vederbuk": 48.0, "gjors": 43.0}, "Hs": {"gjedde": [41.0, 45.0], "abbor": [38.0, 44.0], "orret": [54.0, 60.0], "harr": [57.0, 64.0], "sik": [37.0, 40.0], "lake": [44.0, 50.0], "mort": [37.0, 40.0], "brasme": [32.0, 35.0], "vederbuk": [43.0, 48.0], "gjors": [38.0, 43.0]}, "bank": {"v": [60.24223, 11.74917], "h": [60.24265, 11.74937]}}}, {"type": "Feature", "geometry": {"type": "LineString", "coordinates": [[11.74751, 60.24265], [11.7458, 60.24293]]}, "properties": {"i": 1, "km": 0.1, "w": 53.67, "w_v": 26.83, "w_h": 26.83, "h": 6.41, "v": 0.93, "S": 0.00012, "klasse_strom": "stryk", "depth_idx": 0.28, "depth_z_v": -1.63, "depth_z_h": -0.98, "veg_v": 0.0, "veg_h": 0.0, "sand_v": 0.0, "sand_h": 0.0, "os": 0.07, "os_navn": null, "sving": 0.04, "innsnevring": 0.0, "bukt_v": 0.0, "bukt_h": 0.0, "dropoff_v": 0.5, "dropoff_h": 0.07, "bru": 0.01, "dam": 0.0, "skygge_v": 0.23, "skygge_h": 0.23, "banktype_v": "åpen/bebygd", "banktype_h": "åpen/bebygd", "side_navn_v": "S-bredden", "side_navn_h": "N-bredden", "island": false, "elv": "Glomma", "H": {"gjedde": 59.0, "abbor": 67.0, "orret": 86.0, "harr": 91.0, "sik": 51.0, "lake": 72.0, "mort": 54.0, "brasme": 44.0, "vederbuk": 67.0, "gjors": 61.0}, "Hs": {"gjedde": [59.0, 43.0], "abbor": [67.0, 41.0], "orret": [86.0, 59.0], "harr": [91.0, 57.0], "sik": [51.0, 39.0], "lake": [72.0, 48.0], "mort": [54.0, 38.0], "brasme": [44.0, 34.0], "vederbuk": [67.0, 48.0], "gjors": [61.0, 40.0]}, "bank": {"v": [60.24245, 11.74739], "h": [60.24286, 11.74763]}}}, {"type": "Feature", "geometry": {"type": "LineString", "coordinates": [[11.7458, 60.24293], [11.74405, 60.24316]]}, "properties": {"i": 2, "km": 0.2, "w": 53.67, "w_v": 26.83, "w_h": 26.83, "h": 5.51, "v": 1.08, "S": 0.00019, "klasse_strom": "stryk", "depth_idx": 0.03, "depth_z_v": -0.72, "depth_z_h": -0.72, "veg_v": 0.0, "veg_h": 0.0, "sand_v": 0.0, "sand_h": 0.0, "os": 0.14, "os_navn": null, "sving": 0.1, "innsnevring": 0.0, "bukt_v": 0.0, "bukt_h": 0.0, "dropoff_v": 0.0, "dropoff_h": 0.0, "bru": 0.01, "dam": 0.0, "skygge_v": 0.23, "skygge_h": 0.23, "banktype_v": "åpen/bebygd", "banktype_h": "åpen/bebygd", "side_navn_v": "S-bredden", "side_navn_h": "N-bredden", "island": false, "elv": "Glomma", "H": {"gjedde": 46.0, "abbor": 41.0, "orret": 66.0, "harr": 69.0, "sik": 39.0, "lake": 48.0, "mort": 42.0, "brasme": 34.0, "vederbuk": 54.0, "gjors": 40.0}, "Hs": {"gjedde": [46.0, 46.0], "abbor": [41.0, 41.0], "orret": [66.0, 66.0], "harr": [69.0, 69.0], "sik": [39.0, 39.0], "lake": [48.0, 48.0], "mort": [42.0, 42.0], "brasme": [34.0, 34.0], "vederbuk": [54.0, 54.0], "gjors": [40.0, 40.0]}, "bank": {"v": [60.24273, 11.74568], "h": [60.24314, 11.74592]}}}, {"type": "Feature", "geometry": {"type": "LineString", "coordinates": [[11.74405, 60.24316], [11.74228, 60.24331]]}, "properties": {"i": 3, "km": 0.3, "w": 53.67, "w_v": 26.83, "w_h": 26.83, "h": 5.75, "v": 1.04, "S": 0.00017, "klasse_strom": "stryk", "depth_idx": 0.2, "depth_z_v": -0.98, "depth_z_h": -0.95, "veg_v": 0.0, "veg_h": 0.0, "sand_v": 0.0, "sand_h": 0.0, "os": 0.26, "os_navn": "Sloa", "sving": 0.14, "innsnevring": 0.0, "bukt_v": 0.0, "bukt_h": 0.0, "dropoff_v": 0.0, "dropoff_h": 0.0, "bru": 0.01, "dam": 0.0, "skygge_v": 0.23, "skygge_h": 0.23, "banktype_v": "åpen/bebygd", "banktype_h": "åpen/bebygd", "side_navn_v": "S-bredden", "side_navn_h": "N-bredden", "island": false, "elv": "Glomma", "H": {"gjedde": 52.0, "abbor": 49.0, "orret": 79.0, "harr": 83.0, "sik": 44.0, "lake": 56.0, "mort": 48.0, "brasme": 38.0, "vederbuk": 64.0, "gjors": 47.0}, "Hs": {"gjedde": [52.0, 52.0], "abbor": [49.0, 49.0], "orret": [79.0, 79.0], "harr": [83.0, 82.0], "sik": [44.0, 44.0], "lake": [56.0, 56.0], "mort": [48.0, 47.0], "brasme": [38.0, 38.0], "vederbuk": [64.0, 64.0], "gjors": [47.0, 47.0]}, "bank": {"v": [60.24295, 11.74396], "h": [60.24336, 11.74414]}}}, {"type": "Feature", "geometry": {"type": "LineString", "coordinates": [[11.74228, 60.24331], [11.74047, 60.24335]]}, "properties": {"i": 4, "km": 0.4, "w": 53.67, "w_v": 26.83, "w_h": 26.83, "h": 5.97, "v": 1.0, "S": 0.00015, "klasse_strom": "stryk", "depth_idx": 0.68, "depth_z_v": -0.43, "depth_z_h": 0.2, "veg_v": 0.0, "veg_h": 0.0, "sand_v": 0.0, "sand_h": 0.0, "os": 0.51, "os_navn": "Sloa", "sving": 0.11, "innsnevring": 0.0, "bukt_v": 0.0, "bukt_h": 0.0, "dropoff_v": 0.77, "dropoff_h": 0.35, "bru": 0.01, "dam": 0.0, "skygge_v": 0.23, "skygge_h": 0.23, "banktype_v": "åpen/bebygd", "banktype_h": "åpen/bebygd", "side_navn_v": "S-bredden", "side_navn_h": "N-bredden", "island": false, "elv": "Glomma", "H": {"gjedde": 57.0, "abbor": 78.0, "orret": 91.0, "harr": 58.0, "sik": 57.0, "lake": 83.0, "mort": 48.0, "brasme": 50.0, "vederbuk": 78.0, "gjors": 71.0}, "Hs": {"gjedde": [57.0, 41.0], "abbor": [78.0, 67.0], "orret": [91.0, 58.0], "harr": [58.0, 55.0], "sik": [57.0, 53.0], "lake": [83.0, 75.0], "mort": [48.0, 24.0], "brasme": [50.0, 45.0], "vederbuk": [78.0, 66.0], "gjors": [71.0, 63.0]}, "bank": {"v": [60.2431, 11.74223], "h": [60.24353, 11.74232]}}}, {"type": "Feature", "geometry": {"type": "LineString", "coordinates": [[11.74047, 60.24335], [11.73867, 60.24338]]}, "properties": {"i": 5, "km": 0.5, "w": 53.67, "w_v": 26.83, "w_h": 26.83, "h": 6.16, "v": 0.97, "S": 0.00013, "klasse_strom": "stryk", "depth_idx": 0.46, "depth_z_v": -0.11, "depth_z_h": -0.06, "veg_v": 0.0, "veg_h": 0.0, "sand_v": 0.0, "sand_h": 0.0, "os": 1.0, "os_navn": "Sloa", "sving": 0.07, "innsnevring": 0.0, "bukt_v": 0.0, "bukt_h": 0.0, "dropoff_v": 0.0, "dropoff_h": 0.0, "bru": 0.01, "dam": 0.0, "skygge_v": 0.23, "skygge_h": 0.23, "banktype_v": "åpen/bebygd", "banktype_h": "åpen/bebygd", "side_navn_v": "S-bredden", "side_navn_h": "N-bredden", "island": false, "elv": "Glomma", "H": {"gjedde": 51.0, "abbor": 70.0, "orret": 66.0, "harr": 60.0, "sik": 55.0, "lake": 77.0, "mort": 26.0, "brasme": 47.0, "vederbuk": 78.0, "gjors": 64.0}, "Hs": {"gjedde": [51.0, 50.0], "abbor": [70.0, 70.0], "orret": [66.0, 65.0], "harr": [60.0, 60.0], "sik": [55.0, 55.0], "lake": [77.0, 77.0], "mort": [26.0, 25.0], "brasme": [47.0, 46.0], "vederbuk": [78.0, 77.0], "gjors": [64.0, 64.0]}, "bank": {"v": [60.24314, 11.74046], "h": [60.24356, 11.74049]}}}, {"type": "Feature", "geometry": {"type": "LineString", "coordinates": [[11.73867, 60.24338], [11.73686, 60.24341]]}, "properties": {"i": 6, "km": 0.6, "w": 53.67, "w_v": 26.83, "w_h": 26.83, "h": 6.47, "v": 0.92, "S": 0.00011, "klasse_strom": "stryk", "depth_idx": 0.58, "depth_z_v": 0.8, "depth_z_h": 1.31, "veg_v": 0.0, "veg_h": 0.0, "sand_v": 0.0, "sand_h": 0.0, "os": 0.51, "os_navn": "Sloa", "sving": 0.01, "innsnevring": 0.0, "bukt_v": 0.0, "bukt_h": 0.0, "dropoff_v": 0.0, "dropoff_h": 0.0, "bru": 0.01, "dam": 0.0, "skygge_v": 0.23, "skygge_h": 0.23, "banktype_v": "åpen/bebygd", "banktype_h": "åpen/bebygd", "side_navn_v": "S-bredden", "side_navn_h": "N-bredden", "island": false, "elv": "Glomma", "H": {"gjedde": 23.0, "abbor": 48.0, "orret": 54.0, "harr": 51.0, "sik": 47.0, "lake": 63.0, "mort": 22.0, "brasme": 34.0, "vederbuk": 33.0, "gjors": 51.0}, "Hs": {"gjedde": [23.0, 23.0], "abbor": [48.0, 41.0], "orret": [54.0, 54.0], "harr": [51.0, 51.0], "sik": [47.0, 42.0], "lake": [63.0, 63.0], "mort": [22.0, 22.0], "brasme": [34.0, 28.0], "vederbuk": [33.0, 33.0], "gjors": [51.0, 46.0]}, "bank": {"v": [60.24317, 11.73865], "h": [60.2436, 11.73868]}}}, {"type": "Feature", "geometry": {"type": "LineString", "coordinates": [[11.73686, 60.24341], [11.73506, 60.24344]]}, "properties": {"i": 7, "km": 0.7, "w": 53.67, "w_v": 26.83, "w_h": 26.83, "h": 6.47, "v": 0.92, "S": 0.00011, "klasse_strom": "stryk", "depth_idx": 1.0, "depth_z_v": 2.05, "depth_z_h": 3.0, "veg_v": 0.0, "veg_h": 0.0, "sand_v": 0.0, "sand_h": 0.0, "os": 0.51, "os_navn": "Mangåa", "sving": 0.02, "innsnevring": 0.0, "bukt_v": 0.0, "bukt_h": 0.0, "dropoff_v": 0.63, "dropoff_h": 0.0, "bru": 0.01, "dam": 0.0, "skygge_v": 0.23, "skygge_h": 0.23, "banktype_v": "åpen/bebygd", "banktype_h": "åpen/bebygd", "side_navn_v": "S-bredden", "side_navn_h": "N-bredden", "island": false, "elv": "Glomma", "H": {"gjedde": 25.0, "abbor": 28.0, "orret": 60.0, "harr": 56.0, "sik": 41.0, "lake": 74.0, "mort": 24.0, "brasme": 15.0, "vederbuk": 37.0, "gjors": 51.0}, "Hs": {"gjedde": [25.0, 23.0], "abbor": [28.0, 21.0], "orret": [60.0, 54.0], "harr": [56.0, 51.0], "sik": [41.0, 36.0], "lake": [74.0, 58.0], "mort": [24.0, 22.0], "brasme": [15.0, 13.0], "vederbuk": [37.0, 33.0], "gjors": [51.0, 39.0]}, "bank": {"v": [60.2432, 11.73685], "h": [60.24362, 11.73688]}}}, {"type": "Feature", "geometry": {"type": "LineString", "coordinates": [[11.73506, 60.24344], [11.73326, 60.2435]]}, "properties": {"i": 8, "km": 0.8, "w": 53.67, "w_v": 26.83, "w_h": 26.83, "h": 6.8, "v": 0.88, "S": 0.0001, "klasse_strom": "stryk", "depth_idx": 0.22, "depth_z_v": -0.98, "depth_z_h": -0.94, "veg_v": 0.0, "veg_h": 0.0, "sand_v": 0.0, "sand_h": 0.0, "os": 1.0, "os_navn": "Mangåa", "sving": 0.02, "innsnevring": 0.0, "bukt_v": 0.0, "bukt_h": 0.0, "dropoff_v": 0.0, "dropoff_h": 0.0, "bru": 0.0, "dam": 0.0, "skygge_v": 0.23, "skygge_h": 0.23, "banktype_v": "åpen/bebygd", "banktype_h": "åpen/bebygd", "side_navn_v": "S-bredden", "side_navn_h": "N-bredden", "island": false, "elv": "Glomma", "H": {"gjedde": 61.0, "abbor": 70.0, "orret": 100.0, "harr": 78.0, "sik": 55.0, "lake": 77.0, "mort": 52.0, "brasme": 46.0, "vederbuk": 85.0, "gjors": 64.0}, "Hs": {"gjedde": [61.0, 60.0], "abbor": [70.0, 70.0], "orret": [100.0, 100.0], "harr": [78.0, 70.0], "sik": [55.0, 55.0], "lake": [77.0, 77.0], "mort": [52.0, 51.0], "brasme": [46.0, 46.0], "vederbuk": [85.0, 85.0], "gjors": [64.0, 64.0]}, "bank": {"v": [60.24323, 11.73504], "h": [60.24366, 11.73508]}}}, {"type": "Feature", "geometry": {"type": "LineString", "coordinates": [[11.73326, 60.2435], [11.73146, 60.24357]]}, "properties": {"i": 9, "km": 0.9, "w": 53.67, "w_v": 26.83, "w_h": 26.83, "h": 6.8, "v": 0.88, "S": 0.0001, "klasse_strom": "stryk", "depth_idx": 0.38, "depth_z_v": -0.61, "depth_z_h": -0.53, "veg_v": 0.0, "veg_h": 0.0, "sand_v": 0.0, "sand_h": 0.0, "os": 0.51, "os_navn": "Mangåa", "sving": 0.04, "innsnevring": 0.0, "bukt_v": 0.0, "bukt_h": 0.0, "dropoff_v": 0.08, "dropoff_h": 0.03, "bru": 0.0, "dam": 0.0, "skygge_v": 0.23, "skygge_h": 0.23, "banktype_v": "åpen/bebygd", "banktype_h": "åpen/bebygd", "side_navn_v": "S-bredden", "side_navn_h": "N-bredden", "island": false, "elv": "Glomma", "H": {"gjedde": 49.0, "abbor": 59.0, "orret": 75.0, "harr": 52.0, "sik": 49.0, "lake": 66.0, "mort": 38.0, "brasme": 42.0, "vederbuk": 68.0, "gjors": 55.0}, "Hs": {"gjedde": [49.0, 48.0], "abbor": [59.0, 57.0], "orret": [75.0, 71.0], "harr": [52.0, 52.0], "sik": [49.0, 49.0], "lake": [66.0, 64.0], "mort": [38.0, 34.0], "brasme": [42.0, 41.0], "vederbuk": [68.0, 66.0], "gjors": [55.0, 54.0]}, "bank": {"v": [60.24329, 11.73323], "h": [60.24372, 11.73329]}}}, {"type": "Feature", "geometry": {"type": "LineString", "coordinates": [[11.73146, 60.24357], [11.72966, 60.24363]]}, "properties": {"i": 10, "km": 1.0, "w": 53.67, "w_v": 26.83, "w_h": 26.83, "h": 7.89, "v": 0.76, "S": 6e-05, "klasse_strom": "moderat", "depth_idx": 0.55, "depth_z_v": 0.56, "depth_z_h": -0.24, "veg_v": 0.0, "veg_h": 0.0, "sand_v": 0.0, "sand_h": 0.0, "os": 0.26, "os_navn": "Mangåa", "sving": 0.06, "innsnevring": 0.0, "bukt_v": 0.0, "bukt_h": 0.0, "dropoff_v": 0.0, "dropoff_h": 0.29, "bru": 0.0, "dam": 0.0, "skygge_v": 0.24, "skygge_h": 0.23, "banktype_v": "åpen/bebygd", "banktype_h": "åpen/bebygd", "side_navn_v": "S-bredden", "side_navn_h": "N-bredden", "island": false, "elv": "Glomma", "H": {"gjedde": 36.0, "abbor": 80.0, "orret": 53.0, "harr": 53.0, "sik": 92.0, "lake": 84.0, "mort": 37.0, "brasme": 90.0, "vederbuk": 77.0, "gjors": 87.0}, "Hs": {"gjedde": [33.0, 36.0], "abbor": [51.0, 80.0], "orret": [47.0, 53.0], "harr": [49.0, 53.0], "sik": [73.0, 92.0], "lake": [67.0, 84.0], "mort": [33.0, 37.0], "brasme": [62.0, 90.0], "vederbuk": [44.0, 77.0], "gjors": [62.0, 87.0]}, "bank": {"v": [60.24335, 11.73143], "h": [60.24378, 11.73149]}}}, {"type": "Feature", "geometry": {"type": "LineString", "coordinates": [[11.72966, 60.24363], [11.72786, 60.24373]]}, "properties": {"i": 11, "km": 1.1, "w": 53.67, "w_v": 26.83, "w_h": 26.83, "h": 7.89, "v": 0.76, "S": 6e-05, "klasse_strom": "moderat", "depth_idx": 0.22, "depth_z_v": -0.61, "depth_z_h": -0.91, "veg_v": 0.0, "veg_h": 0.0, "sand_v": 0.0, "sand_h": 0.0, "os": 0.14, "os_navn": null, "sving": 0.13, "innsnevring": 0.0, "bukt_v": 0.0, "bukt_h": 0.0, "dropoff_v": 0.0, "dropoff_h": 0.0, "bru": 0.01, "dam": 0.0, "skygge_v": 0.23, "skygge_h": 0.23, "banktype_v": "åpen/bebygd", "banktype_h": "åpen/bebygd", "side_navn_v": "S-bredden", "side_navn_h": "N-bredden", "island": false, "elv": "Glomma", "H": {"gjedde": 62.0, "abbor": 58.0, "orret": 53.0, "harr": 45.0, "sik": 74.0, "lake": 61.0, "mort": 45.0, "brasme": 77.0, "vederbuk": 77.0, "gjors": 62.0}, "Hs": {"gjedde": [52.0, 62.0], "abbor": [57.0, 58.0], "orret": [43.0, 53.0], "harr": [45.0, 45.0], "sik": [74.0, 74.0], "lake": [61.0, 61.0], "mort": [31.0, 45.0], "brasme": [76.0, 77.0], "vederbuk": [72.0, 77.0], "gjors": [62.0, 62.0]}, "bank": {"v": [60.24342, 11.72962], "h": [60.24385, 11.7297]}}}, {"type": "Feature", "geometry": {"type": "LineString", "coordinates": [[11.72786, 60.24373], [11.7261, 60.2439]]}, "properties": {"i": 12, "km": 1.2, "w": 53.67, "w_v": 26.83, "w_h": 26.83, "h": 11.58, "v": 0.51, "S": 2e-05, "klasse_strom": "moderat", "depth_idx": 0.41, "depth_z_v": -0.28, "depth_z_h": -0.6, "veg_v": 0.0, "veg_h": 0.0, "sand_v": 0.0, "sand_h": 0.0, "os": 0.07, "os_navn": null, "sving": 0.15, "innsnevring": 0.0, "bukt_v": 0.0, "bukt_h": 0.0, "dropoff_v": 0.0, "dropoff_h": 0.16, "bru": 0.02, "dam": 0.0, "skygge_v": 0.23, "skygge_h": 0.24, "banktype_v": "åpen/bebygd", "banktype_h": "åpen/bebygd", "side_navn_v": "S-bredden", "side_navn_h": "N-bredden", "island": false, "elv": "Glomma", "H": {"gjedde": 32.0, "abbor": 59.0, "orret": 45.0, "harr": 47.0, "sik": 76.0, "lake": 72.0, "mort": 33.0, "brasme": 68.0, "vederbuk": 42.0, "gjors": 69.0}, "Hs": {"gjedde": [29.0, 32.0], "abbor": [40.0, 59.0], "orret": [40.0, 45.0], "harr": [43.0, 47.0], "sik": [60.0, 76.0], "lake": [57.0, 72.0], "mort": [30.0, 33.0], "brasme": [49.0, 68.0], "vederbuk": [37.0, 42.0], "gjors": [50.0, 69.0]}, "bank": {"v": [60.24352, 11.7278], "h": [60.24394, 11.72793]}}}, {"type": "Feature", "geometry": {"type": "LineString", "coordinates": [[11.7261, 60.2439], [11.72439, 60.24419]]}, "properties": {"i": 13, "km": 1.3, "w": 53.67, "w_v": 26.83, "w_h": 26.83, "h": 11.58, "v": 0.51, "S": 2e-05, "klasse_strom": "moderat", "depth_idx": 0.34, "depth_z_v": -0.81, "depth_z_h": -0.56, "veg_v": 0.0, "veg_h": 0.0, "sand_v": 0.0, "sand_h": 0.0, "os": 0.04, "os_navn": null, "sving": 0.15, "innsnevring": 0.0, "bukt_v": 0.0, "bukt_h": 0.0, "dropoff_v": 0.11, "dropoff_h": 0.0, "bru": 0.05, "dam": 0.0, "skygge_v": 0.23, "skygge_h": 0.23, "banktype_v": "åpen/bebygd", "banktype_h": "åpen/bebygd", "side_navn_v": "S-bredden", "side_navn_h": "N-bredden", "island": false, "elv": "Glomma", "H": {"gjedde": 31.0, "abbor": 59.0, "orret": 43.0, "harr": 45.0, "sik": 76.0, "lake": 69.0, "mort": 32.0, "brasme": 69.0, "vederbuk": 40.0, "gjors": 68.0}, "Hs": {"gjedde": [31.0, 28.0], "abbor": [59.0, 45.0], "orret": [43.0, 39.0], "harr": [45.0, 42.0], "sik": [76.0, 63.0], "lake": [69.0, 58.0], "mort": [32.0, 30.0], "brasme": [69.0, 57.0], "vederbuk": [40.0, 37.0], "gjors": [68.0, 55.0]}, "bank": {"v": [60.24369, 11.72599], "h": [60.2441, 11.7262]}}}, {"type": "Feature", "geometry": {"type": "LineString", "coordinates": [[11.72439, 60.24419], [11.72271, 60.24452]]}, "properties": {"i": 14, "km": 1.4, "w": 53.67, "w_v": 26.83, "w_h": 26.83, "h": 11.58, "v": 0.51, "S": 2e-05, "klasse_strom": "moderat", "depth_idx": 0.28, "depth_z_v": -0.88, "depth_z_h": -0.33, "veg_v": 0.0, "veg_h": 0.0, "sand_v": 0.0, "sand_h": 0.0, "os": 0.02, "os_navn": null, "sving": 0.13, "innsnevring": 0.0, "bukt_v": 0.0, "bukt_h": 0.0, "dropoff_v": 0.0, "dropoff_h": 0.0, "bru": 0.1, "dam": 0.0, "skygge_v": 0.23, "skygge_h": 0.23, "banktype_v": "åpen/bebygd", "banktype_h": "åpen/bebygd", "side_navn_v": "SV-bredden", "side_navn_h": "NØ-bredden", "island": false, "elv": "Glomma", "H": {"gjedde": 27.0, "abbor": 51.0, "orret": 38.0, "harr": 42.0, "sik": 66.0, "lake": 60.0, "mort": 30.0, "brasme": 63.0, "vederbuk": 37.0, "gjors": 60.0}, "Hs": {"gjedde": [27.0, 27.0], "abbor": [51.0, 43.0], "orret": [38.0, 38.0], "harr": [42.0, 42.0], "sik": [66.0, 59.0], "lake": [60.0, 59.0], "mort": [30.0, 30.0], "brasme": [63.0, 51.0], "vederbuk": [37.0, 37.0], "gjors": [60.0, 54.0]}, "bank": {"v": [60.24399, 11.72424], "h": [60.24439, 11.72453]}}}, {"type": "Feature", "geometry": {"type": "LineString", "coordinates": [[11.72271, 60.24452], [11.72105, 60.24488]]}, "properties": {"i": 15, "km": 1.5, "w": 53.67, "w_v": 26.83, "w_h": 26.83, "h": 11.58, "v": 0.51, "S": 2e-05, "klasse_strom": "moderat", "depth_idx": 0.51, "depth_z_v": 0.54, "depth_z_h": -0.3, "veg_v": 0.0, "veg_h": 0.0, "sand_v": 0.0, "sand_h": 0.0, "os": 0.01, "os_navn": null, "sving": 0.09, "innsnevring": 0.0, "bukt_v": 0.0, "bukt_h": 0.0, "dropoff_v": 0.0, "dropoff_h": 0.24, "bru": 0.14, "dam": 0.0, "skygge_v": 0.23, "skygge_h": 0.24, "banktype_v": "åpen/bebygd", "banktype_h": "åpen/bebygd", "side_navn_v": "SV-bredden", "side_navn_h": "NØ-bredden", "island": false, "elv": "Glomma", "H": {"gjedde": 33.0, "abbor": 57.0, "orret": 46.0, "harr": 48.0, "sik": 74.0, "lake": 78.0, "mort": 35.0, "brasme": 61.0, "vederbuk": 44.0, "gjors": 71.0}, "Hs": {"gjedde": [27.0, 33.0], "abbor": [23.0, 57.0], "orret": [38.0, 46.0], "harr": [41.0, 48.0], "sik": [50.0, 74.0], "lake": [57.0, 78.0], "mort": [31.0, 35.0], "brasme": [23.0, 61.0], "vederbuk": [37.0, 44.0], "gjors": [48.0, 71.0]}, "bank": {"v": [60.24432, 11.72254], "h": [60.24471, 11.72287]}}}, {"type": "Feature", "geometry": {"type": "LineString", "coordinates": [[11.72105, 60.24488], [11.71942, 60.24526]]}, "properties": {"i": 16, "km": 1.6, "w": 53.67, "w_v": 26.83, "w_h": 26.83, "h": 11.58, "v": 0.51, "S": 2e-05, "klasse_strom": "moderat", "depth_idx": 0.33, "depth_z_v": -0.42, "depth_z_h": -1.14, "veg_v": 0.0, "veg_h": 0.0, "sand_v": 0.0, "sand_h": 0.0, "os": 0.0, "os_navn": null, "sving": 0.13, "innsnevring": 0.0, "bukt_v": 0.0, "bukt_h": 0.0, "dropoff_v": 0.0, "dropoff_h": 0.32, "bru": 0.12, "dam": 0.0, "skygge_v": 0.23, "skygge_h": 0.24, "banktype_v": "åpen/bebygd", "banktype_h": "åpen/bebygd", "side_navn_v": "SV-bredden", "side_navn_h": "NØ-bredden", "island": false, "elv": "Glomma", "H": {"gjedde": 34.0, "abbor": 78.0, "orret": 49.0, "harr": 50.0, "sik": 89.0, "lake": 84.0, "mort": 36.0, "brasme": 85.0, "vederbuk": 57.0, "gjors": 87.0}, "Hs": {"gjedde": [27.0, 34.0], "abbor": [46.0, 78.0], "orret": [39.0, 49.0], "harr": [42.0, 50.0], "sik": [60.0, 89.0], "lake": [61.0, 84.0], "mort": [31.0, 36.0], "brasme": [53.0, 85.0], "vederbuk": [37.0, 57.0], "gjors": [56.0, 87.0]}, "bank": {"v": [60.24468, 11.72088], "h": [60.24507, 11.72123]}}}, {"type": "Feature", "geometry": {"type": "LineString", "coordinates": [[11.71942, 60.24526], [11.71785, 60.2457]]}, "properties": {"i": 17, "km": 1.7, "w": 53.67, "w_v": 26.83, "w_h": 26.83, "h": 11.58, "v": 0.51, "S": 2e-05, "klasse_strom": "moderat", "depth_idx": 0.25, "depth_z_v": -1.32, "depth_z_h": -1.44, "veg_v": 0.0, "veg_h": 0.0, "sand_v": 0.0, "sand_h": 0.0, "os": 0.0, "os_navn": null, "sving": 0.13, "innsnevring": 0.0, "bukt_v": 0.0, "bukt_h": 0.0, "dropoff_v": 0.22, "dropoff_h": 0.29, "bru": 0.07, "dam": 0.0, "skygge_v": 0.24, "skygge_h": 0.23, "banktype_v": "åpen/bebygd", "banktype_h": "åpen/bebygd", "side_navn_v": "SV-bredden", "side_navn_h": "NØ-bredden", "island": false, "elv": "Glomma", "H": {"gjedde": 34.0, "abbor": 78.0, "orret": 47.0, "harr": 48.0, "sik": 88.0, "lake": 80.0, "mort": 35.0, "brasme": 87.0, "vederbuk": 73.0, "gjors": 83.0}, "Hs": {"gjedde": [32.0, 34.0], "abbor": [71.0, 78.0], "orret": [45.0, 47.0], "harr": [46.0, 48.0], "sik": [84.0, 88.0], "lake": [75.0, 80.0], "mort": [34.0, 35.0], "brasme": [82.0, 87.0], "vederbuk": [65.0, 73.0], "gjors": [78.0, 83.0]}, "bank": {"v": [60.24507, 11.71922], "h": [60.24545, 11.71962]}}}, {"type": "Feature", "geometry": {"type": "LineString", "coordinates": [[11.71785, 60.2457], [11.7164, 60.24623]]}, "properties": {"i": 18, "km": 1.8, "w": 53.67, "w_v": 26.83, "w_h": 26.83, "h": 11.58, "v": 0.51, "S": 2e-05, "klasse_strom": "moderat", "depth_idx": 0.32, "depth_z_v": -1.26, "depth_z_h": -0.56, "veg_v": 0.0, "veg_h": 0.0, "sand_v": 0.0, "sand_h": 0.0, "os": 0.0, "os_navn": null, "sving": 0.12, "innsnevring": 0.0, "bukt_v": 0.0, "bukt_h": 0.0, "dropoff_v": 0.36, "dropoff_h": 0.0, "bru": 0.03, "dam": 0.0, "skygge_v": 0.23, "skygge_h": 0.23, "banktype_v": "åpen/bebygd", "banktype_h": "åpen/bebygd", "side_navn_v": "SV-bredden", "side_navn_h": "NØ-bredden", "island": false, "elv": "Glomma", "H": {"gjedde": 34.0, "abbor": 79.0, "orret": 48.0, "harr": 49.0, "sik": 90.0, "lake": 83.0, "mort": 35.0, "brasme": 87.0, "vederbuk": 65.0, "gjors": 86.0}, "Hs": {"gjedde": [34.0, 25.0], "abbor": [79.0, 38.0], "orret": [48.0, 33.0], "harr": [49.0, 37.0], "sik": [90.0, 56.0], "lake": [83.0, 50.0], "mort": [35.0, 27.0], "brasme": [87.0, 51.0], "vederbuk": [65.0, 31.0], "gjors": [86.0, 47.0]}, "bank": {"v": [60.24552, 11.71761], "h": [60.24588, 11.71808]}}}, {"type": "Feature", "geometry": {"type": "LineString", "coordinates": [[11.7164, 60.24623], [11.71499, 60.24679]]}, "properties": {"i": 19, "km": 1.9, "w": 53.67, "w_v": 26.83, "w_h": 26.83, "h": 11.58, "v": 0.51, "S": 2e-05, "klasse_strom": "moderat", "depth_idx": 0.4, "depth_z_v": -0.08, "depth_z_h": -1.1, "veg_v": 0.0, "veg_h": 0.0, "sand_v": 0.0, "sand_h": 0.0, "os": 0.0, "os_navn": null, "sving": 0.08, "innsnevring": 0.0, "bukt_v": 0.0, "bukt_h": 0.0, "dropoff_v": 0.0, "dropoff_h": 0.47, "bru": 0.01, "dam": 0.0, "skygge_v": 0.23, "skygge_h": 0.23, "banktype_v": "åpen/bebygd", "banktype_h": "åpen/bebygd", "side_navn_v": "SV-bredden", "side_navn_h": "NØ-bredden", "island": false, "elv": "Glomma", "H": {"gjedde": 36.0, "abbor": 82.0, "orret": 50.0, "harr": 50.0, "sik": 94.0, "lake": 87.0, "mort": 36.0, "brasme": 87.0, "vederbuk": 50.0, "gjors": 91.0}, "Hs": {"gjedde": [22.0, 36.0], "abbor": [24.0, 82.0], "orret": [29.0, 50.0], "harr": [33.0, 50.0], "sik": [44.0, 94.0], "lake": [40.0, 87.0], "mort": [24.0, 36.0], "brasme": [32.0, 87.0], "vederbuk": [27.0, 50.0], "gjors": [35.0, 91.0]}, "bank": {"v": [60.24606, 11.71614], "h": [60.2464, 11.71666]}}}, {"type": "Feature", "geometry": {"type": "LineString", "coordinates": [[11.71499, 60.24679], [11.71357, 60.24735]]}, "properties": {"i": 20, "km": 2.0, "w": 53.67, "w_v": 26.83, "w_h": 26.83, "h": 11.58, "v": 0.51, "S": 2e-05, "klasse_strom": "moderat", "depth_idx": 0.04, "depth_z_v": -1.44, "depth_z_h": -1.84, "veg_v": 0.0, "veg_h": 0.0, "sand_v": 0.0, "sand_h": 0.0, "os": 0.0, "os_navn": null, "sving": 0.02, "innsnevring": 0.0, "bukt_v": 0.0, "bukt_h": 0.0, "dropoff_v": 0.0, "dropoff_h": 0.0, "bru": 0.0, "dam": 0.0, "skygge_v": 0.23, "skygge_h": 0.23, "banktype_v": "åpen/bebygd", "banktype_h": "åpen/bebygd", "side_navn_v": "SV-bredden", "side_navn_h": "NØ-bredden", "island": false, "elv": "Glomma", "H": {"gjedde": 38.0, "abbor": 29.0, "orret": 22.0, "harr": 27.0, "sik": 52.0, "lake": 34.0, "mort": 22.0, "brasme": 57.0, "vederbuk": 39.0, "gjors": 35.0}, "Hs": {"gjedde": [20.0, 38.0], "abbor": [28.0, 29.0], "orret": [22.0, 22.0], "harr": [27.0, 27.0], "sik": [52.0, 52.0], "lake": [34.0, 34.0], "mort": [22.0, 22.0], "brasme": [54.0, 57.0], "vederbuk": [35.0, 39.0], "gjors": [35.0, 35.0]}, "bank": {"v": [60.24662, 11.71472], "h": [60.24696, 11.71526]}}}, {"type": "Feature", "geometry": {"type": "LineString", "coordinates": [[11.71357, 60.24735], [11.71216, 60.24791]]}, "properties": {"i": 21, "km": 2.1, "w": 53.67, "w_v": 26.83, "w_h": 26.83, "h": 11.58, "v": 0.51, "S": 2e-05, "klasse_strom": "moderat", "depth_idx": 0.15, "depth_z_v": -0.79, "depth_z_h": -0.58, "veg_v": 0.0, "veg_h": 0.0, "sand_v": 0.0, "sand_h": 0.0, "os": 0.0, "os_navn": null, "sving": 0.02, "innsnevring": 0.0, "bukt_v": 0.0, "bukt_h": 0.0, "dropoff_v": 0.0, "dropoff_h": 0.0, "bru": 0.0, "dam": 0.0, "skygge_v": 0.23, "skygge_h": 0.23, "banktype_v": "åpen/bebygd", "banktype_h": "åpen/bebygd", "side_navn_v": "SV-bredden", "side_navn_h": "NØ-bredden", "island": false, "elv": "Glomma", "H": {"gjedde": 20.0, "abbor": 25.0, "orret": 22.0, "harr": 27.0, "sik": 50.0, "lake": 34.0, "mort": 22.0, "brasme": 47.0, "vederbuk": 21.0, "gjors": 33.0}, "Hs": {"gjedde": [20.0, 20.0], "abbor": [25.0, 24.0], "orret": [22.0, 22.0], "harr": [27.0, 27.0], "sik": [50.0, 48.0], "lake": [34.0, 34.0], "mort": [22.0, 22.0], "brasme": [47.0, 44.0], "vederbuk": [21.0, 21.0], "gjors": [33.0, 32.0]}, "bank": {"v": [60.24718, 11.71331], "h": [60.24752, 11.71384]}}}, {"type": "Feature", "geometry": {"type": "LineString", "coordinates": [[11.71216, 60.24791], [11.71075, 60.24847]]}, "properties": {"i": 22, "km": 2.2, "w": 53.67, "w_v": 26.83, "w_h": 26.83, "h": 11.58, "v": 0.51, "S": 2e-05, "klasse_strom": "moderat", "depth_idx": 0.37, "depth_z_v": -0.34, "depth_z_h": -0.34, "veg_v": 0.0, "veg_h": 0.0, "sand_v": 0.0, "sand_h": 0.0, "os": 0.0, "os_navn": null, "sving": 0.03, "innsnevring": 0.0, "bukt_v": 0.0, "bukt_h": 0.0, "dropoff_v": 0.0, "dropoff_h": 0.0, "bru": 0.0, "dam": 0.0, "skygge_v": 0.23, "skygge_h": 0.23, "banktype_v": "åpen/bebygd", "banktype_h": "åpen/bebygd", "side_navn_v": "SV-bredden", "side_navn_h": "NØ-bredden", "island": false, "elv": "Glomma", "H": {"gjedde": 20.0, "abbor": 21.0, "orret": 22.0, "harr": 27.0, "sik": 45.0, "lake": 34.0, "mort": 22.0, "brasme": 39.0, "vederbuk": 21.0, "gjors": 30.0}, "Hs": {"gjedde": [20.0, 20.0], "abbor": [21.0, 21.0], "orret": [22.0, 22.0], "harr": [27.0, 27.0], "sik": [45.0, 45.0], "lake": [34.0, 34.0], "mort": [22.0, 22.0], "brasme": [39.0, 39.0], "vederbuk": [21.0, 21.0], "gjors": [30.0, 30.0]}, "bank": {"v": [60.24774, 11.71189], "h": [60.24808, 11.71243]}}}, {"type": "Feature", "geometry": {"type": "LineString", "coordinates": [[11.71075, 60.24847], [11.70939, 60.24906]]}, "properties": {"i": 23, "km": 2.3, "w": 53.67, "w_v": 26.83, "w_h": 26.83, "h": 11.58, "v": 0.51, "S": 2e-05, "klasse_strom": "moderat", "depth_idx": 0.45, "depth_z_v": -0.34, "depth_z_h": -0.42, "veg_v": 0.0, "veg_h": 0.0, "sand_v": 0.0, "sand_h": 0.0, "os": 0.0, "os_navn": null, "sving": 0.03, "innsnevring": 0.0, "bukt_v": 0.0, "bukt_h": 0.0, "dropoff_v": 0.09, "dropoff_h": 0.15, "bru": 0.0, "dam": 0.0, "skygge_v": 0.23, "skygge_h": 0.23, "banktype_v": "åpen/bebygd", "banktype_h": "åpen/bebygd", "side_navn_v": "SV-bredden", "side_navn_h": "NØ-bredden", "island": false, "elv": "Glomma", "H": {"gjedde": 28.0, "abbor": 46.0, "orret": 35.0, "harr": 37.0, "sik": 66.0, "lake": 62.0, "mort": 28.0, "brasme": 56.0, "vederbuk": 32.0, "gjors": 57.0}, "Hs": {"gjedde": [26.0, 28.0], "abbor": [38.0, 46.0], "orret": [32.0, 35.0], "harr": [34.0, 37.0], "sik": [60.0, 66.0], "lake": [54.0, 62.0], "mort": [26.0, 28.0], "brasme": [49.0, 56.0], "vederbuk": [29.0, 32.0], "gjors": [50.0, 57.0]}, "bank": {"v": [60.2483, 11.71047], "h": [60.24863, 11.71102]}}}, {"type": "Feature", "geometry": {"type": "LineString", "coordinates": [[11.70939, 60.24906], [11.70804, 60.24965]]}, "properties": {"i": 24, "km": 2.4, "w": 53.67, "w_v": 26.83, "w_h": 26.83, "h": 11.58, "v": 0.51, "S": 2e-05, "klasse_strom": "moderat", "depth_idx": 0.38, "depth_z_v": -0.95, "depth_z_h": 0.45, "veg_v": 0.0, "veg_h": 0.0, "sand_v": 0.0, "sand_h": 0.0, "os": 0.0, "os_navn": null, "sving": 0.0, "innsnevring": 0.0, "bukt_v": 0.0, "bukt_h": 0.0, "dropoff_v": 0.32, "dropoff_h": 0.0, "bru": 0.0, "dam": 0.0, "skygge_v": 0.23, "skygge_h": 0.23, "banktype_v": "åpen/bebygd", "banktype_h": "åpen/bebygd", "side_navn_v": "SV-bredden", "side_navn_h": "NØ-bredden", "island": false, "elv": "Glomma", "H": {"gjedde": 32.0, "abbor": 68.0, "orret": 43.0, "harr": 43.0, "sik": 85.0, "lake": 77.0, "mort": 32.0, "brasme": 77.0, "vederbuk": 39.0, "gjors": 79.0}, "Hs": {"gjedde": [32.0, 20.0], "abbor": [68.0, 11.0], "orret": [43.0, 22.0], "harr": [43.0, 27.0], "sik": [85.0, 38.0], "lake": [77.0, 32.0], "mort": [32.0, 22.0], "brasme": [77.0, 18.0], "vederbuk": [39.0, 21.0], "gjors": [79.0, 26.0]}, "bank": {"v": [60.2489, 11.7091], "h": [60.24922, 11.70967]}}}, {"type": "Feature", "geometry": {"type": "LineString", "coordinates": [[11.70804, 60.24965], [11.70669, 60.25025]]}, "properties": {"i": 25, "km": 2.5, "w": 53.67, "w_v": 26.83, "w_h": 26.83, "h": 11.58, "v": 0.51, "S": 2e-05, "klasse_strom": "moderat", "depth_idx": 0.54, "depth_z_v": -0.14, "depth_z_h": -0.33, "veg_v": 0.0, "veg_h": 0.0, "sand_v": 0.0, "sand_h": 0.0, "os": 0.0, "os_navn": null, "sving": 0.04, "innsnevring": 0.0, "bukt_v": 0.0, "bukt_h": 0.0, "dropoff_v": 0.21, "dropoff_h": 0.33, "bru": 0.0, "dam": 0.0, "skygge_v": 0.23, "skygge_h": 0.23, "banktype_v": "åpen/bebygd", "banktype_h": "åpen/bebygd", "side_navn_v": "SV-bredden", "side_navn_h": "NØ-bredden", "island": false, "elv": "Glomma", "H": {"gjedde": 33.0, "abbor": 57.0, "orret": 44.0, "harr": 45.0, "sik": 76.0, "lake": 77.0, "mort": 33.0, "brasme": 62.0, "vederbuk": 41.0, "gjors": 71.0}, "Hs": {"gjedde": [30.0, 33.0], "abbor": [43.0, 57.0], "orret": [39.0, 44.0], "harr": [41.0, 45.0], "sik": [65.0, 76.0], "lake": [66.0, 77.0], "mort": [30.0, 33.0], "brasme": [48.0, 62.0], "vederbuk": [36.0, 41.0], "gjors": [58.0, 71.0]}, "bank": {"v": [60.24949, 11.70775], "h": [60.24981, 11.70832]}}}, {"type": "Feature", "geometry": {"type": "LineString", "coordinates": [[11.70669, 60.25025], [11.70527, 60.2508]]}, "properties": {"i": 26, "km": 2.6, "w": 53.67, "w_v": 26.83, "w_h": 26.83, "h": 11.58, "v": 0.51, "S": 2e-05, "klasse_strom": "moderat", "depth_idx": 0.58, "depth_z_v": -0.04, "depth_z_h": 0.27, "veg_v": 0.0, "veg_h": 0.0, "sand_v": 0.0, "sand_h": 0.0, "os": 0.0, "os_navn": null, "sving": 0.02, "innsnevring": 0.0, "bukt_v": 0.0, "bukt_h": 0.0, "dropoff_v": 0.23, "dropoff_h": 0.02, "bru": 0.0, "dam": 0.0, "skygge_v": 0.23, "skygge_h": 0.23, "banktype_v": "åpen/bebygd", "banktype_h": "åpen/bebygd", "side_navn_v": "SV-bredden", "side_navn_h": "NØ-bredden", "island": false, "elv": "Glomma", "H": {"gjedde": 31.0, "abbor": 39.0, "orret": 39.0, "harr": 41.0, "sik": 64.0, "lake": 66.0, "mort": 31.0, "brasme": 42.0, "vederbuk": 36.0, "gjors": 58.0}, "Hs": {"gjedde": [31.0, 21.0], "abbor": [39.0, 13.0], "orret": [39.0, 24.0], "harr": [41.0, 27.0], "sik": [64.0, 40.0], "lake": [66.0, 35.0], "mort": [31.0, 22.0], "brasme": [42.0, 18.0], "vederbuk": [36.0, 22.0], "gjors": [58.0, 29.0]}, "bank": {"v": [60.25009, 11.70641], "h": [60.25041, 11.70696]}}}, {"type": "Feature", "geometry": {"type": "LineString", "coordinates": [[11.70527, 60.2508], [11.70382, 60.25134]]}, "properties": {"i": 27, "km": 2.7, "w": 53.67, "w_v": 26.83, "w_h": 26.83, "h": 11.58, "v": 0.51, "S": 2e-05, "klasse_strom": "moderat", "depth_idx": 0.39, "depth_z_v": -1.12, "depth_z_h": -0.32, "veg_v": 0.0, "veg_h": 0.0, "sand_v": 0.0, "sand_h": 0.0, "os": 0.0, "os_navn": null, "sving": 0.0, "innsnevring": 0.0, "bukt_v": 0.0, "bukt_h": 0.0, "dropoff_v": 0.46, "dropoff_h": 0.0, "bru": 0.0, "dam": 0.0, "skygge_v": 0.23, "skygge_h": 0.23, "banktype_v": "åpen/bebygd", "banktype_h": "åpen/bebygd", "side_navn_v": "SV-bredden", "side_navn_h": "NØ-bredden", "island": false, "elv": "Glomma", "H": {"gjedde": 35.0, "abbor": 80.0, "orret": 48.0, "harr": 47.0, "sik": 93.0, "lake": 85.0, "mort": 35.0, "brasme": 86.0, "vederbuk": 51.0, "gjors": 89.0}, "Hs": {"gjedde": [35.0, 20.0], "abbor": [80.0, 21.0], "orret": [48.0, 22.0], "harr": [47.0, 27.0], "sik": [93.0, 45.0], "lake": [85.0, 34.0], "mort": [35.0, 22.0], "brasme": [86.0, 39.0], "vederbuk": [51.0, 21.0], "gjors": [89.0, 30.0]}, "bank": {"v": [60.25063, 11.70501], "h": [60.25097, 11.70553]}}}, {"type": "Feature", "geometry": {"type": "LineString", "coordinates": [[11.70382, 60.25134], [11.70241, 60.2519]]}, "properties": {"i": 28, "km": 2.8, "w": 53.67, "w_v": 26.83, "w_h": 26.83, "h": 11.58, "v": 0.51, "S": 2e-05, "klasse_strom": "moderat", "depth_idx": 0.46, "depth_z_v": -0.28, "depth_z_h": -0.16, "veg_v": 0.0, "veg_h": 0.0, "sand_v": 0.0, "sand_h": 0.0, "os": 0.0, "os_navn": null, "sving": 0.05, "innsnevring": 0.0, "bukt_v": 0.0, "bukt_h": 0.0, "dropoff_v": 0.08, "dropoff_h": 0.0, "bru": 0.0, "dam": 0.0, "skygge_v": 0.23, "skygge_h": 0.23, "banktype_v": "åpen/bebygd", "banktype_h": "åpen/bebygd", "side_navn_v": "SV-bredden", "side_navn_h": "NØ-bredden", "island": false, "elv": "Glomma", "H": {"gjedde": 26.0, "abbor": 37.0, "orret": 32.0, "harr": 35.0, "sik": 59.0, "lake": 54.0, "mort": 27.0, "brasme": 47.0, "vederbuk": 30.0, "gjors": 49.0}, "Hs": {"gjedde": [26.0, 20.0], "abbor": [37.0, 21.0], "orret": [32.0, 25.0], "harr": [35.0, 29.0], "sik": [59.0, 43.0], "lake": [54.0, 35.0], "mort": [27.0, 22.0], "brasme": [47.0, 34.0], "vederbuk": [30.0, 23.0], "gjors": [49.0, 30.0]}, "bank": {"v": [60.25117, 11.70355], "h": [60.25151, 11.70408]}}}, {"type": "Feature", "geometry": {"type": "LineString", "coordinates": [[11.70241, 60.2519], [11.70105, 60.25249]]}, "properties": {"i": 29, "km": 2.9, "w": 53.67, "w_v": 26.83, "w_h": 26.83, "h": 11.58, "v": 0.51, "S": 2e-05, "klasse_strom": "moderat", "depth_idx": 0.29, "depth_z_v": -0.86, "depth_z_h": -0.76, "veg_v": 0.0, "veg_h": 0.0, "sand_v": 0.0, "sand_h": 0.0, "os": 0.0, "os_navn": null, "sving": 0.09, "innsnevring": 0.0, "bukt_v": 0.0, "bukt_h": 0.0, "dropoff_v": 0.01, "dropoff_h": 0.0, "bru": 0.0, "dam": 0.0, "skygge_v": 0.23, "skygge_h": 0.23, "banktype_v": "åpen/bebygd", "banktype_h": "åpen/bebygd", "side_navn_v": "SV-bredden", "side_navn_h": "NØ-bredden", "island": false, "elv": "Glomma", "H": {"gjedde": 23.0, "abbor": 35.0, "orret": 30.0, "harr": 33.0, "sik": 55.0, "lake": 43.0, "mort": 24.0, "brasme": 52.0, "vederbuk": 27.0, "gjors": 42.0}, "Hs": {"gjedde": [23.0, 22.0], "abbor": [35.0, 33.0], "orret": [30.0, 29.0], "harr": [33.0, 33.0], "sik": [55.0, 52.0], "lake": [43.0, 41.0], "mort": [24.0, 24.0], "brasme": [52.0, 49.0], "vederbuk": [27.0, 26.0], "gjors": [42.0, 39.0]}, "bank": {"v": [60.25174, 11.70213], "h": [60.25206, 11.70269]}}}, {"type": "Feature", "geometry": {"type": "LineString", "coordinates": [[11.70105, 60.25249], [11.69975, 60.25311]]}, "properties": {"i": 30, "km": 3.0, "w": 53.67, "w_v": 26.83, "w_h": 26.83, "h": 11.58, "v": 0.51, "S": 2e-05, "klasse_strom": "moderat", "depth_idx": 0.6, "depth_z_v": -0.22, "depth_z_h": 0.41, "veg_v": 0.0, "veg_h": 0.0, "sand_v": 0.0, "sand_h": 0.0, "os": 0.0, "os_navn": null, "sving": 0.16, "innsnevring": 0.0, "bukt_v": 0.0, "bukt_h": 0.0, "dropoff_v": 0.42, "dropoff_h": 0.0, "bru": 0.0, "dam": 0.0, "skygge_v": 0.23, "skygge_h": 0.23, "banktype_v": "åpen/bebygd", "banktype_h": "åpen/bebygd", "side_navn_v": "SV-bredden", "side_navn_h": "NØ-bredden", "island": false, "elv": "Glomma", "H": {"gjedde": 35.0, "abbor": 60.0, "orret": 50.0, "harr": 50.0, "sik": 78.0, "lake": 83.0, "mort": 36.0, "brasme": 61.0, "vederbuk": 46.0, "gjors": 75.0}, "Hs": {"gjedde": [35.0, 25.0], "abbor": [60.0, 18.0], "orret": [50.0, 35.0], "harr": [50.0, 38.0], "sik": [78.0, 46.0], "lake": [83.0, 46.0], "mort": [36.0, 27.0], "brasme": [61.0, 21.0], "vederbuk": [46.0, 32.0], "gjors": [75.0, 37.0]}, "bank": {"v": [60.25233, 11.70076], "h": [60.25265, 11.70134]}}}, {"type": "Feature", "geometry": {"type": "LineString", "coordinates": [[11.69975, 60.25311], [11.6985, 60.25376]]}, "properties": {"i": 31, "km": 3.1, "w": 53.67, "w_v": 26.83, "w_h": 26.83, "h": 11.58, "v": 0.51, "S": 2e-05, "klasse_strom": "moderat", "depth_idx": 0.41, "depth_z_v": -1.04, "depth_z_h": 0.0, "veg_v": 0.0, "veg_h": 0.0, "sand_v": 0.0, "sand_h": 0.0, "os": 0.0, "os_navn": null, "sving": 0.06, "innsnevring": 0.0, "bukt_v": 0.0, "bukt_h": 0.0, "dropoff_v": 0.44, "dropoff_h": 0.0, "bru": 0.0, "dam": 0.0, "skygge_v": 0.23, "skygge_h": 0.23, "banktype_v": "åpen/bebygd", "banktype_h": "åpen/bebygd", "side_navn_v": "SV-bredden", "side_navn_h": "NØ-bredden", "island": false, "elv": "Glomma", "H": {"gjedde": 35.0, "abbor": 78.0, "orret": 48.0, "harr": 48.0, "sik": 92.0, "lake": 85.0, "mort": 35.0, "brasme": 85.0, "vederbuk": 44.0, "gjors": 88.0}, "Hs": {"gjedde": [35.0, 21.0], "abbor": [78.0, 17.0], "orret": [48.0, 26.0], "harr": [48.0, 30.0], "sik": [92.0, 40.0], "lake": [85.0, 34.0], "mort": [35.0, 22.0], "brasme": [85.0, 26.0], "vederbuk": [44.0, 23.0], "gjors": [88.0, 28.0]}, "bank": {"v": [60.25296, 11.69944], "h": [60.25326, 11.70005]}}}, {"type": "Feature", "geometry": {"type": "LineString", "coordinates": [[11.6985, 60.25376], [11.69753, 60.25451]]}, "properties": {"i": 32, "km": 3.2, "w": 53.67, "w_v": 26.83, "w_h": 26.83, "h": 11.58, "v": 0.51, "S": 2e-05, "klasse_strom": "moderat", "depth_idx": 0.18, "depth_z_v": -1.22, "depth_z_h": -0.99, "veg_v": 0.0, "veg_h": 0.0, "sand_v": 0.0, "sand_h": 0.0, "os": 0.0, "os_navn": null, "sving": 0.02, "innsnevring": 0.0, "bukt_v": 0.0, "bukt_h": 0.0, "dropoff_v": 0.0, "dropoff_h": 0.0, "bru": 0.0, "dam": 0.0, "skygge_v": 0.23, "skygge_h": 0.23, "banktype_v": "åpen/bebygd", "banktype_h": "åpen/bebygd", "side_navn_v": "SV-bredden", "side_navn_h": "NØ-bredden", "island": false, "elv": "Glomma", "H": {"gjedde": 20.0, "abbor": 27.0, "orret": 22.0, "harr": 27.0, "sik": 52.0, "lake": 34.0, "mort": 22.0, "brasme": 52.0, "vederbuk": 29.0, "gjors": 35.0}, "Hs": {"gjedde": [20.0, 20.0], "abbor": [27.0, 26.0], "orret": [22.0, 22.0], "harr": [27.0, 27.0], "sik": [52.0, 51.0], "lake": [34.0, 34.0], "mort": [22.0, 22.0], "brasme": [52.0, 50.0], "vederbuk": [29.0, 21.0], "gjors": [35.0, 34.0]}, "bank": {"v": [60.25363, 11.69816], "h": [60.25389, 11.69884]}}}, {"type": "Feature", "geometry": {"type": "LineString", "coordinates": [[11.69753, 60.25451], [11.69633, 60.25517]]}, "properties": {"i": 33, "km": 3.3, "w": 53.67, "w_v": 26.83, "w_h": 26.83, "h": 11.58, "v": 0.51, "S": 2e-05, "klasse_strom": "moderat", "depth_idx": 0.68, "depth_z_v": 0.03, "depth_z_h": 0.8, "veg_v": 0.0, "veg_h": 0.0, "sand_v": 0.0, "sand_h": 0.0, "os": 0.0, "os_navn": null, "sving": 0.07, "innsnevring": 0.0, "bukt_v": 0.0, "bukt_h": 0.0, "dropoff_v": 0.47, "dropoff_h": 0.0, "bru": 0.0, "dam": 0.0, "skygge_v": 0.23, "skygge_h": 0.23, "banktype_v": "åpen/bebygd", "banktype_h": "åpen/bebygd", "side_navn_v": "SV-bredden", "side_navn_h": "NØ-bredden", "island": false, "elv": "Glomma", "H": {"gjedde": 35.0, "abbor": 42.0, "orret": 49.0, "harr": 49.0, "sik": 72.0, "lake": 81.0, "mort": 35.0, "brasme": 40.0, "vederbuk": 45.0, "gjors": 69.0}, "Hs": {"gjedde": [35.0, 21.0], "abbor": [42.0, 13.0], "orret": [49.0, 27.0], "harr": [49.0, 31.0], "sik": [72.0, 38.0], "lake": [81.0, 35.0], "mort": [35.0, 22.0], "brasme": [40.0, 18.0], "vederbuk": [45.0, 24.0], "gjors": [69.0, 28.0]}, "bank": {"v": [60.25438, 11.69719], "h": [60.25464, 11.69787]}}}, {"type": "Feature", "geometry": {"type": "LineString", "coordinates": [[11.69633, 60.25517], [11.69497, 60.25577]]}, "properties": {"i": 34, "km": 3.4, "w": 53.67, "w_v": 26.83, "w_h": 26.83, "h": 11.58, "v": 0.51, "S": 2e-05, "klasse_strom": "moderat", "depth_idx": 0.45, "depth_z_v": 0.0, "depth_z_h": -0.67, "veg_v": 0.0, "veg_h": 0.0, "sand_v": 0.0, "sand_h": 0.0, "os": 0.0, "os_navn": null, "sving": 0.2, "innsnevring": 0.0, "bukt_v": 0.0, "bukt_h": 0.0, "dropoff_v": 0.0, "dropoff_h": 0.3, "bru": 0.0, "dam": 0.0, "skygge_v": 0.23, "skygge_h": 0.23, "banktype_v": "åpen/bebygd", "banktype_h": "åpen/bebygd", "side_navn_v": "SV-bredden", "side_navn_h": "NØ-bredden", "island": false, "elv": "Glomma", "H": {"gjedde": 34.0, "abbor": 67.0, "orret": 47.0, "harr": 49.0, "sik": 83.0, "lake": 80.0, "mort": 34.0, "brasme": 74.0, "vederbuk": 44.0, "gjors": 77.0}, "Hs": {"gjedde": [26.0, 34.0], "abbor": [26.0, 67.0], "orret": [37.0, 47.0], "harr": [40.0, 49.0], "sik": [50.0, 83.0], "lake": [49.0, 80.0], "mort": [28.0, 34.0], "brasme": [32.0, 74.0], "vederbuk": [34.0, 44.0], "gjors": [41.0, 77.0]}, "bank": {"v": [60.25502, 11.69602], "h": [60.25533, 11.69663]}}}, {"type": "Feature", "geometry": {"type": "LineString", "coordinates": [[11.69497, 60.25577], [11.69357, 60.25633]]}, "properties": {"i": 35, "km": 3.5, "w": 53.67, "w_v": 26.83, "w_h": 26.83, "h": 11.58, "v": 0.51, "S": 2e-05, "klasse_strom": "moderat", "depth_idx": 0.56, "depth_z_v": -0.46, "depth_z_h": 0.0, "veg_v": 0.0, "veg_h": 0.0, "sand_v": 0.0, "sand_h": 0.0, "os": 0.0, "os_navn": null, "sving": 0.15, "innsnevring": 0.0, "bukt_v": 0.0, "bukt_h": 0.0, "dropoff_v": 0.45, "dropoff_h": 0.15, "bru": 0.0, "dam": 0.0, "skygge_v": 0.23, "skygge_h": 0.23, "banktype_v": "åpen/bebygd", "banktype_h": "åpen/bebygd", "side_navn_v": "SV-bredden", "side_navn_h": "NØ-bredden", "island": false, "elv": "Glomma", "H": {"gjedde": 36.0, "abbor": 69.0, "orret": 50.0, "harr": 51.0, "sik": 84.0, "lake": 87.0, "mort": 36.0, "brasme": 72.0, "vederbuk": 46.0, "gjors": 81.0}, "Hs": {"gjedde": [36.0, 30.0], "abbor": [69.0, 34.0], "orret": [50.0, 41.0], "harr": [51.0, 43.0], "sik": [84.0, 61.0], "lake": [87.0, 63.0], "mort": [36.0, 31.0], "brasme": [72.0, 37.0], "vederbuk": [46.0, 38.0], "gjors": [81.0, 54.0]}, "bank": {"v": [60.2556, 11.6947], "h": [60.25593, 11.69525]}}}, {"type": "Feature", "geometry": {"type": "LineString", "coordinates": [[11.69357, 60.25633], [11.69208, 60.25684]]}, "properties": {"i": 36, "km": 3.6, "w": 53.67, "w_v": 26.83, "w_h": 26.83, "h": 11.58, "v": 0.51, "S": 2e-05, "klasse_strom": "moderat", "depth_idx": 0.32, "depth_z_v": -0.69, "depth_z_h": -0.74, "veg_v": 0.0, "veg_h": 0.0, "sand_v": 0.0, "sand_h": 0.0, "os": 0.0, "os_navn": null, "sving": 0.15, "innsnevring": 0.0, "bukt_v": 0.0, "bukt_h": 0.0, "dropoff_v": 0.0, "dropoff_h": 0.0, "bru": 0.0, "dam": 0.0, "skygge_v": 0.23, "skygge_h": 0.23, "banktype_v": "åpen/bebygd", "banktype_h": "åpen/bebygd", "side_navn_v": "SV-bredden", "side_navn_h": "NØ-bredden", "island": false, "elv": "Glomma", "H": {"gjedde": 25.0, "abbor": 40.0, "orret": 35.0, "harr": 38.0, "sik": 59.0, "lake": 49.0, "mort": 27.0, "brasme": 56.0, "vederbuk": 32.0, "gjors": 47.0}, "Hs": {"gjedde": [25.0, 25.0], "abbor": [39.0, 40.0], "orret": [34.0, 35.0], "harr": [38.0, 38.0], "sik": [58.0, 59.0], "lake": [49.0, 49.0], "mort": [26.0, 27.0], "brasme": [54.0, 56.0], "vederbuk": [31.0, 32.0], "gjors": [46.0, 47.0]}, "bank": {"v": [60.25616, 11.69331], "h": [60.2565, 11.69382]}}}, {"type": "Feature", "geometry": {"type": "LineString", "coordinates": [[11.69208, 60.25684], [11.69053, 60.2573]]}, "properties": {"i": 37, "km": 3.7, "w": 53.67, "w_v": 26.83, "w_h": 26.83, "h": 7.05, "v": 0.85, "S": 9e-05, "klasse_strom": "stryk", "depth_idx": 0.44, "depth_z_v": -0.37, "depth_z_h": -0.21, "veg_v": 0.0, "veg_h": 0.0, "sand_v": 0.0, "sand_h": 0.0, "os": 0.0, "os_navn": null, "sving": 0.19, "innsnevring": 0.0, "bukt_v": 0.0, "bukt_h": 0.0, "dropoff_v": 0.09, "dropoff_h": 0.0, "bru": 0.0, "dam": 0.0, "skygge_v": 0.23, "skygge_h": 0.23, "banktype_v": "åpen/bebygd", "banktype_h": "åpen/bebygd", "side_navn_v": "SV-bredden", "side_navn_h": "NØ-bredden", "island": false, "elv": "Glomma", "H": {"gjedde": 33.0, "abbor": 45.0, "orret": 39.0, "harr": 40.0, "sik": 40.0, "lake": 51.0, "mort": 18.0, "brasme": 35.0, "vederbuk": 45.0, "gjors": 43.0}, "Hs": {"gjedde": [33.0, 26.0], "abbor": [45.0, 36.0], "orret": [39.0, 36.0], "harr": [40.0, 37.0], "sik": [40.0, 35.0], "lake": [51.0, 42.0], "mort": [18.0, 16.0], "brasme": [35.0, 31.0], "vederbuk": [45.0, 39.0], "gjors": [43.0, 35.0]}, "bank": {"v": [60.25666, 11.69185], "h": [60.25702, 11.69232]}}}, {"type": "Feature", "geometry": {"type": "LineString", "coordinates": [[11.69053, 60.2573], [11.68888, 60.25766]]}, "properties": {"i": 38, "km": 3.8, "w": 53.67, "w_v": 26.83, "w_h": 26.83, "h": 6.34, "v": 0.94, "S": 0.00012, "klasse_strom": "stryk", "depth_idx": 0.15, "depth_z_v": -1.28, "depth_z_h": -1.54, "veg_v": 0.0, "veg_h": 0.0, "sand_v": 0.0, "sand_h": 0.0, "os": 0.01, "os_navn": null, "sving": 0.25, "innsnevring": 0.0, "bukt_v": 0.0, "bukt_h": 0.0, "dropoff_v": 0.0, "dropoff_h": 0.09, "bru": 0.0, "dam": 0.0, "skygge_v": 0.23, "skygge_h": 0.23, "banktype_v": "åpen/bebygd", "banktype_h": "åpen/bebygd", "side_navn_v": "SV-bredden", "side_navn_h": "NØ-bredden", "island": false, "elv": "Glomma", "H": {"gjedde": 49.0, "abbor": 48.0, "orret": 72.0, "harr": 80.0, "sik": 41.0, "lake": 53.0, "mort": 46.0, "brasme": 37.0, "vederbuk": 56.0, "gjors": 45.0}, "Hs": {"gjedde": [44.0, 49.0], "abbor": [41.0, 48.0], "orret": [65.0, 72.0], "harr": [71.0, 80.0], "sik": [36.0, 41.0], "lake": [45.0, 53.0], "mort": [41.0, 46.0], "brasme": [33.0, 37.0], "vederbuk": [52.0, 56.0], "gjors": [38.0, 45.0]}, "bank": {"v": [60.25711, 11.69033], "h": [60.25749, 11.69073]}}}, {"type": "Feature", "geometry": {"type": "LineString", "coordinates": [[11.68888, 60.25766], [11.68715, 60.25792]]}, "properties": {"i": 39, "km": 3.9, "w": 53.67, "w_v": 26.83, "w_h": 26.83, "h": 5.9, "v": 1.01, "S": 0.00015, "klasse_strom": "stryk", "depth_idx": 0.53, "depth_z_v": -0.43, "depth_z_h": 0.26, "veg_v": 0.0, "veg_h": 0.0, "sand_v": 0.0, "sand_h": 0.0, "os": 0.02, "os_navn": null, "sving": 0.27, "innsnevring": 0.0, "bukt_v": 0.0, "bukt_h": 0.0, "dropoff_v": 0.38, "dropoff_h": 0.0, "bru": 0.0, "dam": 0.0, "skygge_v": 0.23, "skygge_h": 0.23, "banktype_v": "åpen/bebygd", "banktype_h": "åpen/bebygd", "side_navn_v": "SV-bredden", "side_navn_h": "NØ-bredden", "island": false, "elv": "Glomma", "H": {"gjedde": 50.0, "abbor": 64.0, "orret": 75.0, "harr": 48.0, "sik": 49.0, "lake": 69.0, "mort": 42.0, "brasme": 43.0, "vederbuk": 63.0, "gjors": 58.0}, "Hs": {"gjedde": [50.0, 29.0], "abbor": [64.0, 42.0], "orret": [75.0, 40.0], "harr": [48.0, 41.0], "sik": [49.0, 38.0], "lake": [69.0, 47.0], "mort": [42.0, 18.0], "brasme": [43.0, 33.0], "vederbuk": [63.0, 45.0], "gjors": [58.0, 39.0]}, "bank": {"v": [60.25746, 11.68873], "h": [60.25786, 11.68903]}}}, {"type": "Feature", "geometry": {"type": "LineString", "coordinates": [[11.68715, 60.25792], [11.68536, 60.25802]]}, "properties": {"i": 40, "km": 4.0, "w": 53.67, "w_v": 26.83, "w_h": 26.83, "h": 5.9, "v": 1.01, "S": 0.00015, "klasse_strom": "stryk", "depth_idx": 0.28, "depth_z_v": -0.88, "depth_z_h": -0.91, "veg_v": 0.0, "veg_h": 0.0, "sand_v": 0.0, "sand_h": 0.0, "os": 0.04, "os_navn": null, "sving": 0.37, "innsnevring": 0.0, "bukt_v": 0.0, "bukt_h": 0.0, "dropoff_v": 0.0, "dropoff_h": 0.02, "bru": 0.01, "dam": 0.0, "skygge_v": 0.23, "skygge_h": 0.23, "banktype_v": "åpen/bebygd", "banktype_h": "åpen/bebygd", "side_navn_v": "S-bredden", "side_navn_h": "N-bredden", "island": false, "elv": "Glomma", "H": {"gjedde": 48.0, "abbor": 49.0, "orret": 74.0, "harr": 76.0, "sik": 41.0, "lake": 54.0, "mort": 44.0, "brasme": 37.0, "vederbuk": 59.0, "gjors": 45.0}, "Hs": {"gjedde": [47.0, 48.0], "abbor": [48.0, 49.0], "orret": [73.0, 74.0], "harr": [75.0, 76.0], "sik": [40.0, 41.0], "lake": [53.0, 54.0], "mort": [43.0, 44.0], "brasme": [37.0, 37.0], "vederbuk": [59.0, 59.0], "gjors": [44.0, 45.0]}, "bank": {"v": [60.25771, 11.68706], "h": [60.25813, 11.68723]}}}, {"type": "Feature", "geometry": {"type": "LineString", "coordinates": [[11.68536, 60.25802], [11.68356, 60.258]]}, "properties": {"i": 41, "km": 4.1, "w": 53.67, "w_v": 26.83, "w_h": 26.83, "h": 5.9, "v": 1.01, "S": 0.00015, "klasse_strom": "stryk", "depth_idx": 0.19, "depth_z_v": -1.37, "depth_z_h": -0.74, "veg_v": 0.0, "veg_h": 0.0, "sand_v": 0.0, "sand_h": 0.0, "os": 0.07, "os_navn": null, "sving": 0.48, "innsnevring": 0.0, "bukt_v": 0.0, "bukt_h": 0.0, "dropoff_v": 0.08, "dropoff_h": 0.0, "bru": 0.02, "dam": 0.0, "skygge_v": 0.23, "skygge_h": 0.23, "banktype_v": "åpen/bebygd", "banktype_h": "åpen/bebygd", "side_navn_v": "S-bredden", "side_navn_h": "N-bredden", "island": false, "elv": "Glomma", "H": {"gjedde": 55.0, "abbor": 57.0, "orret": 87.0, "harr": 95.0, "sik": 45.0, "lake": 62.0, "mort": 52.0, "brasme": 41.0, "vederbuk": 68.0, "gjors": 52.0}, "Hs": {"gjedde": [55.0, 49.0], "abbor": [57.0, 53.0], "orret": [87.0, 78.0], "harr": [95.0, 74.0], "sik": [45.0, 43.0], "lake": [62.0, 58.0], "mort": [52.0, 45.0], "brasme": [41.0, 39.0], "vederbuk": [68.0, 64.0], "gjors": [52.0, 48.0]}, "bank": {"v": [60.2578, 11.68534], "h": [60.25823, 11.68538]}}}, {"type": "Feature", "geometry": {"type": "LineString", "coordinates": [[11.68356, 60.258], [11.68186, 60.25773]]}, "properties": {"i": 42, "km": 4.2, "w": 53.67, "w_v": 26.83, "w_h": 26.83, "h": 5.8, "v": 1.03, "S": 0.00016, "klasse_strom": "stryk", "depth_idx": 0.23, "depth_z_v": -0.55, "depth_z_h": -1.18, "veg_v": 0.0, "veg_h": 0.0, "sand_v": 0.0, "sand_h": 0.0, "os": 0.14, "os_navn": null, "sving": 0.48, "innsnevring": 0.0, "bukt_v": 0.0, "bukt_h": 0.0, "dropoff_v": 0.0, "dropoff_h": 0.08, "bru": 0.04, "dam": 0.0, "skygge_v": 0.23, "skygge_h": 0.23, "banktype_v": "åpen/bebygd", "banktype_h": "åpen/bebygd", "side_navn_v": "S-bredden", "side_navn_h": "N-bredden", "island": false, "elv": "Glomma", "H": {"gjedde": 56.0, "abbor": 59.0, "orret": 89.0, "harr": 95.0, "sik": 47.0, "lake": 64.0, "mort": 53.0, "brasme": 42.0, "vederbuk": 70.0, "gjors": 54.0}, "Hs": {"gjedde": [50.0, 56.0], "abbor": [56.0, 59.0], "orret": [80.0, 89.0], "harr": [67.0, 95.0], "sik": [45.0, 47.0], "lake": [61.0, 64.0], "mort": [45.0, 53.0], "brasme": [40.0, 42.0], "vederbuk": [66.0, 70.0], "gjors": [51.0, 54.0]}, "bank": {"v": [60.25779, 11.68363], "h": [60.25822, 11.68349]}}}, {"type": "Feature", "geometry": {"type": "LineString", "coordinates": [[11.68186, 60.25773], [11.68046, 60.25718]]}, "properties": {"i": 43, "km": 4.3, "w": 53.67, "w_v": 26.83, "w_h": 26.83, "h": 5.8, "v": 1.03, "S": 0.00016, "klasse_strom": "stryk", "depth_idx": 0.18, "depth_z_v": -0.83, "depth_z_h": -1.2, "veg_v": 0.0, "veg_h": 0.0, "sand_v": 0.0, "sand_h": 0.0, "os": 0.26, "os_navn": "Oppstadåa", "sving": 0.55, "innsnevring": 0.0, "bukt_v": 0.0, "bukt_h": 0.0, "dropoff_v": 0.0, "dropoff_h": 0.0, "bru": 0.1, "dam": 0.0, "skygge_v": 0.23, "skygge_h": 0.23, "banktype_v": "åpen/bebygd", "banktype_h": "åpen/bebygd", "side_navn_v": "SØ-bredden", "side_navn_h": "NV-bredden", "island": false, "elv": "Glomma", "H": {"gjedde": 58.0, "abbor": 62.0, "orret": 94.0, "harr": 100.0, "sik": 48.0, "lake": 67.0, "mort": 55.0, "brasme": 43.0, "vederbuk": 75.0, "gjors": 56.0}, "Hs": {"gjedde": [56.0, 58.0], "abbor": [62.0, 62.0], "orret": [91.0, 94.0], "harr": [90.0, 100.0], "sik": [48.0, 48.0], "lake": [67.0, 67.0], "mort": [52.0, 55.0], "brasme": [43.0, 43.0], "vederbuk": [74.0, 75.0], "gjors": [56.0, 56.0]}, "bank": {"v": [60.25754, 11.68206], "h": [60.25792, 11.68166]}}}, {"type": "Feature", "geometry": {"type": "LineString", "coordinates": [[11.68046, 60.25718], [11.67928, 60.2565]]}, "properties": {"i": 44, "km": 4.4, "w": 53.67, "w_v": 26.83, "w_h": 26.83, "h": 5.8, "v": 1.03, "S": 0.00016, "klasse_strom": "stryk", "depth_idx": 0.52, "depth_z_v": 0.49, "depth_z_h": 0.38, "veg_v": 0.0, "veg_h": 0.0, "sand_v": 0.0, "sand_h": 0.0, "os": 0.51, "os_navn": "Oppstadåa", "sving": 0.39, "innsnevring": 0.0, "bukt_v": 0.0, "bukt_h": 0.0, "dropoff_v": 0.0, "dropoff_h": 0.0, "bru": 0.27, "dam": 0.0, "skygge_v": 0.23, "skygge_h": 0.23, "banktype_v": "åpen/bebygd", "banktype_h": "åpen/bebygd", "side_navn_v": "SØ-bredden", "side_navn_h": "NV-bredden", "island": false, "elv": "Glomma", "H": {"gjedde": 36.0, "abbor": 66.0, "orret": 59.0, "harr": 56.0, "sik": 51.0, "lake": 74.0, "mort": 24.0, "brasme": 44.0, "vederbuk": 66.0, "gjors": 62.0}, "Hs": {"gjedde": [27.0, 36.0], "abbor": [65.0, 66.0], "orret": [59.0, 59.0], "harr": [56.0, 56.0], "sik": [51.0, 51.0], "lake": [74.0, 74.0], "mort": [24.0, 24.0], "brasme": [43.0, 44.0], "vederbuk": [63.0, 66.0], "gjors": [62.0, 62.0]}, "bank": {"v": [60.25702, 11.68076], "h": [60.25733, 11.68016]}}}, {"type": "Feature", "geometry": {"type": "LineString", "coordinates": [[11.67928, 60.2565], [11.67847, 60.2557]]}, "properties": {"i": 45, "km": 4.5, "w": 53.67, "w_v": 26.83, "w_h": 26.83, "h": 5.8, "v": 1.03, "S": 0.00016, "klasse_strom": "stryk", "depth_idx": 0.41, "depth_z_v": -0.84, "depth_z_h": -0.06, "veg_v": 0.0, "veg_h": 0.0, "sand_v": 0.0, "sand_h": 0.0, "os": 1.0, "os_navn": "Oppstadåa", "sving": 0.22, "innsnevring": 0.0, "bukt_v": 0.0, "bukt_h": 0.0, "dropoff_v": 0.32, "dropoff_h": 0.0, "bru": 0.62, "dam": 0.0, "skygge_v": 0.25, "skygge_h": 0.26, "banktype_v": "åpen/bebygd", "banktype_h": "åpen/bebygd", "side_navn_v": "SØ-bredden", "side_navn_h": "NV-bredden", "island": false, "elv": "Glomma", "H": {"gjedde": 66.0, "abbor": 80.0, "orret": 100.0, "harr": 100.0, "sik": 58.0, "lake": 86.0, "mort": 62.0, "brasme": 51.0, "vederbuk": 91.0, "gjors": 72.0}, "Hs": {"gjedde": [66.0, 55.0], "abbor": [80.0, 78.0], "orret": [100.0, 86.0], "harr": [100.0, 63.0], "sik": [58.0, 56.0], "lake": [86.0, 84.0], "mort": [62.0, 40.0], "brasme": [51.0, 49.0], "vederbuk": [91.0, 83.0], "gjors": [72.0, 70.0]}, "bank": {"v": [60.25638, 11.67964], "h": [60.25662, 11.67892]}}}, {"type": "Feature", "geometry": {"type": "LineString", "coordinates": [[11.67847, 60.2557], [11.67766, 60.2549]]}, "properties": {"i": 46, "km": 4.6, "w": 53.67, "w_v": 26.83, "w_h": 26.83, "h": 5.8, "v": 1.03, "S": 0.00016, "klasse_strom": "stryk", "depth_idx": 0.24, "depth_z_v": 0.3, "depth_z_h": -1.51, "veg_v": 0.0, "veg_h": 0.0, "sand_v": 0.0, "sand_h": 0.0, "os": 0.51, "os_navn": "Oppstadåa", "sving": 0.13, "innsnevring": 0.0, "bukt_v": 0.0, "bukt_h": 0.0, "dropoff_v": 0.0, "dropoff_h": 0.31, "bru": 0.45, "dam": 0.0, "skygge_v": 0.23, "skygge_h": 0.53, "banktype_v": "åpen/bebygd", "banktype_h": "eng/dyrket", "side_navn_v": "SØ-bredden", "side_navn_h": "NV-bredden", "island": false, "elv": "Glomma", "H": {"gjedde": 68.0, "abbor": 76.0, "orret": 100.0, "harr": 100.0, "sik": 54.0, "lake": 80.0, "mort": 66.0, "brasme": 48.0, "vederbuk": 86.0, "gjors": 68.0}, "Hs": {"gjedde": [40.0, 68.0], "abbor": [67.0, 76.0], "orret": [58.0, 100.0], "harr": [56.0, 100.0], "sik": [51.0, 54.0], "lake": [74.0, 80.0], "mort": [24.0, 66.0], "brasme": [44.0, 48.0], "vederbuk": [67.0, 86.0], "gjors": [63.0, 68.0]}, "bank": {"v": [60.2556, 11.67886], "h": [60.2558, 11.67809]}}}, {"type": "Feature", "geometry": {"type": "LineString", "coordinates": [[11.67766, 60.2549], [11.67685, 60.2541]]}, "properties": {"i": 47, "km": 4.7, "w": 53.67, "w_v": 26.83, "w_h": 26.83, "h": 7.51, "v": 0.79, "S": 7e-05, "klasse_strom": "moderat", "depth_idx": 0.04, "depth_z_v": -1.25, "depth_z_h": -1.63, "veg_v": 0.0, "veg_h": 0.0, "sand_v": 0.0, "sand_h": 0.0, "os": 0.26, "os_navn": "Oppstadåa", "sving": 0.0, "innsnevring": 0.0, "bukt_v": 0.0, "bukt_h": 0.0, "dropoff_v": 0.0, "dropoff_h": 0.0, "bru": 0.61, "dam": 0.0, "skygge_v": 0.23, "skygge_h": 0.43, "banktype_v": "åpen/bebygd", "banktype_h": "åpen/bebygd", "side_navn_v": "SØ-bredden", "side_navn_h": "NV-bredden", "island": false, "elv": "Glomma", "H": {"gjedde": 92.0, "abbor": 97.0, "orret": 98.0, "harr": 99.0, "sik": 90.0, "lake": 93.0, "mort": 97.0, "brasme": 97.0, "vederbuk": 100.0, "gjors": 96.0}, "Hs": {"gjedde": [84.0, 92.0], "abbor": [94.0, 97.0], "orret": [87.0, 98.0], "harr": [70.0, 99.0], "sik": [90.0, 90.0], "lake": [91.0, 93.0], "mort": [85.0, 97.0], "brasme": [96.0, 97.0], "vederbuk": [100.0, 100.0], "gjors": [95.0, 96.0]}, "bank": {"v": [60.2548, 11.67805], "h": [60.25499, 11.67728]}}}, {"type": "Feature", "geometry": {"type": "LineString", "coordinates": [[11.67685, 60.2541], [11.67604, 60.25329]]}, "properties": {"i": 48, "km": 4.8, "w": 53.67, "w_v": 26.83, "w_h": 26.83, "h": 9.26, "v": 0.64, "S": 4e-05, "klasse_strom": "moderat", "depth_idx": 0.15, "depth_z_v": -1.43, "depth_z_h": -1.27, "veg_v": 0.0, "veg_h": 0.0, "sand_v": 0.0, "sand_h": 0.0, "os": 0.14, "os_navn": null, "sving": 0.0, "innsnevring": 0.0, "bukt_v": 0.0, "bukt_h": 0.0, "dropoff_v": 0.03, "dropoff_h": 0.0, "bru": 0.26, "dam": 0.0, "skygge_v": 0.23, "skygge_h": 0.23, "banktype_v": "åpen/bebygd", "banktype_h": "åpen/bebygd", "side_navn_v": "SØ-bredden", "side_navn_h": "NV-bredden", "island": false, "elv": "Glomma", "H": {"gjedde": 67.0, "abbor": 74.0, "orret": 61.0, "harr": 48.0, "sik": 79.0, "lake": 75.0, "mort": 56.0, "brasme": 84.0, "vederbuk": 89.0, "gjors": 78.0}, "Hs": {"gjedde": [67.0, 61.0], "abbor": [74.0, 73.0], "orret": [61.0, 46.0], "harr": [48.0, 47.0], "sik": [79.0, 78.0], "lake": [75.0, 73.0], "mort": [56.0, 36.0], "brasme": [84.0, 82.0], "vederbuk": [89.0, 85.0], "gjors": [78.0, 76.0]}, "bank": {"v": [60.254, 11.67724], "h": [60.25419, 11.67647]}}}, {"type": "Feature", "geometry": {"type": "LineString", "coordinates": [[11.67604, 60.25329], [11.67523, 60.25249]]}, "properties": {"i": 49, "km": 4.9, "w": 53.67, "w_v": 26.83, "w_h": 26.83, "h": 11.58, "v": 0.51, "S": 2e-05, "klasse_strom": "moderat", "depth_idx": 0.28, "depth_z_v": -1.02, "depth_z_h": -0.73, "veg_v": 0.0, "veg_h": 0.0, "sand_v": 0.0, "sand_h": 0.0, "os": 0.07, "os_navn": null, "sving": 0.1, "innsnevring": 0.0, "bukt_v": 0.0, "bukt_h": 0.0, "dropoff_v": 0.1, "dropoff_h": 0.0, "bru": 0.1, "dam": 0.0, "skygge_v": 0.43, "skygge_h": 0.23, "banktype_v": "åpen/bebygd", "banktype_h": "åpen/bebygd", "side_navn_v": "SØ-bredden", "side_navn_h": "NV-bredden", "island": false, "elv": "Glomma", "H": {"gjedde": 32.0, "abbor": 65.0, "orret": 47.0, "harr": 47.0, "sik": 79.0, "lake": 72.0, "mort": 34.0, "brasme": 75.0, "vederbuk": 43.0, "gjors": 74.0}, "Hs": {"gjedde": [32.0, 29.0], "abbor": [65.0, 51.0], "orret": [47.0, 41.0], "harr": [47.0, 44.0], "sik": [79.0, 67.0], "lake": [72.0, 62.0], "mort": [34.0, 31.0], "brasme": [75.0, 62.0], "vederbuk": [43.0, 39.0], "gjors": [74.0, 61.0]}, "bank": {"v": [60.2532, 11.67643], "h": [60.25339, 11.67566]}}}, {"type": "Feature", "geometry": {"type": "LineString", "coordinates": [[11.67523, 60.25249], [11.67442, 60.25169]]}, "properties": {"i": 50, "km": 5.0, "w": 53.67, "w_v": 26.83, "w_h": 26.83, "h": 11.58, "v": 0.51, "S": 2e-05, "klasse_strom": "moderat", "depth_idx": 0.73, "depth_z_v": 0.57, "depth_z_h": 0.77, "veg_v": 0.0, "veg_h": 0.0, "sand_v": 0.0, "sand_h": 0.0, "os": 0.04, "os_navn": null, "sving": 0.11, "innsnevring": 0.0, "bukt_v": 0.0, "bukt_h": 0.0, "dropoff_v": 0.23, "dropoff_h": 0.09, "bru": 0.04, "dam": 0.0, "skygge_v": 0.33, "skygge_h": 0.33, "banktype_v": "åpen/bebygd", "banktype_h": "eng/dyrket", "side_navn_v": "SØ-bredden", "side_navn_h": "NV-bredden", "island": false, "elv": "Glomma", "H": {"gjedde": 33.0, "abbor": 29.0, "orret": 47.0, "harr": 47.0, "sik": 63.0, "lake": 71.0, "mort": 34.0, "brasme": 28.0, "vederbuk": 43.0, "gjors": 59.0}, "Hs": {"gjedde": [33.0, 30.0], "abbor": [29.0, 24.0], "orret": [47.0, 42.0], "harr": [47.0, 43.0], "sik": [63.0, 56.0], "lake": [71.0, 61.0], "mort": [34.0, 31.0], "brasme": [28.0, 25.0], "vederbuk": [43.0, 38.0], "gjors": [59.0, 50.0]}, "bank": {"v": [60.25239, 11.67562], "h": [60.25259, 11.67485]}}}, {"type": "Feature", "geometry": {"type": "LineString", "coordinates": [[11.67442, 60.25169], [11.67397, 60.25082]]}, "properties": {"i": 51, "km": 5.1, "w": 53.67, "w_v": 26.83, "w_h": 26.83, "h": 11.58, "v": 0.51, "S": 2e-05, "klasse_strom": "moderat", "depth_idx": 1.0, "depth_z_v": 0.96, "depth_z_h": 2.93, "veg_v": 0.0, "veg_h": 0.0, "sand_v": 0.0, "sand_h": 0.0, "os": 0.02, "os_navn": null, "sving": 0.11, "innsnevring": 0.0, "bukt_v": 0.0, "bukt_h": 0.0, "dropoff_v": 1.0, "dropoff_h": 0.04, "bru": 0.01, "dam": 0.0, "skygge_v": 0.23, "skygge_h": 0.33, "banktype_v": "åpen/bebygd", "banktype_h": "åpen/bebygd", "side_navn_v": "SØ-bredden", "side_navn_h": "NV-bredden", "island": false, "elv": "Glomma", "H": {"gjedde": 41.0, "abbor": 43.0, "orret": 61.0, "harr": 59.0, "sik": 80.0, "lake": 100.0, "mort": 41.0, "brasme": 35.0, "vederbuk": 56.0, "gjors": 84.0}, "Hs": {"gjedde": [41.0, 28.0], "abbor": [43.0, 21.0], "orret": [61.0, 37.0], "harr": [59.0, 40.0], "sik": [80.0, 51.0], "lake": [100.0, 52.0], "mort": [41.0, 29.0], "brasme": [35.0, 23.0], "vederbuk": [56.0, 34.0], "gjors": [84.0, 43.0]}, "bank": {"v": [60.25161, 11.67483], "h": [60.25176, 11.67402]}}}, {"type": "Feature", "geometry": {"type": "LineString", "coordinates": [[11.67397, 60.25082], [11.67352, 60.24995]]}, "properties": {"i": 52, "km": 5.2, "w": 53.67, "w_v": 26.83, "w_h": 26.83, "h": 11.58, "v": 0.51, "S": 2e-05, "klasse_strom": "moderat", "depth_idx": 0.6, "depth_z_v": -1.09, "depth_z_h": -0.85, "veg_v": 0.0, "veg_h": 0.0, "sand_v": 0.0, "sand_h": 0.0, "os": 0.01, "os_navn": null, "sving": 0.1, "innsnevring": 0.0, "bukt_v": 0.0, "bukt_h": 0.0, "dropoff_v": 1.0, "dropoff_h": 0.84, "bru": 0.03, "dam": 0.0, "skygge_v": 0.23, "skygge_h": 0.23, "banktype_v": "åpen/bebygd", "banktype_h": "åpen/bebygd", "side_navn_v": "Ø-bredden", "side_navn_h": "V-bredden", "island": false, "elv": "Glomma", "H": {"gjedde": 41.0, "abbor": 100.0, "orret": 61.0, "harr": 59.0, "sik": 100.0, "lake": 100.0, "mort": 41.0, "brasme": 100.0, "vederbuk": 59.0, "gjors": 100.0}, "Hs": {"gjedde": [41.0, 40.0], "abbor": [100.0, 94.0], "orret": [61.0, 58.0], "harr": [59.0, 56.0], "sik": [100.0, 100.0], "lake": [100.0, 100.0], "mort": [41.0, 40.0], "brasme": [100.0, 92.0], "vederbuk": [59.0, 53.0], "gjors": [100.0, 100.0]}, "bank": {"v": [60.25077, 11.67438], "h": [60.25087, 11.67355]}}}, {"type": "Feature", "geometry": {"type": "LineString", "coordinates": [[11.67352, 60.24995], [11.67308, 60.24908]]}, "properties": {"i": 53, "km": 5.3, "w": 53.67, "w_v": 26.83, "w_h": 26.83, "h": 11.58, "v": 0.51, "S": 2e-05, "klasse_strom": "moderat", "depth_idx": 0.04, "depth_z_v": -1.6, "depth_z_h": -1.6, "veg_v": 0.0, "veg_h": 0.0, "sand_v": 0.0, "sand_h": 0.0, "os": 0.0, "os_navn": null, "sving": 0.01, "innsnevring": 0.0, "bukt_v": 0.0, "bukt_h": 0.0, "dropoff_v": 0.0, "dropoff_h": 0.0, "bru": 0.06, "dam": 0.0, "skygge_v": 0.23, "skygge_h": 0.23, "banktype_v": "åpen/bebygd", "banktype_h": "åpen/bebygd", "side_navn_v": "Ø-bredden", "side_navn_h": "V-bredden", "island": false, "elv": "Glomma", "H": {"gjedde": 33.0, "abbor": 42.0, "orret": 27.0, "harr": 31.0, "sik": 54.0, "lake": 46.0, "mort": 25.0, "brasme": 58.0, "vederbuk": 48.0, "gjors": 48.0}, "Hs": {"gjedde": [33.0, 33.0], "abbor": [42.0, 42.0], "orret": [27.0, 27.0], "harr": [31.0, 31.0], "sik": [54.0, 54.0], "lake": [46.0, 46.0], "mort": [25.0, 25.0], "brasme": [58.0, 58.0], "vederbuk": [48.0, 48.0], "gjors": [48.0, 48.0]}, "bank": {"v": [60.2499, 11.67394], "h": [60.25, 11.67311]}}}, {"type": "Feature", "geometry": {"type": "LineString", "coordinates": [[11.67308, 60.24908], [11.67262, 60.24821]]}, "properties": {"i": 54, "km": 5.4, "w": 53.67, "w_v": 26.83, "w_h": 26.83, "h": 11.58, "v": 0.51, "S": 2e-05, "klasse_strom": "moderat", "depth_idx": 0.0, "depth_z_v": -2.28, "depth_z_h": -2.78, "veg_v": 0.0, "veg_h": 0.0, "sand_v": 0.0, "sand_h": 0.0, "os": 0.0, "os_navn": null, "sving": 0.02, "innsnevring": 0.0, "bukt_v": 0.0, "bukt_h": 0.0, "dropoff_v": 0.0, "dropoff_h": 0.01, "bru": 0.15, "dam": 0.0, "skygge_v": 0.23, "skygge_h": 0.23, "banktype_v": "åpen/bebygd", "banktype_h": "åpen/bebygd", "side_navn_v": "Ø-bredden", "side_navn_h": "V-bredden", "island": false, "elv": "Glomma", "H": {"gjedde": 61.0, "abbor": 57.0, "orret": 55.0, "harr": 62.0, "sik": 63.0, "lake": 58.0, "mort": 68.0, "brasme": 69.0, "vederbuk": 73.0, "gjors": 61.0}, "Hs": {"gjedde": [55.0, 61.0], "abbor": [56.0, 57.0], "orret": [49.0, 55.0], "harr": [37.0, 62.0], "sik": [62.0, 63.0], "lake": [58.0, 58.0], "mort": [56.0, 68.0], "brasme": [69.0, 69.0], "vederbuk": [69.0, 73.0], "gjors": [61.0, 61.0]}, "bank": {"v": [60.24903, 11.6735], "h": [60.24913, 11.67266]}}}, {"type": "Feature", "geometry": {"type": "LineString", "coordinates": [[11.67262, 60.24821], [11.67212, 60.24735]]}, "properties": {"i": 55, "km": 5.5, "w": 53.67, "w_v": 26.83, "w_h": 26.83, "h": 11.58, "v": 0.51, "S": 2e-05, "klasse_strom": "moderat", "depth_idx": 0.44, "depth_z_v": -0.72, "depth_z_h": -0.4, "veg_v": 0.0, "veg_h": 0.0, "sand_v": 0.0, "sand_h": 0.0, "os": 0.0, "os_navn": null, "sving": 0.01, "innsnevring": 0.0, "bukt_v": 0.0, "bukt_h": 0.0, "dropoff_v": 0.32, "dropoff_h": 0.1, "bru": 0.28, "dam": 0.0, "skygge_v": 0.23, "skygge_h": 0.23, "banktype_v": "åpen/bebygd", "banktype_h": "åpen/bebygd", "side_navn_v": "Ø-bredden", "side_navn_h": "V-bredden", "island": false, "elv": "Glomma", "H": {"gjedde": 34.0, "abbor": 74.0, "orret": 49.0, "harr": 50.0, "sik": 85.0, "lake": 86.0, "mort": 37.0, "brasme": 77.0, "vederbuk": 47.0, "gjors": 85.0}, "Hs": {"gjedde": [34.0, 30.0], "abbor": [74.0, 57.0], "orret": [49.0, 43.0], "harr": [50.0, 45.0], "sik": [85.0, 69.0], "lake": [86.0, 75.0], "mort": [37.0, 35.0], "brasme": [77.0, 60.0], "vederbuk": [47.0, 42.0], "gjors": [85.0, 70.0]}, "bank": {"v": [60.24816, 11.67303], "h": [60.24827, 11.6722]}}}, {"type": "Feature", "geometry": {"type": "LineString", "coordinates": [[11.67212, 60.24735], [11.67161, 60.24649]]}, "properties": {"i": 56, "km": 5.6, "w": 53.67, "w_v": 26.83, "w_h": 26.83, "h": 11.58, "v": 0.51, "S": 2e-05, "klasse_strom": "moderat", "depth_idx": 0.16, "depth_z_v": -0.81, "depth_z_h": -1.95, "veg_v": 0.0, "veg_h": 0.0, "sand_v": 0.0, "sand_h": 0.0, "os": 0.0, "os_navn": null, "sving": 0.02, "innsnevring": 0.0, "bukt_v": 0.0, "bukt_h": 0.0, "dropoff_v": 0.0, "dropoff_h": 0.38, "bru": 0.27, "dam": 0.0, "skygge_v": 0.23, "skygge_h": 0.33, "banktype_v": "åpen/bebygd", "banktype_h": "åpen/bebygd", "side_navn_v": "Ø-bredden", "side_navn_h": "V-bredden", "island": false, "elv": "Glomma", "H": {"gjedde": 72.0, "abbor": 93.0, "orret": 60.0, "harr": 52.0, "sik": 92.0, "lake": 90.0, "mort": 48.0, "brasme": 99.0, "vederbuk": 95.0, "gjors": 94.0}, "Hs": {"gjedde": [27.0, 72.0], "abbor": [58.0, 93.0], "orret": [39.0, 60.0], "harr": [42.0, 52.0], "sik": [67.0, 92.0], "lake": [68.0, 90.0], "mort": [33.0, 48.0], "brasme": [63.0, 99.0], "vederbuk": [40.0, 95.0], "gjors": [69.0, 94.0]}, "bank": {"v": [60.24729, 11.67253], "h": [60.24741, 11.6717]}}}, {"type": "Feature", "geometry": {"type": "LineString", "coordinates": [[11.67161, 60.24649], [11.67114, 60.24562]]}, "properties": {"i": 57, "km": 5.7, "w": 53.67, "w_v": 26.83, "w_h": 26.83, "h": 11.58, "v": 0.51, "S": 2e-05, "klasse_strom": "moderat", "depth_idx": 0.22, "depth_z_v": -1.03, "depth_z_h": -2.0, "veg_v": 0.0, "veg_h": 0.0, "sand_v": 0.0, "sand_h": 0.0, "os": 0.0, "os_navn": null, "sving": 0.17, "innsnevring": 0.0, "bukt_v": 0.0, "bukt_h": 0.0, "dropoff_v": 0.0, "dropoff_h": 0.58, "bru": 0.14, "dam": 0.0, "skygge_v": 0.23, "skygge_h": 0.23, "banktype_v": "åpen/bebygd", "banktype_h": "åpen/bebygd", "side_navn_v": "Ø-bredden", "side_navn_h": "V-bredden", "island": false, "elv": "Glomma", "H": {"gjedde": 77.0, "abbor": 99.0, "orret": 68.0, "harr": 55.0, "sik": 99.0, "lake": 95.0, "mort": 56.0, "brasme": 100.0, "vederbuk": 100.0, "gjors": 99.0}, "Hs": {"gjedde": [28.0, 77.0], "abbor": [57.0, 99.0], "orret": [41.0, 68.0], "harr": [44.0, 55.0], "sik": [70.0, 99.0], "lake": [64.0, 95.0], "mort": [32.0, 56.0], "brasme": [68.0, 100.0], "vederbuk": [39.0, 100.0], "gjors": [66.0, 99.0]}, "bank": {"v": [60.24643, 11.67203], "h": [60.24655, 11.6712]}}}, {"type": "Feature", "geometry": {"type": "LineString", "coordinates": [[11.67114, 60.24562], [11.67075, 60.24475]]}, "properties": {"i": 58, "km": 5.8, "w": 53.67, "w_v": 26.83, "w_h": 26.83, "h": 11.58, "v": 0.51, "S": 2e-05, "klasse_strom": "moderat", "depth_idx": 0.0, "depth_z_v": -2.3, "depth_z_h": -2.38, "veg_v": 0.0, "veg_h": 0.0, "sand_v": 0.0, "sand_h": 0.0, "os": 0.0, "os_navn": null, "sving": 0.21, "innsnevring": 0.0, "bukt_v": 0.0, "bukt_h": 0.0, "dropoff_v": 0.18, "dropoff_h": 0.23, "bru": 0.06, "dam": 0.0, "skygge_v": 0.23, "skygge_h": 0.23, "banktype_v": "åpen/bebygd", "banktype_h": "åpen/bebygd", "side_navn_v": "Ø-bredden", "side_navn_h": "V-bredden", "island": false, "elv": "Glomma", "H": {"gjedde": 76.0, "abbor": 79.0, "orret": 71.0, "harr": 49.0, "sik": 86.0, "lake": 78.0, "mort": 69.0, "brasme": 91.0, "vederbuk": 90.0, "gjors": 81.0}, "Hs": {"gjedde": [72.0, 76.0], "abbor": [75.0, 79.0], "orret": [67.0, 71.0], "harr": [47.0, 49.0], "sik": [83.0, 86.0], "lake": [74.0, 78.0], "mort": [65.0, 69.0], "brasme": [88.0, 91.0], "vederbuk": [87.0, 90.0], "gjors": [77.0, 81.0]}, "bank": {"v": [60.24557, 11.67156], "h": [60.24567, 11.67072]}}}, {"type": "Feature", "geometry": {"type": "LineString", "coordinates": [[11.67075, 60.24475], [11.67086, 60.24385]]}, "properties": {"i": 59, "km": 5.9, "w": 53.67, "w_v": 26.83, "w_h": 26.83, "h": 11.58, "v": 0.51, "S": 2e-05, "klasse_strom": "moderat", "depth_idx": 0.41, "depth_z_v": -0.52, "depth_z_h": -0.79, "veg_v": 0.0, "veg_h": 0.0, "sand_v": 0.0, "sand_h": 0.0, "os": 0.0, "os_navn": null, "sving": 0.24, "innsnevring": 0.0, "bukt_v": 0.0, "bukt_h": 0.0, "dropoff_v": 0.1, "dropoff_h": 0.28, "bru": 0.02, "dam": 0.0, "skygge_v": 0.23, "skygge_h": 0.23, "banktype_v": "åpen/bebygd", "banktype_h": "åpen/bebygd", "side_navn_v": "Ø-bredden", "side_navn_h": "V-bredden", "island": false, "elv": "Glomma", "H": {"gjedde": 34.0, "abbor": 70.0, "orret": 48.0, "harr": 50.0, "sik": 84.0, "lake": 80.0, "mort": 35.0, "brasme": 77.0, "vederbuk": 45.0, "gjors": 80.0}, "Hs": {"gjedde": [31.0, 34.0], "abbor": [54.0, 70.0], "orret": [43.0, 48.0], "harr": [46.0, 50.0], "sik": [71.0, 84.0], "lake": [68.0, 80.0], "mort": [32.0, 35.0], "brasme": [63.0, 77.0], "vederbuk": [40.0, 45.0], "gjors": [63.0, 80.0]}, "bank": {"v": [60.24473, 11.67118], "h": [60.24477, 11.67032]}}}, {"type": "Feature", "geometry": {"type": "LineString", "coordinates": [[11.67086, 60.24385], [11.67111, 60.24297]]}, "properties": {"i": 60, "km": 6.0, "w": 53.67, "w_v": 26.83, "w_h": 26.83, "h": 11.58, "v": 0.51, "S": 2e-05, "klasse_strom": "moderat", "depth_idx": 0.0, "depth_z_v": -1.69, "depth_z_h": -2.31, "veg_v": 0.0, "veg_h": 0.0, "sand_v": 0.0, "sand_h": 0.0, "os": 0.0, "os_navn": null, "sving": 0.22, "innsnevring": 0.0, "bukt_v": 0.0, "bukt_h": 0.0, "dropoff_v": 0.0, "dropoff_h": 0.11, "bru": 0.01, "dam": 0.0, "skygge_v": 0.23, "skygge_h": 0.23, "banktype_v": "åpen/bebygd", "banktype_h": "åpen/bebygd", "side_navn_v": "Ø-bredden", "side_navn_h": "V-bredden", "island": false, "elv": "Glomma", "H": {"gjedde": 69.0, "abbor": 67.0, "orret": 63.0, "harr": 45.0, "sik": 77.0, "lake": 67.0, "mort": 61.0, "brasme": 83.0, "vederbuk": 80.0, "gjors": 69.0}, "Hs": {"gjedde": [46.0, 69.0], "abbor": [53.0, 67.0], "orret": [38.0, 63.0], "harr": [42.0, 45.0], "sik": [66.0, 77.0], "lake": [55.0, 67.0], "mort": [29.0, 61.0], "brasme": [71.0, 83.0], "vederbuk": [64.0, 80.0], "gjors": [56.0, 69.0]}, "bank": {"v": [60.24388, 11.67129], "h": [60.24383, 11.67043]}}}, {"type": "Feature", "geometry": {"type": "LineString", "coordinates": [[11.67111, 60.24297], [11.67151, 60.24209]]}, "properties": {"i": 61, "km": 6.1, "w": 53.67, "w_v": 26.83, "w_h": 26.83, "h": 11.58, "v": 0.51, "S": 2e-05, "klasse_strom": "moderat", "depth_idx": 0.35, "depth_z_v": -0.74, "depth_z_h": -0.96, "veg_v": 0.0, "veg_h": 0.0, "sand_v": 0.0, "sand_h": 0.0, "os": 0.0, "os_navn": null, "sving": 0.08, "innsnevring": 0.0, "bukt_v": 0.0, "bukt_h": 0.0, "dropoff_v": 0.09, "dropoff_h": 0.24, "bru": 0.0, "dam": 0.0, "skygge_v": 0.23, "skygge_h": 0.23, "banktype_v": "åpen/bebygd", "banktype_h": "åpen/bebygd", "side_navn_v": "Ø-bredden", "side_navn_h": "V-bredden", "island": false, "elv": "Glomma", "H": {"gjedde": 32.0, "abbor": 64.0, "orret": 42.0, "harr": 43.0, "sik": 82.0, "lake": 73.0, "mort": 32.0, "brasme": 75.0, "vederbuk": 39.0, "gjors": 75.0}, "Hs": {"gjedde": [27.0, 32.0], "abbor": [47.0, 64.0], "orret": [35.0, 42.0], "harr": [38.0, 43.0], "sik": [67.0, 82.0], "lake": [58.0, 73.0], "mort": [28.0, 32.0], "brasme": [61.0, 75.0], "vederbuk": [32.0, 39.0], "gjors": [57.0, 75.0]}, "bank": {"v": [60.243, 11.67153], "h": [60.24293, 11.67068]}}}, {"type": "Feature", "geometry": {"type": "LineString", "coordinates": [[11.67151, 60.24209], [11.6719, 60.24122]]}, "properties": {"i": 62, "km": 6.2, "w": 53.67, "w_v": 26.83, "w_h": 26.83, "h": 11.58, "v": 0.51, "S": 2e-05, "klasse_strom": "moderat", "depth_idx": 0.05, "depth_z_v": -1.26, "depth_z_h": -2.05, "veg_v": 0.0, "veg_h": 0.0, "sand_v": 0.0, "sand_h": 0.0, "os": 0.0, "os_navn": null, "sving": 0.04, "innsnevring": 0.0, "bukt_v": 0.0, "bukt_h": 0.0, "dropoff_v": 0.0, "dropoff_h": 0.15, "bru": 0.0, "dam": 0.0, "skygge_v": 0.23, "skygge_h": 0.53, "banktype_v": "åpen/bebygd", "banktype_h": "eng/dyrket", "side_navn_v": "Ø-bredden", "side_navn_h": "V-bredden", "island": false, "elv": "Glomma", "H": {"gjedde": 63.0, "abbor": 64.0, "orret": 51.0, "harr": 39.0, "sik": 76.0, "lake": 64.0, "mort": 46.0, "brasme": 80.0, "vederbuk": 68.0, "gjors": 67.0}, "Hs": {"gjedde": [20.0, 63.0], "abbor": [29.0, 64.0], "orret": [24.0, 51.0], "harr": [28.0, 39.0], "sik": [52.0, 76.0], "lake": [34.0, 64.0], "mort": [22.0, 46.0], "brasme": [52.0, 80.0], "vederbuk": [32.0, 68.0], "gjors": [35.0, 67.0]}, "bank": {"v": [60.24214, 11.67192], "h": [60.24204, 11.67109]}}}, {"type": "Feature", "geometry": {"type": "LineString", "coordinates": [[11.6719, 60.24122], [11.6723, 60.24034]]}, "properties": {"i": 63, "km": 6.3, "w": 53.67, "w_v": 26.83, "w_h": 26.83, "h": 11.58, "v": 0.51, "S": 2e-05, "klasse_strom": "moderat", "depth_idx": 0.0, "depth_z_v": -2.79, "depth_z_h": -2.46, "veg_v": 0.08, "veg_h": 0.0, "sand_v": 0.0, "sand_h": 0.0, "os": 0.0, "os_navn": null, "sving": 0.02, "innsnevring": 0.0, "bukt_v": 0.0, "bukt_h": 0.0, "dropoff_v": 0.0, "dropoff_h": 0.0, "bru": 0.01, "dam": 0.0, "skygge_v": 0.43, "skygge_h": 0.53, "banktype_v": "eng/dyrket", "banktype_h": "eng/dyrket", "side_navn_v": "Ø-bredden", "side_navn_h": "V-bredden", "island": false, "elv": "Glomma", "H": {"gjedde": 71.0, "abbor": 43.0, "orret": 37.0, "harr": 44.0, "sik": 52.0, "lake": 35.0, "mort": 84.0, "brasme": 75.0, "vederbuk": 60.0, "gjors": 35.0}, "Hs": {"gjedde": [71.0, 49.0], "abbor": [43.0, 30.0], "orret": [37.0, 36.0], "harr": [44.0, 32.0], "sik": [51.0, 52.0], "lake": [34.0, 35.0], "mort": [84.0, 47.0], "brasme": [75.0, 58.0], "vederbuk": [60.0, 45.0], "gjors": [34.0, 35.0]}, "bank": {"v": [60.24126, 11.67232], "h": [60.24117, 11.67148]}}}, {"type": "Feature", "geometry": {"type": "LineString", "coordinates": [[11.6723, 60.24034], [11.6727, 60.23946]]}, "properties": {"i": 64, "km": 6.4, "w": 53.67, "w_v": 26.83, "w_h": 26.83, "h": 11.58, "v": 0.51, "S": 2e-05, "klasse_strom": "moderat", "depth_idx": 0.17, "depth_z_v": -1.19, "depth_z_h": -0.85, "veg_v": 0.17, "veg_h": 0.08, "sand_v": 0.0, "sand_h": 0.0, "os": 0.0, "os_navn": null, "sving": 0.18, "innsnevring": 0.0, "bukt_v": 0.0, "bukt_h": 0.0, "dropoff_v": 0.0, "dropoff_h": 0.0, "bru": 0.03, "dam": 0.0, "skygge_v": 0.53, "skygge_h": 0.33, "banktype_v": "eng/dyrket", "banktype_h": "eng/dyrket", "side_navn_v": "Ø-bredden", "side_navn_h": "V-bredden", "island": false, "elv": "Glomma", "H": {"gjedde": 52.0, "abbor": 81.0, "orret": 38.0, "harr": 40.0, "sik": 62.0, "lake": 54.0, "mort": 54.0, "brasme": 92.0, "vederbuk": 67.0, "gjors": 53.0}, "Hs": {"gjedde": [52.0, 37.0], "abbor": [81.0, 68.0], "orret": [38.0, 38.0], "harr": [39.0, 40.0], "sik": [62.0, 62.0], "lake": [53.0, 54.0], "mort": [54.0, 46.0], "brasme": [92.0, 79.0], "vederbuk": [67.0, 46.0], "gjors": [53.0, 53.0]}, "bank": {"v": [60.24039, 11.67272], "h": [60.24029, 11.67188]}}}, {"type": "Feature", "geometry": {"type": "LineString", "coordinates": [[11.6727, 60.23946], [11.67303, 60.23858]]}, "properties": {"i": 65, "km": 6.5, "w": 53.67, "w_v": 26.83, "w_h": 26.83, "h": 4.93, "v": 1.21, "S": 0.00027, "klasse_strom": "stryk", "depth_idx": 0.17, "depth_z_v": -0.78, "depth_z_h": -1.63, "veg_v": 0.08, "veg_h": 0.17, "sand_v": 0.0, "sand_h": 0.0, "os": 0.0, "os_navn": null, "sving": 0.24, "innsnevring": 0.0, "bukt_v": 0.0, "bukt_h": 0.0, "dropoff_v": 0.0, "dropoff_h": 0.21, "bru": 0.07, "dam": 0.0, "skygge_v": 0.83, "skygge_h": 0.53, "banktype_v": "skog/kratt", "banktype_h": "eng/dyrket", "side_navn_v": "Ø-bredden", "side_navn_h": "V-bredden", "island": false, "elv": "Glomma", "H": {"gjedde": 100.0, "abbor": 95.0, "orret": 85.0, "harr": 92.0, "sik": 44.0, "lake": 61.0, "mort": 100.0, "brasme": 57.0, "vederbuk": 90.0, "gjors": 48.0}, "Hs": {"gjedde": [66.0, 100.0], "abbor": [67.0, 95.0], "orret": [73.0, 85.0], "harr": [77.0, 92.0], "sik": [37.0, 44.0], "lake": [49.0, 61.0], "mort": [74.0, 100.0], "brasme": [45.0, 57.0], "vederbuk": [73.0, 90.0], "gjors": [42.0, 48.0]}, "bank": {"v": [60.23951, 11.67312], "h": [60.23942, 11.67228]}}}, {"type": "Feature", "geometry": {"type": "LineString", "coordinates": [[11.67303, 60.23858], [11.67277, 60.23769]]}, "properties": {"i": 66, "km": 6.6, "w": 53.67, "w_v": 26.83, "w_h": 26.83, "h": 4.93, "v": 1.21, "S": 0.00027, "klasse_strom": "stryk", "depth_idx": 0.36, "depth_z_v": -0.57, "depth_z_h": -0.71, "veg_v": 0.58, "veg_h": 0.17, "sand_v": 0.0, "sand_h": 0.0, "os": 0.0, "os_navn": null, "sving": 0.17, "innsnevring": 0.0, "bukt_v": 0.0, "bukt_h": 0.0, "dropoff_v": 0.0, "dropoff_h": 0.09, "bru": 0.2, "dam": 0.0, "skygge_v": 0.81, "skygge_h": 0.83, "banktype_v": "skog/kratt", "banktype_h": "skog/kratt", "side_navn_v": "Ø-bredden", "side_navn_h": "V-bredden", "island": false, "elv": "Glomma", "H": {"gjedde": 100.0, "abbor": 91.0, "orret": 77.0, "harr": 78.0, "sik": 41.0, "lake": 58.0, "mort": 100.0, "brasme": 54.0, "vederbuk": 88.0, "gjors": 49.0}, "Hs": {"gjedde": [100.0, 98.0], "abbor": [91.0, 90.0], "orret": [50.0, 77.0], "harr": [51.0, 78.0], "sik": [26.0, 41.0], "lake": [37.0, 58.0], "mort": [100.0, 93.0], "brasme": [53.0, 54.0], "vederbuk": [88.0, 87.0], "gjors": [32.0, 49.0]}, "bank": {"v": [60.23859, 11.67346], "h": [60.23858, 11.6726]}}}, {"type": "Feature", "geometry": {"type": "LineString", "coordinates": [[11.67277, 60.23769], [11.67232, 60.23683]]}, "properties": {"i": 67, "km": 6.7, "w": 53.67, "w_v": 26.83, "w_h": 26.83, "h": 4.93, "v": 1.21, "S": 0.00027, "klasse_strom": "stryk", "depth_idx": 0.23, "depth_z_v": -1.14, "depth_z_h": -1.02, "veg_v": 0.17, "veg_h": 0.33, "sand_v": 0.0, "sand_h": 0.0, "os": 0.0, "os_navn": null, "sving": 0.15, "innsnevring": 0.0, "bukt_v": 0.0, "bukt_h": 0.0, "dropoff_v": 0.03, "dropoff_h": 0.0, "bru": 0.38, "dam": 0.0, "skygge_v": 0.53, "skygge_h": 0.73, "banktype_v": "eng/dyrket", "banktype_h": "skog/kratt", "side_navn_v": "Ø-bredden", "side_navn_h": "V-bredden", "island": false, "elv": "Glomma", "H": {"gjedde": 100.0, "abbor": 100.0, "orret": 84.0, "harr": 88.0, "sik": 41.0, "lake": 62.0, "mort": 100.0, "brasme": 57.0, "vederbuk": 99.0, "gjors": 53.0}, "Hs": {"gjedde": [100.0, 100.0], "abbor": [97.0, 100.0], "orret": [84.0, 76.0], "harr": [88.0, 76.0], "sik": [41.0, 37.0], "lake": [62.0, 57.0], "mort": [100.0, 100.0], "brasme": [55.0, 57.0], "vederbuk": [95.0, 99.0], "gjors": [53.0, 46.0]}, "bank": {"v": [60.23765, 11.67319], "h": [60.23774, 11.67235]}}}, {"type": "Feature", "geometry": {"type": "LineString", "coordinates": [[11.67232, 60.23683], [11.67213, 60.23593]]}, "properties": {"i": 68, "km": 6.8, "w": 53.67, "w_v": 26.83, "w_h": 26.83, "h": 4.93, "v": 1.21, "S": 0.00027, "klasse_strom": "stryk", "depth_idx": 0.0, "depth_z_v": -2.26, "depth_z_h": -0.0, "veg_v": 0.0, "veg_h": 0.0, "sand_v": 0.0, "sand_h": 0.0, "os": 0.01, "os_navn": null, "sving": 0.02, "innsnevring": 0.0, "bukt_v": 0.0, "bukt_h": 0.0, "dropoff_v": 0.06, "dropoff_h": 0.0, "bru": 0.3, "dam": 0.0, "skygge_v": 0.33, "skygge_h": 0.83, "banktype_v": "eng/dyrket", "banktype_h": "skog/kratt", "side_navn_v": "Ø-bredden", "side_navn_h": "V-bredden", "island": false, "elv": "Glomma", "H": {"gjedde": 49.0, "abbor": 55.0, "orret": 77.0, "harr": 91.0, "sik": 41.0, "lake": 57.0, "mort": 55.0, "brasme": 37.0, "vederbuk": 61.0, "gjors": 49.0}, "Hs": {"gjedde": [49.0, 42.0], "abbor": [55.0, 52.0], "orret": [77.0, 65.0], "harr": [91.0, 44.0], "sik": [41.0, 38.0], "lake": [56.0, 57.0], "mort": [55.0, 42.0], "brasme": [37.0, 35.0], "vederbuk": [61.0, 56.0], "gjors": [40.0, 49.0]}, "bank": {"v": [60.23679, 11.67274], "h": [60.23687, 11.6719]}}}, {"type": "Feature", "geometry": {"type": "LineString", "coordinates": [[11.67213, 60.23593], [11.67193, 60.23504]]}, "properties": {"i": 69, "km": 6.9, "w": 53.67, "w_v": 26.83, "w_h": 26.83, "h": 4.71, "v": 1.27, "S": 0.00031, "klasse_strom": "stryk", "depth_idx": 0.94, "depth_z_v": 0.48, "depth_z_h": 1.22, "veg_v": 0.0, "veg_h": 0.0, "sand_v": 0.0, "sand_h": 0.0, "os": 0.02, "os_navn": null, "sving": 0.0, "innsnevring": 0.0, "bukt_v": 0.0, "bukt_h": 0.0, "dropoff_v": 0.85, "dropoff_h": 0.36, "bru": 0.15, "dam": 0.0, "skygge_v": 0.23, "skygge_h": 0.52, "banktype_v": "eng/dyrket", "banktype_h": "eng/dyrket", "side_navn_v": "Ø-bredden", "side_navn_h": "V-bredden", "island": false, "elv": "Glomma", "H": {"gjedde": 52.0, "abbor": 79.0, "orret": 75.0, "harr": 52.0, "sik": 56.0, "lake": 83.0, "mort": 38.0, "brasme": 49.0, "vederbuk": 69.0, "gjors": 71.0}, "Hs": {"gjedde": [52.0, 22.0], "abbor": [79.0, 61.0], "orret": [75.0, 50.0], "harr": [52.0, 45.0], "sik": [56.0, 48.0], "lake": [83.0, 69.0], "mort": [38.0, 22.0], "brasme": [49.0, 40.0], "vederbuk": [69.0, 47.0], "gjors": [71.0, 59.0]}, "bank": {"v": [60.23591, 11.67255], "h": [60.23596, 11.6717]}}}, {"type": "Feature", "geometry": {"type": "LineString", "coordinates": [[11.67193, 60.23504], [11.67162, 60.23416]]}, "properties": {"i": 70, "km": 7.0, "w": 53.67, "w_v": 26.83, "w_h": 26.83, "h": 4.71, "v": 1.27, "S": 0.00031, "klasse_strom": "stryk", "depth_idx": 0.5, "depth_z_v": -1.12, "depth_z_h": 2.27, "veg_v": 0.0, "veg_h": 0.0, "sand_v": 0.0, "sand_h": 0.0, "os": 0.04, "os_navn": null, "sving": 0.0, "innsnevring": 0.0, "bukt_v": 0.0, "bukt_h": 0.0, "dropoff_v": 0.76, "dropoff_h": 0.0, "bru": 0.06, "dam": 0.0, "skygge_v": 0.23, "skygge_h": 0.53, "banktype_v": "åpen/bebygd", "banktype_h": "eng/dyrket", "side_navn_v": "Ø-bredden", "side_navn_h": "V-bredden", "island": false, "elv": "Glomma", "H": {"gjedde": 64.0, "abbor": 76.0, "orret": 97.0, "harr": 100.0, "sik": 55.0, "lake": 80.0, "mort": 60.0, "brasme": 48.0, "vederbuk": 73.0, "gjors": 69.0}, "Hs": {"gjedde": [64.0, 15.0], "abbor": [76.0, 24.0], "orret": [97.0, 32.0], "harr": [100.0, 32.0], "sik": [55.0, 27.0], "lake": [80.0, 39.0], "mort": [60.0, 16.0], "brasme": [48.0, 19.0], "vederbuk": [73.0, 20.0], "gjors": [69.0, 29.0]}, "bank": {"v": [60.23501, 11.67236], "h": [60.23507, 11.6715]}}}, {"type": "Feature", "geometry": {"type": "LineString", "coordinates": [[11.67162, 60.23416], [11.67118, 60.23329]]}, "properties": {"i": 71, "km": 7.1, "w": 53.67, "w_v": 26.83, "w_h": 26.83, "h": 4.71, "v": 1.27, "S": 0.00031, "klasse_strom": "stryk", "depth_idx": 0.15, "depth_z_v": -1.25, "depth_z_h": -0.22, "veg_v": 0.0, "veg_h": 0.0, "sand_v": 0.0, "sand_h": 0.0, "os": 0.07, "os_navn": null, "sving": 0.01, "innsnevring": 0.0, "bukt_v": 0.0, "bukt_h": 0.0, "dropoff_v": 0.0, "dropoff_h": 0.0, "bru": 0.06, "dam": 0.0, "skygge_v": 0.23, "skygge_h": 0.33, "banktype_v": "åpen/bebygd", "banktype_h": "åpen/bebygd", "side_navn_v": "Ø-bredden", "side_navn_h": "V-bredden", "island": false, "elv": "Glomma", "H": {"gjedde": 43.0, "abbor": 37.0, "orret": 60.0, "harr": 72.0, "sik": 35.0, "lake": 43.0, "mort": 44.0, "brasme": 31.0, "vederbuk": 47.0, "gjors": 37.0}, "Hs": {"gjedde": [43.0, 41.0], "abbor": [36.0, 37.0], "orret": [60.0, 57.0], "harr": [72.0, 58.0], "sik": [35.0, 35.0], "lake": [43.0, 43.0], "mort": [44.0, 39.0], "brasme": [30.0, 31.0], "vederbuk": [47.0, 47.0], "gjors": [36.0, 37.0]}, "bank": {"v": [60.23412, 11.67204], "h": [60.2342, 11.6712]}}}, {"type": "Feature", "geometry": {"type": "LineString", "coordinates": [[11.67118, 60.23329], [11.67097, 60.2324]]}, "properties": {"i": 72, "km": 7.2, "w": 53.67, "w_v": 26.83, "w_h": 26.83, "h": 4.71, "v": 1.27, "S": 0.00031, "klasse_strom": "stryk", "depth_idx": 0.78, "depth_z_v": 0.3, "depth_z_h": 1.41, "veg_v": 0.0, "veg_h": 0.0, "sand_v": 0.0, "sand_h": 0.0, "os": 0.14, "os_navn": null, "sving": 0.08, "innsnevring": 0.0, "bukt_v": 0.0, "bukt_h": 0.0, "dropoff_v": 0.54, "dropoff_h": 0.0, "bru": 0.11, "dam": 0.0, "skygge_v": 0.23, "skygge_h": 0.23, "banktype_v": "åpen/bebygd", "banktype_h": "åpen/bebygd", "side_navn_v": "Ø-bredden", "side_navn_h": "V-bredden", "island": false, "elv": "Glomma", "H": {"gjedde": 52.0, "abbor": 71.0, "orret": 78.0, "harr": 51.0, "sik": 53.0, "lake": 76.0, "mort": 43.0, "brasme": 46.0, "vederbuk": 68.0, "gjors": 65.0}, "Hs": {"gjedde": [52.0, 19.0], "abbor": [71.0, 43.0], "orret": [78.0, 42.0], "harr": [51.0, 42.0], "sik": [53.0, 40.0], "lake": [76.0, 53.0], "mort": [43.0, 19.0], "brasme": [46.0, 32.0], "vederbuk": [68.0, 35.0], "gjors": [65.0, 45.0]}, "bank": {"v": [60.23325, 11.6716], "h": [60.23333, 11.67076]}}}, {"type": "Feature", "geometry": {"type": "LineString", "coordinates": [[11.67097, 60.2324], [11.6708, 60.23151]]}, "properties": {"i": 73, "km": 7.3, "w": 53.67, "w_v": 26.83, "w_h": 26.83, "h": 4.71, "v": 1.27, "S": 0.00031, "klasse_strom": "stryk", "depth_idx": 0.41, "depth_z_v": -0.12, "depth_z_h": -0.68, "veg_v": 0.0, "veg_h": 0.0, "sand_v": 0.0, "sand_h": 0.0, "os": 0.26, "os_navn": "bekk", "sving": 0.15, "innsnevring": 0.0, "bukt_v": 0.0, "bukt_h": 0.0, "dropoff_v": 0.0, "dropoff_h": 0.22, "bru": 0.14, "dam": 0.0, "skygge_v": 0.23, "skygge_h": 0.23, "banktype_v": "åpen/bebygd", "banktype_h": "åpen/bebygd", "side_navn_v": "Ø-bredden", "side_navn_h": "V-bredden", "island": false, "elv": "Glomma", "H": {"gjedde": 59.0, "abbor": 63.0, "orret": 91.0, "harr": 97.0, "sik": 50.0, "lake": 69.0, "mort": 55.0, "brasme": 43.0, "vederbuk": 72.0, "gjors": 59.0}, "Hs": {"gjedde": [51.0, 59.0], "abbor": [55.0, 63.0], "orret": [79.0, 91.0], "harr": [76.0, 97.0], "sik": [45.0, 50.0], "lake": [61.0, 69.0], "mort": [47.0, 55.0], "brasme": [39.0, 43.0], "vederbuk": [66.0, 72.0], "gjors": [51.0, 59.0]}, "bank": {"v": [60.23238, 11.6714], "h": [60.23242, 11.67054]}}}, {"type": "Feature", "geometry": {"type": "LineString", "coordinates": [[11.6708, 60.23151], [11.67079, 60.23061]]}, "properties": {"i": 74, "km": 7.4, "w": 53.67, "w_v": 26.83, "w_h": 26.83, "h": 4.71, "v": 1.27, "S": 0.00031, "klasse_strom": "stryk", "depth_idx": 0.4, "depth_z_v": -0.36, "depth_z_h": -0.22, "veg_v": 0.0, "veg_h": 0.0, "sand_v": 0.0, "sand_h": 0.0, "os": 0.51, "os_navn": "bekk", "sving": 0.11, "innsnevring": 0.0, "bukt_v": 0.0, "bukt_h": 0.0, "dropoff_v": 0.0, "dropoff_h": 0.0, "bru": 0.11, "dam": 0.0, "skygge_v": 0.23, "skygge_h": 0.23, "banktype_v": "åpen/bebygd", "banktype_h": "åpen/bebygd", "side_navn_v": "Ø-bredden", "side_navn_h": "V-bredden", "island": false, "elv": "Glomma", "H": {"gjedde": 58.0, "abbor": 60.0, "orret": 93.0, "harr": 93.0, "sik": 49.0, "lake": 67.0, "mort": 53.0, "brasme": 42.0, "vederbuk": 76.0, "gjors": 56.0}, "Hs": {"gjedde": [58.0, 57.0], "abbor": [60.0, 60.0], "orret": [93.0, 91.0], "harr": [93.0, 88.0], "sik": [49.0, 49.0], "lake": [67.0, 67.0], "mort": [53.0, 52.0], "brasme": [42.0, 42.0], "vederbuk": [76.0, 75.0], "gjors": [56.0, 56.0]}, "bank": {"v": [60.2315, 11.67123], "h": [60.23152, 11.67037]}}}, {"type": "Feature", "geometry": {"type": "LineString", "coordinates": [[11.67079, 60.23061], [11.67089, 60.22971]]}, "properties": {"i": 75, "km": 7.5, "w": 53.67, "w_v": 26.83, "w_h": 26.83, "h": 9.14, "v": 0.65, "S": 4e-05, "klasse_strom": "moderat", "depth_idx": 0.45, "depth_z_v": 0.12, "depth_z_h": -0.52, "veg_v": 0.0, "veg_h": 0.0, "sand_v": 0.0, "sand_h": 0.0, "os": 1.0, "os_navn": "bekk", "sving": 0.1, "innsnevring": 0.0, "bukt_v": 0.0, "bukt_h": 0.0, "dropoff_v": 0.0, "dropoff_h": 0.22, "bru": 0.07, "dam": 0.0, "skygge_v": 0.23, "skygge_h": 0.23, "banktype_v": "åpen/bebygd", "banktype_h": "åpen/bebygd", "side_navn_v": "Ø-bredden", "side_navn_h": "V-bredden", "island": false, "elv": "Glomma", "H": {"gjedde": 42.0, "abbor": 94.0, "orret": 68.0, "harr": 67.0, "sik": 100.0, "lake": 100.0, "mort": 44.0, "brasme": 99.0, "vederbuk": 87.0, "gjors": 100.0}, "Hs": {"gjedde": [42.0, 42.0], "abbor": [78.0, 94.0], "orret": [68.0, 68.0], "harr": [66.0, 67.0], "sik": [94.0, 100.0], "lake": [97.0, 100.0], "mort": [43.0, 44.0], "brasme": [80.0, 99.0], "vederbuk": [63.0, 87.0], "gjors": [90.0, 100.0]}, "bank": {"v": [60.23061, 11.67122], "h": [60.2306, 11.67036]}}}, {"type": "Feature", "geometry": {"type": "LineString", "coordinates": [[11.67089, 60.22971], [11.67106, 60.22882]]}, "properties": {"i": 76, "km": 7.6, "w": 53.67, "w_v": 26.83, "w_h": 26.83, "h": 9.14, "v": 0.65, "S": 4e-05, "klasse_strom": "moderat", "depth_idx": 0.7, "depth_z_v": 0.66, "depth_z_h": 0.56, "veg_v": 0.0, "veg_h": 0.0, "sand_v": 0.0, "sand_h": 0.0, "os": 0.51, "os_navn": "bekk", "sving": 0.06, "innsnevring": 0.0, "bukt_v": 0.0, "bukt_h": 0.0, "dropoff_v": 0.11, "dropoff_h": 0.17, "bru": 0.03, "dam": 0.0, "skygge_v": 0.23, "skygge_h": 0.23, "banktype_v": "åpen/bebygd", "banktype_h": "åpen/bebygd", "side_navn_v": "Ø-bredden", "side_navn_h": "V-bredden", "island": false, "elv": "Glomma", "H": {"gjedde": 38.0, "abbor": 54.0, "orret": 58.0, "harr": 58.0, "sik": 77.0, "lake": 84.0, "mort": 39.0, "brasme": 55.0, "vederbuk": 54.0, "gjors": 72.0}, "Hs": {"gjedde": [38.0, 38.0], "abbor": [45.0, 54.0], "orret": [57.0, 58.0], "harr": [58.0, 58.0], "sik": [73.0, 77.0], "lake": [80.0, 84.0], "mort": [39.0, 39.0], "brasme": [45.0, 55.0], "vederbuk": [54.0, 54.0], "gjors": [67.0, 72.0]}, "bank": {"v": [60.22973, 11.67131], "h": [60.2297, 11.67046]}}}, {"type": "Feature", "geometry": {"type": "LineString", "coordinates": [[11.67106, 60.22882], [11.67124, 60.22793]]}, "properties": {"i": 77, "km": 7.7, "w": 53.67, "w_v": 26.83, "w_h": 26.83, "h": 9.14, "v": 0.65, "S": 4e-05, "klasse_strom": "moderat", "depth_idx": 0.73, "depth_z_v": 0.76, "depth_z_h": 0.75, "veg_v": 0.0, "veg_h": 0.0, "sand_v": 0.0, "sand_h": 0.0, "os": 0.26, "os_navn": "bekk", "sving": 0.01, "innsnevring": 0.0, "bukt_v": 0.0, "bukt_h": 0.0, "dropoff_v": 0.11, "dropoff_h": 0.12, "bru": 0.02, "dam": 0.0, "skygge_v": 0.23, "skygge_h": 0.23, "banktype_v": "åpen/bebygd", "banktype_h": "åpen/bebygd", "side_navn_v": "Ø-bredden", "side_navn_h": "V-bredden", "island": false, "elv": "Glomma", "H": {"gjedde": 34.0, "abbor": 27.0, "orret": 49.0, "harr": 50.0, "sik": 64.0, "lake": 69.0, "mort": 35.0, "brasme": 27.0, "vederbuk": 45.0, "gjors": 57.0}, "Hs": {"gjedde": [34.0, 34.0], "abbor": [27.0, 27.0], "orret": [48.0, 49.0], "harr": [50.0, 50.0], "sik": [63.0, 64.0], "lake": [68.0, 69.0], "mort": [35.0, 35.0], "brasme": [27.0, 27.0], "vederbuk": [45.0, 45.0], "gjors": [56.0, 57.0]}, "bank": {"v": [60.22884, 11.67148], "h": [60.2288, 11.67063]}}}, {"type": "Feature", "geometry": {"type": "LineString", "coordinates": [[11.67124, 60.22793], [11.67144, 60.22703]]}, "properties": {"i": 78, "km": 7.8, "w": 53.67, "w_v": 26.83, "w_h": 26.83, "h": 9.14, "v": 0.65, "S": 4e-05, "klasse_strom": "moderat", "depth_idx": 0.51, "depth_z_v": -0.47, "depth_z_h": 0.39, "veg_v": 0.0, "veg_h": 0.0, "sand_v": 0.0, "sand_h": 0.0, "os": 0.14, "os_navn": null, "sving": 0.07, "innsnevring": 0.0, "bukt_v": 0.0, "bukt_h": 0.0, "dropoff_v": 0.33, "dropoff_h": 0.0, "bru": 0.01, "dam": 0.0, "skygge_v": 0.23, "skygge_h": 0.23, "banktype_v": "åpen/bebygd", "banktype_h": "åpen/bebygd", "side_navn_v": "Ø-bredden", "side_navn_h": "V-bredden", "island": false, "elv": "Glomma", "H": {"gjedde": 35.0, "abbor": 77.0, "orret": 50.0, "harr": 51.0, "sik": 91.0, "lake": 83.0, "mort": 36.0, "brasme": 85.0, "vederbuk": 57.0, "gjors": 86.0}, "Hs": {"gjedde": [35.0, 29.0], "abbor": [77.0, 39.0], "orret": [50.0, 40.0], "harr": [51.0, 43.0], "sik": [91.0, 62.0], "lake": [83.0, 57.0], "mort": [36.0, 30.0], "brasme": [85.0, 49.0], "vederbuk": [57.0, 38.0], "gjors": [86.0, 50.0]}, "bank": {"v": [60.22795, 11.67167], "h": [60.2279, 11.67082]}}}, {"type": "Feature", "geometry": {"type": "LineString", "coordinates": [[11.67144, 60.22703], [11.67156, 60.22614]]}, "properties": {"i": 79, "km": 7.9, "w": 53.67, "w_v": 26.83, "w_h": 26.83, "h": 11.58, "v": 0.51, "S": 2e-05, "klasse_strom": "moderat", "depth_idx": 0.47, "depth_z_v": -0.5, "depth_z_h": 0.26, "veg_v": 0.0, "veg_h": 0.0, "sand_v": 0.0, "sand_h": 0.0, "os": 0.07, "os_navn": null, "sving": 0.16, "innsnevring": 0.0, "bukt_v": 0.0, "bukt_h": 0.0, "dropoff_v": 0.25, "dropoff_h": 0.0, "bru": 0.0, "dam": 0.0, "skygge_v": 0.23, "skygge_h": 0.23, "banktype_v": "åpen/bebygd", "banktype_h": "åpen/bebygd", "side_navn_v": "Ø-bredden", "side_navn_h": "V-bredden", "island": false, "elv": "Glomma", "H": {"gjedde": 34.0, "abbor": 62.0, "orret": 48.0, "harr": 49.0, "sik": 79.0, "lake": 78.0, "mort": 34.0, "brasme": 68.0, "vederbuk": 44.0, "gjors": 73.0}, "Hs": {"gjedde": [34.0, 29.0], "abbor": [62.0, 21.0], "orret": [48.0, 40.0], "harr": [49.0, 43.0], "sik": [79.0, 52.0], "lake": [78.0, 52.0], "mort": [34.0, 30.0], "brasme": [68.0, 23.0], "vederbuk": [44.0, 37.0], "gjors": [73.0, 43.0]}, "bank": {"v": [60.22705, 11.67187], "h": [60.22702, 11.67101]}}}, {"type": "Feature", "geometry": {"type": "LineString", "coordinates": [[11.67156, 60.22614], [11.67146, 60.22525]]}, "properties": {"i": 80, "km": 8.0, "w": 53.67, "w_v": 26.83, "w_h": 26.83, "h": 11.58, "v": 0.51, "S": 2e-05, "klasse_strom": "moderat", "depth_idx": 0.64, "depth_z_v": 0.31, "depth_z_h": 0.83, "veg_v": 0.0, "veg_h": 0.0, "sand_v": 0.0, "sand_h": 0.0, "os": 0.04, "os_navn": null, "sving": 0.18, "innsnevring": 0.0, "bukt_v": 0.0, "bukt_h": 0.0, "dropoff_v": 0.18, "dropoff_h": 0.0, "bru": 0.0, "dam": 0.0, "skygge_v": 0.23, "skygge_h": 0.23, "banktype_v": "åpen/bebygd", "banktype_h": "åpen/bebygd", "side_navn_v": "Ø-bredden", "side_navn_h": "V-bredden", "island": false, "elv": "Glomma", "H": {"gjedde": 32.0, "abbor": 27.0, "orret": 45.0, "harr": 47.0, "sik": 61.0, "lake": 67.0, "mort": 33.0, "brasme": 27.0, "vederbuk": 41.0, "gjors": 56.0}, "Hs": {"gjedde": [32.0, 28.0], "abbor": [27.0, 20.0], "orret": [45.0, 38.0], "harr": [47.0, 42.0], "sik": [61.0, 50.0], "lake": [67.0, 50.0], "mort": [33.0, 29.0], "brasme": [27.0, 22.0], "vederbuk": [41.0, 35.0], "gjors": [56.0, 41.0]}, "bank": {"v": [60.22614, 11.67199], "h": [60.22614, 11.67113]}}}, {"type": "Feature", "geometry": {"type": "LineString", "coordinates": [[11.67146, 60.22525], [11.67107, 60.22437]]}, "properties": {"i": 81, "km": 8.1, "w": 53.67, "w_v": 26.83, "w_h": 26.83, "h": 11.58, "v": 0.51, "S": 2e-05, "klasse_strom": "moderat", "depth_idx": 0.59, "depth_z_v": -0.13, "depth_z_h": 0.82, "veg_v": 0.0, "veg_h": 0.0, "sand_v": 0.0, "sand_h": 0.0, "os": 0.07, "os_navn": null, "sving": 0.24, "innsnevring": 0.0, "bukt_v": 0.0, "bukt_h": 0.0, "dropoff_v": 0.33, "dropoff_h": 0.0, "bru": 0.01, "dam": 0.0, "skygge_v": 0.23, "skygge_h": 0.24, "banktype_v": "åpen/bebygd", "banktype_h": "åpen/bebygd", "side_navn_v": "Ø-bredden", "side_navn_h": "V-bredden", "island": false, "elv": "Glomma", "H": {"gjedde": 35.0, "abbor": 54.0, "orret": 51.0, "harr": 52.0, "sik": 74.0, "lake": 81.0, "mort": 36.0, "brasme": 55.0, "vederbuk": 47.0, "gjors": 71.0}, "Hs": {"gjedde": [35.0, 30.0], "abbor": [54.0, 23.0], "orret": [51.0, 43.0], "harr": [52.0, 46.0], "sik": [74.0, 54.0], "lake": [81.0, 57.0], "mort": [36.0, 31.0], "brasme": [55.0, 24.0], "vederbuk": [47.0, 40.0], "gjors": [71.0, 46.0]}, "bank": {"v": [60.22522, 11.67189], "h": [60.22528, 11.67104]}}}, {"type": "Feature", "geometry": {"type": "LineString", "coordinates": [[11.67107, 60.22437], [11.67063, 60.2235]]}, "properties": {"i": 82, "km": 8.2, "w": 53.67, "w_v": 26.83, "w_h": 26.83, "h": 11.58, "v": 0.51, "S": 2e-05, "klasse_strom": "moderat", "depth_idx": 0.45, "depth_z_v": -0.1, "depth_z_h": 0.92, "veg_v": 0.0, "veg_h": 0.0, "sand_v": 0.0, "sand_h": 0.0, "os": 0.14, "os_navn": null, "sving": 0.26, "innsnevring": 0.0, "bukt_v": 0.0, "bukt_h": 0.0, "dropoff_v": 0.0, "dropoff_h": 0.0, "bru": 0.02, "dam": 0.0, "skygge_v": 0.23, "skygge_h": 0.23, "banktype_v": "åpen/bebygd", "banktype_h": "åpen/bebygd", "side_navn_v": "Ø-bredden", "side_navn_h": "V-bredden", "island": false, "elv": "Glomma", "H": {"gjedde": 32.0, "abbor": 41.0, "orret": 47.0, "harr": 49.0, "sik": 63.0, "lake": 64.0, "mort": 33.0, "brasme": 46.0, "vederbuk": 44.0, "gjors": 55.0}, "Hs": {"gjedde": [32.0, 32.0], "abbor": [41.0, 25.0], "orret": [47.0, 47.0], "harr": [49.0, 49.0], "sik": [63.0, 58.0], "lake": [64.0, 62.0], "mort": [33.0, 33.0], "brasme": [46.0, 26.0], "vederbuk": [44.0, 44.0], "gjors": [55.0, 51.0]}, "bank": {"v": [60.22432, 11.67149], "h": [60.22442, 11.67065]}}}, {"type": "Feature", "geometry": {"type": "LineString", "coordinates": [[11.67063, 60.2235], [11.66992, 60.22268]]}, "properties": {"i": 83, "km": 8.3, "w": 53.67, "w_v": 26.83, "w_h": 26.83, "h": 11.58, "v": 0.51, "S": 2e-05, "klasse_strom": "moderat", "depth_idx": 0.41, "depth_z_v": 0.19, "depth_z_h": -0.11, "veg_v": 0.0, "veg_h": 0.0, "sand_v": 0.0, "sand_h": 0.0, "os": 0.26, "os_navn": "Sjøåa", "sving": 0.29, "innsnevring": 0.0, "bukt_v": 0.0, "bukt_h": 0.0, "dropoff_v": 0.0, "dropoff_h": 0.0, "bru": 0.06, "dam": 0.0, "skygge_v": 0.23, "skygge_h": 0.23, "banktype_v": "åpen/bebygd", "banktype_h": "åpen/bebygd", "side_navn_v": "Ø-bredden", "side_navn_h": "V-bredden", "island": false, "elv": "Glomma", "H": {"gjedde": 35.0, "abbor": 47.0, "orret": 52.0, "harr": 54.0, "sik": 69.0, "lake": 73.0, "mort": 36.0, "brasme": 50.0, "vederbuk": 49.0, "gjors": 63.0}, "Hs": {"gjedde": [35.0, 35.0], "abbor": [29.0, 47.0], "orret": [52.0, 52.0], "harr": [54.0, 54.0], "sik": [63.0, 69.0], "lake": [71.0, 73.0], "mort": [36.0, 36.0], "brasme": [28.0, 50.0], "vederbuk": [49.0, 49.0], "gjors": [58.0, 63.0]}, "bank": {"v": [60.22343, 11.67104], "h": [60.22357, 11.67022]}}}, {"type": "Feature", "geometry": {"type": "LineString", "coordinates": [[11.66992, 60.22268], [11.66894, 60.22193]]}, "properties": {"i": 84, "km": 8.4, "w": 53.67, "w_v": 26.83, "w_h": 26.83, "h": 11.58, "v": 0.51, "S": 2e-05, "klasse_strom": "moderat", "depth_idx": 0.57, "depth_z_v": -0.03, "depth_z_h": 0.42, "veg_v": 0.0, "veg_h": 0.0, "sand_v": 0.0, "sand_h": 0.0, "os": 0.51, "os_navn": "Sjøåa", "sving": 0.38, "innsnevring": 0.0, "bukt_v": 0.0, "bukt_h": 0.0, "dropoff_v": 0.21, "dropoff_h": 0.0, "bru": 0.13, "dam": 0.0, "skygge_v": 0.23, "skygge_h": 0.23, "banktype_v": "åpen/bebygd", "banktype_h": "åpen/bebygd", "side_navn_v": "SØ-bredden", "side_navn_h": "NV-bredden", "island": false, "elv": "Glomma", "H": {"gjedde": 39.0, "abbor": 52.0, "orret": 61.0, "harr": 62.0, "sik": 78.0, "lake": 89.0, "mort": 41.0, "brasme": 50.0, "vederbuk": 58.0, "gjors": 75.0}, "Hs": {"gjedde": [39.0, 38.0], "abbor": [52.0, 34.0], "orret": [61.0, 60.0], "harr": [62.0, 61.0], "sik": [78.0, 70.0], "lake": [89.0, 82.0], "mort": [41.0, 40.0], "brasme": [50.0, 31.0], "vederbuk": [58.0, 57.0], "gjors": [75.0, 67.0]}, "bank": {"v": [60.22258, 11.67029], "h": [60.22278, 11.66954]}}}, {"type": "Feature", "geometry": {"type": "LineString", "coordinates": [[11.66894, 60.22193], [11.66765, 60.22131]]}, "properties": {"i": 85, "km": 8.5, "w": 53.67, "w_v": 26.83, "w_h": 26.83, "h": 11.58, "v": 0.51, "S": 2e-05, "klasse_strom": "moderat", "depth_idx": 0.64, "depth_z_v": 0.03, "depth_z_h": 1.1, "veg_v": 0.0, "veg_h": 0.0, "sand_v": 0.0, "sand_h": 0.0, "os": 1.0, "os_navn": "Sjøåa", "sving": 0.57, "innsnevring": 0.0, "bukt_v": 0.0, "bukt_h": 0.0, "dropoff_v": 0.36, "dropoff_h": 0.0, "bru": 0.22, "dam": 0.0, "skygge_v": 0.23, "skygge_h": 0.23, "banktype_v": "åpen/bebygd", "banktype_h": "åpen/bebygd", "side_navn_v": "SØ-bredden", "side_navn_h": "NV-bredden", "island": false, "elv": "Glomma", "H": {"gjedde": 43.0, "abbor": 51.0, "orret": 69.0, "harr": 69.0, "sik": 83.0, "lake": 98.0, "mort": 45.0, "brasme": 46.0, "vederbuk": 65.0, "gjors": 82.0}, "Hs": {"gjedde": [43.0, 42.0], "abbor": [51.0, 39.0], "orret": [69.0, 68.0], "harr": [69.0, 68.0], "sik": [83.0, 78.0], "lake": [98.0, 94.0], "mort": [45.0, 44.0], "brasme": [46.0, 34.0], "vederbuk": [65.0, 65.0], "gjors": [82.0, 77.0]}, "bank": {"v": [60.22179, 11.66927], "h": [60.22206, 11.66861]}}}, {"type": "Feature", "geometry": {"type": "LineString", "coordinates": [[11.66765, 60.22131], [11.66613, 60.22083]]}, "properties": {"i": 86, "km": 8.6, "w": 53.67, "w_v": 26.83, "w_h": 26.83, "h": 11.58, "v": 0.51, "S": 2e-05, "klasse_strom": "moderat", "depth_idx": 0.79, "depth_z_v": 0.96, "depth_z_h": 0.19, "veg_v": 0.0, "veg_h": 0.0, "sand_v": 0.0, "sand_h": 0.0, "os": 0.51, "os_navn": "Sjøåa", "sving": 0.43, "innsnevring": 0.0, "bukt_v": 0.0, "bukt_h": 0.0, "dropoff_v": 0.14, "dropoff_h": 0.65, "bru": 0.16, "dam": 0.0, "skygge_v": 0.23, "skygge_h": 0.23, "banktype_v": "åpen/bebygd", "banktype_h": "åpen/bebygd", "side_navn_v": "SØ-bredden", "side_navn_h": "NV-bredden", "island": false, "elv": "Glomma", "H": {"gjedde": 41.0, "abbor": 40.0, "orret": 65.0, "harr": 65.0, "sik": 79.0, "lake": 96.0, "mort": 43.0, "brasme": 35.0, "vederbuk": 61.0, "gjors": 79.0}, "Hs": {"gjedde": [39.0, 41.0], "abbor": [36.0, 40.0], "orret": [62.0, 65.0], "harr": [62.0, 65.0], "sik": [73.0, 79.0], "lake": [86.0, 96.0], "mort": [41.0, 43.0], "brasme": [32.0, 35.0], "vederbuk": [58.0, 61.0], "gjors": [71.0, 79.0]}, "bank": {"v": [60.22114, 11.66792], "h": [60.22147, 11.66739]}}}, {"type": "Feature", "geometry": {"type": "LineString", "coordinates": [[11.66613, 60.22083], [11.66434, 60.22081]]}, "properties": {"i": 87, "km": 8.7, "w": 53.67, "w_v": 26.83, "w_h": 26.83, "h": 11.58, "v": 0.51, "S": 2e-05, "klasse_strom": "moderat", "depth_idx": 0.4, "depth_z_v": -0.57, "depth_z_h": 1.25, "veg_v": 0.0, "veg_h": 0.0, "sand_v": 0.0, "sand_h": 0.0, "os": 0.26, "os_navn": "Sjøåa", "sving": 0.26, "innsnevring": 0.0, "bukt_v": 0.0, "bukt_h": 0.0, "dropoff_v": 0.13, "dropoff_h": 0.0, "bru": 0.07, "dam": 0.0, "skygge_v": 0.23, "skygge_h": 0.23, "banktype_v": "åpen/bebygd", "banktype_h": "åpen/bebygd", "side_navn_v": "S-bredden", "side_navn_h": "N-bredden", "island": false, "elv": "Glomma", "H": {"gjedde": 36.0, "abbor": 67.0, "orret": 54.0, "harr": 55.0, "sik": 83.0, "lake": 82.0, "mort": 37.0, "brasme": 73.0, "vederbuk": 51.0, "gjors": 77.0}, "Hs": {"gjedde": [36.0, 35.0], "abbor": [67.0, 29.0], "orret": [54.0, 52.0], "harr": [55.0, 54.0], "sik": [83.0, 63.0], "lake": [82.0, 70.0], "mort": [37.0, 36.0], "brasme": [73.0, 28.0], "vederbuk": [51.0, 49.0], "gjors": [77.0, 58.0]}, "bank": {"v": [60.22063, 11.66626], "h": [60.22104, 11.66601]}}}, {"type": "Feature", "geometry": {"type": "LineString", "coordinates": [[11.66434, 60.22081], [11.66256, 60.22068]]}, "properties": {"i": 88, "km": 8.8, "w": 53.67, "w_v": 26.83, "w_h": 26.83, "h": 8.18, "v": 0.73, "S": 6e-05, "klasse_strom": "moderat", "depth_idx": 0.98, "depth_z_v": 1.03, "depth_z_h": 3.0, "veg_v": 0.0, "veg_h": 0.0, "sand_v": 0.0, "sand_h": 0.0, "os": 0.14, "os_navn": null, "sving": 0.13, "innsnevring": 0.0, "bukt_v": 0.0, "bukt_h": 0.0, "dropoff_v": 0.6, "dropoff_h": 0.0, "bru": 0.03, "dam": 0.0, "skygge_v": 0.23, "skygge_h": 0.43, "banktype_v": "åpen/bebygd", "banktype_h": "eng/dyrket", "side_navn_v": "S-bredden", "side_navn_h": "N-bredden", "island": false, "elv": "Glomma", "H": {"gjedde": 38.0, "abbor": 45.0, "orret": 56.0, "harr": 56.0, "sik": 77.0, "lake": 90.0, "mort": 39.0, "brasme": 41.0, "vederbuk": 52.0, "gjors": 76.0}, "Hs": {"gjedde": [38.0, 31.0], "abbor": [45.0, 23.0], "orret": [56.0, 46.0], "harr": [56.0, 46.0], "sik": [77.0, 55.0], "lake": [90.0, 58.0], "mort": [39.0, 33.0], "brasme": [41.0, 25.0], "vederbuk": [52.0, 41.0], "gjors": [76.0, 48.0]}, "bank": {"v": [60.2206, 11.66438], "h": [60.22102, 11.6643]}}}, {"type": "Feature", "geometry": {"type": "LineString", "coordinates": [[11.66256, 60.22068], [11.66082, 60.22045]]}, "properties": {"i": 89, "km": 8.9, "w": 53.67, "w_v": 26.83, "w_h": 26.83, "h": 8.18, "v": 0.73, "S": 6e-05, "klasse_strom": "moderat", "depth_idx": 0.44, "depth_z_v": 0.09, "depth_z_h": -0.47, "veg_v": 0.08, "veg_h": 0.5, "sand_v": 0.0, "sand_h": 0.0, "os": 0.07, "os_navn": null, "sving": 0.19, "innsnevring": 0.0, "bukt_v": 0.0, "bukt_h": 0.0, "dropoff_v": 0.0, "dropoff_h": 0.15, "bru": 0.01, "dam": 0.0, "skygge_v": 0.23, "skygge_h": 0.53, "banktype_v": "åpen/bebygd", "banktype_h": "eng/dyrket", "side_navn_v": "S-bredden", "side_navn_h": "N-bredden", "island": false, "elv": "Glomma", "H": {"gjedde": 90.0, "abbor": 100.0, "orret": 40.0, "harr": 43.0, "sik": 68.0, "lake": 58.0, "mort": 75.0, "brasme": 100.0, "vederbuk": 100.0, "gjors": 57.0}, "Hs": {"gjedde": [40.0, 90.0], "abbor": [73.0, 100.0], "orret": [40.0, 33.0], "harr": [43.0, 33.0], "sik": [68.0, 56.0], "lake": [58.0, 49.0], "mort": [49.0, 75.0], "brasme": [84.0, 100.0], "vederbuk": [50.0, 100.0], "gjors": [57.0, 51.0]}, "bank": {"v": [60.22047, 11.66265], "h": [60.22089, 11.66247]}}}, {"type": "Feature", "geometry": {"type": "LineString", "coordinates": [[11.66082, 60.22045], [11.65909, 60.22019]]}, "properties": {"i": 90, "km": 9.0, "w": 53.67, "w_v": 26.83, "w_h": 26.83, "h": 8.18, "v": 0.73, "S": 6e-05, "klasse_strom": "moderat", "depth_idx": 0.39, "depth_z_v": 0.11, "depth_z_h": -0.05, "veg_v": 0.08, "veg_h": 0.42, "sand_v": 0.0, "sand_h": 0.0, "os": 0.04, "os_navn": null, "sving": 0.17, "innsnevring": 0.0, "bukt_v": 0.0, "bukt_h": 0.0, "dropoff_v": 0.0, "dropoff_h": 0.0, "bru": 0.0, "dam": 0.0, "skygge_v": 0.23, "skygge_h": 0.23, "banktype_v": "åpen/bebygd", "banktype_h": "eng/dyrket", "side_navn_v": "S-bredden", "side_navn_h": "N-bredden", "island": false, "elv": "Glomma", "H": {"gjedde": 69.0, "abbor": 85.0, "orret": 37.0, "harr": 40.0, "sik": 64.0, "lake": 53.0, "mort": 63.0, "brasme": 94.0, "vederbuk": 52.0, "gjors": 52.0}, "Hs": {"gjedde": [38.0, 69.0], "abbor": [66.0, 85.0], "orret": [37.0, 32.0], "harr": [40.0, 28.0], "sik": [64.0, 56.0], "lake": [53.0, 45.0], "mort": [46.0, 63.0], "brasme": [80.0, 94.0], "vederbuk": [46.0, 52.0], "gjors": [52.0, 37.0]}, "bank": {"v": [60.22025, 11.66093], "h": [60.22066, 11.6607]}}}, {"type": "Feature", "geometry": {"type": "LineString", "coordinates": [[11.65909, 60.22019], [11.65743, 60.21984]]}, "properties": {"i": 91, "km": 9.1, "w": 53.67, "w_v": 26.83, "w_h": 26.83, "h": 8.18, "v": 0.73, "S": 6e-05, "klasse_strom": "moderat", "depth_idx": 0.4, "depth_z_v": -0.34, "depth_z_h": 0.35, "veg_v": 0.0, "veg_h": 0.0, "sand_v": 0.0, "sand_h": 0.0, "os": 0.02, "os_navn": null, "sving": 0.16, "innsnevring": 0.0, "bukt_v": 0.0, "bukt_h": 0.0, "dropoff_v": 0.0, "dropoff_h": 0.0, "bru": 0.0, "dam": 0.0, "skygge_v": 0.23, "skygge_h": 0.23, "banktype_v": "åpen/bebygd", "banktype_h": "åpen/bebygd", "side_navn_v": "S-bredden", "side_navn_h": "N-bredden", "island": false, "elv": "Glomma", "H": {"gjedde": 26.0, "abbor": 47.0, "orret": 36.0, "harr": 40.0, "sik": 64.0, "lake": 51.0, "mort": 28.0, "brasme": 65.0, "vederbuk": 52.0, "gjors": 52.0}, "Hs": {"gjedde": [26.0, 26.0], "abbor": [47.0, 41.0], "orret": [36.0, 36.0], "harr": [40.0, 40.0], "sik": [64.0, 60.0], "lake": [51.0, 51.0], "mort": [28.0, 28.0], "brasme": [65.0, 55.0], "vederbuk": [52.0, 33.0], "gjors": [52.0, 48.0]}, "bank": {"v": [60.21999, 11.65924], "h": [60.22039, 11.65894]}}}, {"type": "Feature", "geometry": {"type": "LineString", "coordinates": [[11.65743, 60.21984], [11.65584, 60.21942]]}, "properties": {"i": 92, "km": 9.2, "w": 53.67, "w_v": 26.83, "w_h": 26.83, "h": 8.18, "v": 0.73, "S": 6e-05, "klasse_strom": "moderat", "depth_idx": 1.0, "depth_z_v": 3.0, "depth_z_h": 3.0, "veg_v": 0.0, "veg_h": 0.17, "sand_v": 0.0, "sand_h": 0.0, "os": 0.01, "os_navn": null, "sving": 0.16, "innsnevring": 0.0, "bukt_v": 0.0, "bukt_h": 0.0, "dropoff_v": 0.0, "dropoff_h": 0.0, "bru": 0.0, "dam": 0.0, "skygge_v": 0.23, "skygge_h": 0.23, "banktype_v": "åpen/bebygd", "banktype_h": "åpen/bebygd", "side_navn_v": "SØ-bredden", "side_navn_h": "NV-bredden", "island": false, "elv": "Glomma", "H": {"gjedde": 49.0, "abbor": 29.0, "orret": 35.0, "harr": 39.0, "sik": 47.0, "lake": 46.0, "mort": 50.0, "brasme": 30.0, "vederbuk": 45.0, "gjors": 37.0}, "Hs": {"gjedde": [26.0, 49.0], "abbor": [18.0, 29.0], "orret": [35.0, 34.0], "harr": [39.0, 37.0], "sik": [47.0, 45.0], "lake": [46.0, 44.0], "mort": [27.0, 50.0], "brasme": [21.0, 30.0], "vederbuk": [32.0, 45.0], "gjors": [37.0, 35.0]}, "bank": {"v": [60.21964, 11.65762], "h": [60.22003, 11.65725]}}}, {"type": "Feature", "geometry": {"type": "LineString", "coordinates": [[11.65584, 60.21942], [11.65433, 60.21893]]}, "properties": {"i": 93, "km": 9.3, "w": 53.67, "w_v": 26.83, "w_h": 26.83, "h": 8.18, "v": 0.73, "S": 6e-05, "klasse_strom": "moderat", "depth_idx": 1.0, "depth_z_v": 1.31, "depth_z_h": 3.0, "veg_v": 0.0, "veg_h": 0.0, "sand_v": 0.0, "sand_h": 0.0, "os": 0.0, "os_navn": null, "sving": 0.14, "innsnevring": 0.0, "bukt_v": 0.0, "bukt_h": 0.0, "dropoff_v": 0.97, "dropoff_h": 0.0, "bru": 0.0, "dam": 0.0, "skygge_v": 0.24, "skygge_h": 0.23, "banktype_v": "åpen/bebygd", "banktype_h": "åpen/bebygd", "side_navn_v": "SØ-bredden", "side_navn_h": "NV-bredden", "island": false, "elv": "Glomma", "H": {"gjedde": 41.0, "abbor": 43.0, "orret": 61.0, "harr": 59.0, "sik": 80.0, "lake": 99.0, "mort": 41.0, "brasme": 35.0, "vederbuk": 56.0, "gjors": 83.0}, "Hs": {"gjedde": [41.0, 25.0], "abbor": [43.0, 17.0], "orret": [61.0, 34.0], "harr": [59.0, 37.0], "sik": [80.0, 45.0], "lake": [99.0, 44.0], "mort": [41.0, 26.0], "brasme": [35.0, 21.0], "vederbuk": [56.0, 31.0], "gjors": [83.0, 36.0]}, "bank": {"v": [60.21923, 11.65606], "h": [60.2196, 11.65562]}}}, {"type": "Feature", "geometry": {"type": "LineString", "coordinates": [[11.65433, 60.21893], [11.65285, 60.21842]]}, "properties": {"i": 94, "km": 9.4, "w": 53.67, "w_v": 26.83, "w_h": 26.83, "h": 8.18, "v": 0.73, "S": 6e-05, "klasse_strom": "moderat", "depth_idx": 0.48, "depth_z_v": -0.29, "depth_z_h": -0.36, "veg_v": 0.0, "veg_h": 0.0, "sand_v": 0.0, "sand_h": 0.0, "os": 0.0, "os_navn": null, "sving": 0.14, "innsnevring": 0.0, "bukt_v": 0.0, "bukt_h": 0.0, "dropoff_v": 0.13, "dropoff_h": 0.18, "bru": 0.0, "dam": 0.0, "skygge_v": 0.23, "skygge_h": 0.23, "banktype_v": "åpen/bebygd", "banktype_h": "åpen/bebygd", "side_navn_v": "SØ-bredden", "side_navn_h": "NV-bredden", "island": false, "elv": "Glomma", "H": {"gjedde": 31.0, "abbor": 65.0, "orret": 42.0, "harr": 44.0, "sik": 80.0, "lake": 69.0, "mort": 31.0, "brasme": 79.0, "vederbuk": 61.0, "gjors": 72.0}, "Hs": {"gjedde": [30.0, 31.0], "abbor": [60.0, 65.0], "orret": [40.0, 42.0], "harr": [42.0, 44.0], "sik": [76.0, 80.0], "lake": [65.0, 69.0], "mort": [30.0, 31.0], "brasme": [75.0, 79.0], "vederbuk": [55.0, 61.0], "gjors": [67.0, 72.0]}, "bank": {"v": [60.21875, 11.65457], "h": [60.21911, 11.65409]}}}, {"type": "Feature", "geometry": {"type": "LineString", "coordinates": [[11.65285, 60.21842], [11.65145, 60.21785]]}, "properties": {"i": 95, "km": 9.5, "w": 53.67, "w_v": 26.83, "w_h": 26.83, "h": 8.18, "v": 0.73, "S": 6e-05, "klasse_strom": "moderat", "depth_idx": 0.79, "depth_z_v": 1.43, "depth_z_h": 1.71, "veg_v": 0.0, "veg_h": 0.0, "sand_v": 0.0, "sand_h": 0.0, "os": 0.0, "os_navn": null, "sving": 0.12, "innsnevring": 0.0, "bukt_v": 0.0, "bukt_h": 0.0, "dropoff_v": 0.0, "dropoff_h": 0.0, "bru": 0.0, "dam": 0.0, "skygge_v": 0.22, "skygge_h": 0.23, "banktype_v": "åpen/bebygd", "banktype_h": "åpen/bebygd", "side_navn_v": "SØ-bredden", "side_navn_h": "NV-bredden", "island": false, "elv": "Glomma", "H": {"gjedde": 24.0, "abbor": 16.0, "orret": 32.0, "harr": 35.0, "sik": 43.0, "lake": 41.0, "mort": 25.0, "brasme": 20.0, "vederbuk": 29.0, "gjors": 33.0}, "Hs": {"gjedde": [24.0, 24.0], "abbor": [16.0, 16.0], "orret": [31.0, 32.0], "harr": [35.0, 35.0], "sik": [43.0, 43.0], "lake": [41.0, 41.0], "mort": [25.0, 25.0], "brasme": [20.0, 20.0], "vederbuk": [29.0, 29.0], "gjors": [33.0, 33.0]}, "bank": {"v": [60.21825, 11.65311], "h": [60.21859, 11.65259]}}}, {"type": "Feature", "geometry": {"type": "LineString", "coordinates": [[11.65145, 60.21785], [11.65015, 60.21723]]}, "properties": {"i": 96, "km": 9.6, "w": 53.67, "w_v": 26.83, "w_h": 26.83, "h": 7.57, "v": 0.79, "S": 7e-05, "klasse_strom": "moderat", "depth_idx": 0.86, "depth_z_v": 1.41, "depth_z_h": 1.61, "veg_v": 0.0, "veg_h": 0.0, "sand_v": 0.0, "sand_h": 0.0, "os": 0.0, "os_navn": null, "sving": 0.12, "innsnevring": 0.0, "bukt_v": 0.0, "bukt_h": 0.0, "dropoff_v": 0.02, "dropoff_h": 0.0, "bru": 0.0, "dam": 0.0, "skygge_v": 0.26, "skygge_h": 0.23, "banktype_v": "åpen/bebygd", "banktype_h": "åpen/bebygd", "side_navn_v": "SØ-bredden", "side_navn_h": "NV-bredden", "island": false, "elv": "Glomma", "H": {"gjedde": 25.0, "abbor": 18.0, "orret": 34.0, "harr": 37.0, "sik": 47.0, "lake": 46.0, "mort": 26.0, "brasme": 21.0, "vederbuk": 31.0, "gjors": 38.0}, "Hs": {"gjedde": [25.0, 24.0], "abbor": [18.0, 16.0], "orret": [34.0, 32.0], "harr": [37.0, 36.0], "sik": [47.0, 44.0], "lake": [46.0, 42.0], "mort": [26.0, 25.0], "brasme": [21.0, 20.0], "vederbuk": [31.0, 29.0], "gjors": [38.0, 34.0]}, "bank": {"v": [60.21769, 11.65173], "h": [60.21801, 11.65117]}}}, {"type": "Feature", "geometry": {"type": "LineString", "coordinates": [[11.65015, 60.21723], [11.6489, 60.21658]]}, "properties": {"i": 97, "km": 9.7, "w": 53.67, "w_v": 26.83, "w_h": 26.83, "h": 5.78, "v": 1.03, "S": 0.00016, "klasse_strom": "stryk", "depth_idx": 0.45, "depth_z_v": 0.39, "depth_z_h": -0.91, "veg_v": 0.0, "veg_h": 0.0, "sand_v": 0.0, "sand_h": 0.0, "os": 0.0, "os_navn": null, "sving": 0.15, "innsnevring": 0.0, "bukt_v": 0.0, "bukt_h": 0.0, "dropoff_v": 0.0, "dropoff_h": 0.46, "bru": 0.0, "dam": 0.0, "skygge_v": 0.23, "skygge_h": 0.23, "banktype_v": "åpen/bebygd", "banktype_h": "åpen/bebygd", "side_navn_v": "SØ-bredden", "side_navn_h": "NV-bredden", "island": false, "elv": "Glomma", "H": {"gjedde": 55.0, "abbor": 65.0, "orret": 81.0, "harr": 81.0, "sik": 50.0, "lake": 70.0, "mort": 49.0, "brasme": 44.0, "vederbuk": 65.0, "gjors": 60.0}, "Hs": {"gjedde": [24.0, 55.0], "abbor": [33.0, 65.0], "orret": [33.0, 81.0], "harr": [35.0, 81.0], "sik": [33.0, 50.0], "lake": [39.0, 70.0], "mort": [15.0, 49.0], "brasme": [29.0, 44.0], "vederbuk": [36.0, 65.0], "gjors": [32.0, 60.0]}, "bank": {"v": [60.21708, 11.65045], "h": [60.21738, 11.64984]}}}, {"type": "Feature", "geometry": {"type": "LineString", "coordinates": [[11.6489, 60.21658], [11.64772, 60.2159]]}, "properties": {"i": 98, "km": 9.8, "w": 53.67, "w_v": 26.83, "w_h": 26.83, "h": 6.63, "v": 0.9, "S": 0.00011, "klasse_strom": "stryk", "depth_idx": 0.57, "depth_z_v": 0.64, "depth_z_h": -0.19, "veg_v": 0.0, "veg_h": 0.0, "sand_v": 0.0, "sand_h": 0.0, "os": 0.01, "os_navn": null, "sving": 0.09, "innsnevring": 0.0, "bukt_v": 0.0, "bukt_h": 0.0, "dropoff_v": 0.0, "dropoff_h": 0.3, "bru": 0.0, "dam": 0.0, "skygge_v": 0.23, "skygge_h": 0.23, "banktype_v": "åpen/bebygd", "banktype_h": "åpen/bebygd", "side_navn_v": "SØ-bredden", "side_navn_h": "NV-bredden", "island": false, "elv": "Glomma", "H": {"gjedde": 37.0, "abbor": 56.0, "orret": 43.0, "harr": 42.0, "sik": 46.0, "lake": 62.0, "mort": 19.0, "brasme": 40.0, "vederbuk": 50.0, "gjors": 53.0}, "Hs": {"gjedde": [14.0, 37.0], "abbor": [26.0, 56.0], "orret": [29.0, 43.0], "harr": [31.0, 42.0], "sik": [30.0, 46.0], "lake": [34.0, 62.0], "mort": [14.0, 19.0], "brasme": [24.0, 40.0], "vederbuk": [18.0, 50.0], "gjors": [28.0, 53.0]}, "bank": {"v": [60.21644, 11.64922], "h": [60.21672, 11.64858]}}}, {"type": "Feature", "geometry": {"type": "LineString", "coordinates": [[11.64772, 60.2159], [11.64672, 60.21516]]}, "properties": {"i": 99, "km": 9.9, "w": 53.67, "w_v": 26.83, "w_h": 26.83, "h": 6.19, "v": 0.96, "S": 0.00013, "klasse_strom": "stryk", "depth_idx": 0.41, "depth_z_v": -0.78, "depth_z_h": 0.42, "veg_v": 0.0, "veg_h": 0.0, "sand_v": 0.0, "sand_h": 0.0, "os": 0.02, "os_navn": null, "sving": 0.06, "innsnevring": 0.0, "bukt_v": 0.0, "bukt_h": 0.0, "dropoff_v": 0.28, "dropoff_h": 0.0, "bru": 0.0, "dam": 0.0, "skygge_v": 0.23, "skygge_h": 0.23, "banktype_v": "åpen/bebygd", "banktype_h": "åpen/bebygd", "side_navn_v": "SØ-bredden", "side_navn_h": "NV-bredden", "island": false, "elv": "Glomma", "H": {"gjedde": 48.0, "abbor": 55.0, "orret": 67.0, "harr": 58.0, "sik": 46.0, "lake": 61.0, "mort": 41.0, "brasme": 40.0, "vederbuk": 55.0, "gjors": 52.0}, "Hs": {"gjedde": [48.0, 14.0], "abbor": [55.0, 26.0], "orret": [67.0, 28.0], "harr": [58.0, 30.0], "sik": [46.0, 30.0], "lake": [61.0, 33.0], "mort": [41.0, 14.0], "brasme": [40.0, 25.0], "vederbuk": [55.0, 27.0], "gjors": [52.0, 27.0]}, "bank": {"v": [60.21577, 11.64806], "h": [60.21603, 11.64738]}}}, {"type": "Feature", "geometry": {"type": "LineString", "coordinates": [[11.64672, 60.21516], [11.64566, 60.21443]]}, "properties": {"i": 100, "km": 10.0, "w": 53.67, "w_v": 26.83, "w_h": 26.83, "h": 5.84, "v": 1.02, "S": 0.00016, "klasse_strom": "stryk", "depth_idx": 0.56, "depth_z_v": 0.41, "depth_z_h": 0.38, "veg_v": 0.0, "veg_h": 0.0, "sand_v": 0.0, "sand_h": 0.0, "os": 0.04, "os_navn": null, "sving": 0.05, "innsnevring": 0.0, "bukt_v": 0.0, "bukt_h": 0.0, "dropoff_v": 0.0, "dropoff_h": 0.0, "bru": 0.0, "dam": 0.0, "skygge_v": 0.23, "skygge_h": 0.23, "banktype_v": "åpen/bebygd", "banktype_h": "åpen/bebygd", "side_navn_v": "SØ-bredden", "side_navn_h": "NV-bredden", "island": false, "elv": "Glomma", "H": {"gjedde": 22.0, "abbor": 28.0, "orret": 29.0, "harr": 31.0, "sik": 31.0, "lake": 35.0, "mort": 14.0, "brasme": 27.0, "vederbuk": 32.0, "gjors": 29.0}, "Hs": {"gjedde": [21.0, 22.0], "abbor": [28.0, 28.0], "orret": [29.0, 29.0], "harr": [31.0, 31.0], "sik": [31.0, 31.0], "lake": [35.0, 35.0], "mort": [14.0, 14.0], "brasme": [26.0, 27.0], "vederbuk": [32.0, 32.0], "gjors": [29.0, 29.0]}, "bank": {"v": [60.21504, 11.64707], "h": [60.21528, 11.64636]}}}, {"type": "Feature", "geometry": {"type": "LineString", "coordinates": [[11.64566, 60.21443], [11.64458, 60.21371]]}, "properties": {"i": 101, "km": 10.1, "w": 53.67, "w_v": 26.83, "w_h": 26.83, "h": 5.84, "v": 1.02, "S": 0.00016, "klasse_strom": "stryk", "depth_idx": 0.74, "depth_z_v": 0.59, "depth_z_h": 1.31, "veg_v": 0.0, "veg_h": 0.0, "sand_v": 0.0, "sand_h": 0.0, "os": 0.07, "os_navn": null, "sving": 0.02, "innsnevring": 0.0, "bukt_v": 0.0, "bukt_h": 0.0, "dropoff_v": 0.24, "dropoff_h": 0.0, "bru": 0.01, "dam": 0.0, "skygge_v": 0.24, "skygge_h": 0.23, "banktype_v": "åpen/bebygd", "banktype_h": "åpen/bebygd", "side_navn_v": "SØ-bredden", "side_navn_h": "NV-bredden", "island": false, "elv": "Glomma", "H": {"gjedde": 20.0, "abbor": 51.0, "orret": 42.0, "harr": 41.0, "sik": 45.0, "lake": 60.0, "mort": 19.0, "brasme": 37.0, "vederbuk": 42.0, "gjors": 51.0}, "Hs": {"gjedde": [20.0, 16.0], "abbor": [51.0, 25.0], "orret": [42.0, 31.0], "harr": [41.0, 32.0], "sik": [45.0, 31.0], "lake": [60.0, 37.0], "mort": [19.0, 15.0], "brasme": [37.0, 22.0], "vederbuk": [42.0, 19.0], "gjors": [51.0, 29.0]}, "bank": {"v": [60.21431, 11.646], "h": [60.21456, 11.64531]}}}, {"type": "Feature", "geometry": {"type": "LineString", "coordinates": [[11.64458, 60.21371], [11.64354, 60.21298]]}, "properties": {"i": 102, "km": 10.2, "w": 53.67, "w_v": 26.83, "w_h": 26.83, "h": 5.84, "v": 1.02, "S": 0.00016, "klasse_strom": "stryk", "depth_idx": 0.58, "depth_z_v": 0.01, "depth_z_h": 0.57, "veg_v": 0.0, "veg_h": 0.0, "sand_v": 0.0, "sand_h": 0.0, "os": 0.14, "os_navn": null, "sving": 0.09, "innsnevring": 0.0, "bukt_v": 0.0, "bukt_h": 0.0, "dropoff_v": 0.22, "dropoff_h": 0.0, "bru": 0.02, "dam": 0.0, "skygge_v": 0.23, "skygge_h": 0.23, "banktype_v": "åpen/bebygd", "banktype_h": "åpen/bebygd", "side_navn_v": "SØ-bredden", "side_navn_h": "NV-bredden", "island": false, "elv": "Glomma", "H": {"gjedde": 42.0, "abbor": 56.0, "orret": 52.0, "harr": 45.0, "sik": 46.0, "lake": 62.0, "mort": 25.0, "brasme": 40.0, "vederbuk": 55.0, "gjors": 53.0}, "Hs": {"gjedde": [42.0, 18.0], "abbor": [56.0, 39.0], "orret": [52.0, 40.0], "harr": [45.0, 40.0], "sik": [46.0, 39.0], "lake": [62.0, 48.0], "mort": [25.0, 18.0], "brasme": [40.0, 32.0], "vederbuk": [55.0, 40.0], "gjors": [53.0, 40.0]}, "bank": {"v": [60.21359, 11.64492], "h": [60.21384, 11.64423]}}}, {"type": "Feature", "geometry": {"type": "LineString", "coordinates": [[11.64354, 60.21298], [11.64248, 60.21225]]}, "properties": {"i": 103, "km": 10.3, "w": 53.67, "w_v": 26.83, "w_h": 26.83, "h": 5.84, "v": 1.02, "S": 0.00016, "klasse_strom": "stryk", "depth_idx": 0.5, "depth_z_v": 0.66, "depth_z_h": 0.65, "veg_v": 0.0, "veg_h": 0.0, "sand_v": 0.0, "sand_h": 0.0, "os": 0.26, "os_navn": "Sæteråa", "sving": 0.11, "innsnevring": 0.0, "bukt_v": 0.0, "bukt_h": 0.0, "dropoff_v": 0.0, "dropoff_h": 0.0, "bru": 0.03, "dam": 0.0, "skygge_v": 0.23, "skygge_h": 0.23, "banktype_v": "åpen/bebygd", "banktype_h": "åpen/bebygd", "side_navn_v": "SØ-bredden", "side_navn_h": "NV-bredden", "island": false, "elv": "Glomma", "H": {"gjedde": 20.0, "abbor": 46.0, "orret": 47.0, "harr": 46.0, "sik": 44.0, "lake": 56.0, "mort": 20.0, "brasme": 35.0, "vederbuk": 45.0, "gjors": 47.0}, "Hs": {"gjedde": [20.0, 20.0], "abbor": [46.0, 46.0], "orret": [47.0, 47.0], "harr": [46.0, 46.0], "sik": [44.0, 44.0], "lake": [56.0, 56.0], "mort": [20.0, 20.0], "brasme": [35.0, 35.0], "vederbuk": [45.0, 45.0], "gjors": [47.0, 47.0]}, "bank": {"v": [60.21286, 11.64389], "h": [60.21311, 11.64319]}}}, {"type": "Feature", "geometry": {"type": "LineString", "coordinates": [[11.64248, 60.21225], [11.64118, 60.21164]]}, "properties": {"i": 104, "km": 10.4, "w": 53.67, "w_v": 26.83, "w_h": 26.83, "h": 5.71, "v": 1.04, "S": 0.00017, "klasse_strom": "stryk", "depth_idx": 0.57, "depth_z_v": 0.25, "depth_z_h": 0.23, "veg_v": 0.0, "veg_h": 0.0, "sand_v": 0.0, "sand_h": 0.0, "os": 0.51, "os_navn": "Sæteråa", "sving": 0.17, "innsnevring": 0.0, "bukt_v": 0.0, "bukt_h": 0.0, "dropoff_v": 0.02, "dropoff_h": 0.04, "bru": 0.06, "dam": 0.0, "skygge_v": 0.23, "skygge_h": 0.23, "banktype_v": "åpen/bebygd", "banktype_h": "åpen/bebygd", "side_navn_v": "SØ-bredden", "side_navn_h": "NV-bredden", "island": false, "elv": "Glomma", "H": {"gjedde": 43.0, "abbor": 61.0, "orret": 56.0, "harr": 53.0, "sik": 50.0, "lake": 68.0, "mort": 23.0, "brasme": 42.0, "vederbuk": 65.0, "gjors": 57.0}, "Hs": {"gjedde": [42.0, 43.0], "abbor": [60.0, 61.0], "orret": [56.0, 56.0], "harr": [53.0, 53.0], "sik": [49.0, 50.0], "lake": [67.0, 68.0], "mort": [23.0, 23.0], "brasme": [42.0, 42.0], "vederbuk": [65.0, 65.0], "gjors": [56.0, 57.0]}, "bank": {"v": [60.21211, 11.64281], "h": [60.2124, 11.64216]}}}, {"type": "Feature", "geometry": {"type": "LineString", "coordinates": [[11.64118, 60.21164], [11.63981, 60.21106]]}, "properties": {"i": 105, "km": 10.5, "w": 53.67, "w_v": 26.83, "w_h": 26.83, "h": 5.71, "v": 1.04, "S": 0.00017, "klasse_strom": "stryk", "depth_idx": 0.47, "depth_z_v": -0.07, "depth_z_h": 0.23, "veg_v": 0.0, "veg_h": 0.0, "sand_v": 0.0, "sand_h": 0.0, "os": 1.0, "os_navn": "Sæteråa", "sving": 0.23, "innsnevring": 0.0, "bukt_v": 0.0, "bukt_h": 0.0, "dropoff_v": 0.0, "dropoff_h": 0.0, "bru": 0.06, "dam": 0.0, "skygge_v": 0.23, "skygge_h": 0.23, "banktype_v": "åpen/bebygd", "banktype_h": "åpen/bebygd", "side_navn_v": "SØ-bredden", "side_navn_h": "NV-bredden", "island": false, "elv": "Glomma", "H": {"gjedde": 55.0, "abbor": 72.0, "orret": 88.0, "harr": 61.0, "sik": 55.0, "lake": 79.0, "mort": 41.0, "brasme": 47.0, "vederbuk": 81.0, "gjors": 65.0}, "Hs": {"gjedde": [55.0, 48.0], "abbor": [72.0, 71.0], "orret": [88.0, 65.0], "harr": [61.0, 61.0], "sik": [55.0, 55.0], "lake": [79.0, 79.0], "mort": [41.0, 25.0], "brasme": [47.0, 47.0], "vederbuk": [81.0, 77.0], "gjors": [65.0, 65.0]}, "bank": {"v": [60.21148, 11.64146], "h": [60.2118, 11.64089]}}}, {"type": "Feature", "geometry": {"type": "LineString", "coordinates": [[11.63981, 60.21106], [11.63835, 60.21053]]}, "properties": {"i": 106, "km": 10.6, "w": 53.67, "w_v": 26.83, "w_h": 26.83, "h": 5.88, "v": 1.01, "S": 0.00015, "klasse_strom": "stryk", "depth_idx": 0.56, "depth_z_v": 0.71, "depth_z_h": -0.15, "veg_v": 0.0, "veg_h": 0.0, "sand_v": 0.0, "sand_h": 0.0, "os": 0.51, "os_navn": "Sæteråa", "sving": 0.15, "innsnevring": 0.0, "bukt_v": 0.0, "bukt_h": 0.0, "dropoff_v": 0.0, "dropoff_h": 0.24, "bru": 0.05, "dam": 0.0, "skygge_v": 0.23, "skygge_h": 0.23, "banktype_v": "åpen/bebygd", "banktype_h": "åpen/bebygd", "side_navn_v": "SØ-bredden", "side_navn_h": "NV-bredden", "island": false, "elv": "Glomma", "H": {"gjedde": 51.0, "abbor": 67.0, "orret": 77.0, "harr": 55.0, "sik": 52.0, "lake": 73.0, "mort": 38.0, "brasme": 45.0, "vederbuk": 71.0, "gjors": 61.0}, "Hs": {"gjedde": [23.0, 51.0], "abbor": [55.0, 67.0], "orret": [55.0, 77.0], "harr": [53.0, 55.0], "sik": [49.0, 52.0], "lake": [66.0, 73.0], "mort": [22.0, 38.0], "brasme": [39.0, 45.0], "vederbuk": [49.0, 71.0], "gjors": [55.0, 61.0]}, "bank": {"v": [60.21089, 11.64008], "h": [60.21123, 11.63955]}}}, {"type": "Feature", "geometry": {"type": "LineString", "coordinates": [[11.63835, 60.21053], [11.63675, 60.21012]]}, "properties": {"i": 107, "km": 10.7, "w": 53.67, "w_v": 26.83, "w_h": 26.83, "h": 7.9, "v": 0.76, "S": 6e-05, "klasse_strom": "moderat", "depth_idx": 0.31, "depth_z_v": -0.51, "depth_z_h": -0.32, "veg_v": 0.0, "veg_h": 0.0, "sand_v": 0.0, "sand_h": 0.0, "os": 0.26, "os_navn": "Sæteråa", "sving": 0.15, "innsnevring": 0.0, "bukt_v": 0.0, "bukt_h": 0.0, "dropoff_v": 0.0, "dropoff_h": 0.0, "bru": 0.03, "dam": 0.0, "skygge_v": 0.23, "skygge_h": 0.23, "banktype_v": "åpen/bebygd", "banktype_h": "åpen/bebygd", "side_navn_v": "SØ-bredden", "side_navn_h": "NV-bredden", "island": false, "elv": "Glomma", "H": {"gjedde": 52.0, "abbor": 67.0, "orret": 49.0, "harr": 51.0, "sik": 82.0, "lake": 71.0, "mort": 35.0, "brasme": 83.0, "vederbuk": 82.0, "gjors": 72.0}, "Hs": {"gjedde": [52.0, 34.0], "abbor": [67.0, 66.0], "orret": [49.0, 49.0], "harr": [51.0, 51.0], "sik": [82.0, 82.0], "lake": [71.0, 71.0], "mort": [35.0, 35.0], "brasme": [83.0, 81.0], "vederbuk": [82.0, 76.0], "gjors": [72.0, 72.0]}, "bank": {"v": [60.21035, 11.63857], "h": [60.21071, 11.63812]}}}, {"type": "Feature", "geometry": {"type": "LineString", "coordinates": [[11.63675, 60.21012], [11.63513, 60.20972]]}, "properties": {"i": 108, "km": 10.8, "w": 53.67, "w_v": 26.83, "w_h": 26.83, "h": 7.9, "v": 0.76, "S": 6e-05, "klasse_strom": "moderat", "depth_idx": 0.56, "depth_z_v": 0.63, "depth_z_h": 0.11, "veg_v": 0.0, "veg_h": 0.0, "sand_v": 0.0, "sand_h": 0.0, "os": 0.14, "os_navn": null, "sving": 0.15, "innsnevring": 0.0, "bukt_v": 0.0, "bukt_h": 0.0, "dropoff_v": 0.0, "dropoff_h": 0.08, "bru": 0.01, "dam": 0.0, "skygge_v": 0.23, "skygge_h": 0.23, "banktype_v": "åpen/bebygd", "banktype_h": "åpen/bebygd", "side_navn_v": "SØ-bredden", "side_navn_h": "NV-bredden", "island": false, "elv": "Glomma", "H": {"gjedde": 32.0, "abbor": 61.0, "orret": 46.0, "harr": 48.0, "sik": 79.0, "lake": 69.0, "mort": 33.0, "brasme": 73.0, "vederbuk": 42.0, "gjors": 70.0}, "Hs": {"gjedde": [30.0, 32.0], "abbor": [46.0, 61.0], "orret": [43.0, 46.0], "harr": [46.0, 48.0], "sik": [67.0, 79.0], "lake": [62.0, 69.0], "mort": [32.0, 33.0], "brasme": [58.0, 73.0], "vederbuk": [40.0, 42.0], "gjors": [56.0, 70.0]}, "bank": {"v": [60.20993, 11.63695], "h": [60.21031, 11.63656]}}}, {"type": "Feature", "geometry": {"type": "LineString", "coordinates": [[11.63513, 60.20972], [11.63348, 60.20937]]}, "properties": {"i": 109, "km": 10.9, "w": 53.67, "w_v": 26.83, "w_h": 26.83, "h": 9.37, "v": 0.64, "S": 4e-05, "klasse_strom": "moderat", "depth_idx": 0.43, "depth_z_v": -1.27, "depth_z_h": 2.33, "veg_v": 0.0, "veg_h": 0.0, "sand_v": 0.0, "sand_h": 0.0, "os": 0.07, "os_navn": null, "sving": 0.08, "innsnevring": 0.0, "bukt_v": 0.0, "bukt_h": 0.0, "dropoff_v": 0.66, "dropoff_h": 0.0, "bru": 0.0, "dam": 0.0, "skygge_v": 0.23, "skygge_h": 0.23, "banktype_v": "åpen/bebygd", "banktype_h": "åpen/bebygd", "side_navn_v": "S-bredden", "side_navn_h": "N-bredden", "island": false, "elv": "Glomma", "H": {"gjedde": 74.0, "abbor": 100.0, "orret": 55.0, "harr": 54.0, "sik": 100.0, "lake": 96.0, "mort": 39.0, "brasme": 100.0, "vederbuk": 97.0, "gjors": 100.0}, "Hs": {"gjedde": [74.0, 27.0], "abbor": [100.0, 18.0], "orret": [55.0, 36.0], "harr": [54.0, 39.0], "sik": [100.0, 49.0], "lake": [96.0, 47.0], "mort": [39.0, 28.0], "brasme": [100.0, 21.0], "vederbuk": [97.0, 33.0], "gjors": [100.0, 38.0]}, "bank": {"v": [60.20953, 11.63531], "h": [60.20992, 11.63495]}}}, {"type": "Feature", "geometry": {"type": "LineString", "coordinates": [[11.63348, 60.20937], [11.63177, 60.20908]]}, "properties": {"i": 110, "km": 11.0, "w": 53.67, "w_v": 26.83, "w_h": 26.83, "h": 11.58, "v": 0.51, "S": 2e-05, "klasse_strom": "moderat", "depth_idx": 0.51, "depth_z_v": 0.14, "depth_z_h": -0.4, "veg_v": 0.0, "veg_h": 0.0, "sand_v": 0.0, "sand_h": 0.0, "os": 0.07, "os_navn": null, "sving": 0.11, "innsnevring": 0.0, "bukt_v": 0.0, "bukt_h": 0.0, "dropoff_v": 0.0, "dropoff_h": 0.3, "bru": 0.0, "dam": 0.0, "skygge_v": 0.23, "skygge_h": 0.23, "banktype_v": "åpen/bebygd", "banktype_h": "åpen/bebygd", "side_navn_v": "S-bredden", "side_navn_h": "N-bredden", "island": false, "elv": "Glomma", "H": {"gjedde": 34.0, "abbor": 61.0, "orret": 48.0, "harr": 49.0, "sik": 78.0, "lake": 80.0, "mort": 35.0, "brasme": 66.0, "vederbuk": 44.0, "gjors": 73.0}, "Hs": {"gjedde": [28.0, 34.0], "abbor": [19.0, 61.0], "orret": [38.0, 48.0], "harr": [41.0, 49.0], "sik": [50.0, 78.0], "lake": [49.0, 80.0], "mort": [29.0, 35.0], "brasme": [22.0, 66.0], "vederbuk": [35.0, 44.0], "gjors": [40.0, 73.0]}, "bank": {"v": [60.20917, 11.63363], "h": [60.20956, 11.63332]}}}, {"type": "Feature", "geometry": {"type": "LineString", "coordinates": [[11.63177, 60.20908], [11.63006, 60.20879]]}, "properties": {"i": 111, "km": 11.1, "w": 53.67, "w_v": 26.83, "w_h": 26.83, "h": 11.58, "v": 0.51, "S": 2e-05, "klasse_strom": "moderat", "depth_idx": 0.33, "depth_z_v": -0.27, "depth_z_h": -0.56, "veg_v": 0.0, "veg_h": 0.0, "sand_v": 0.0, "sand_h": 0.0, "os": 0.14, "os_navn": null, "sving": 0.11, "innsnevring": 0.0, "bukt_v": 0.0, "bukt_h": 0.0, "dropoff_v": 0.0, "dropoff_h": 0.0, "bru": 0.0, "dam": 0.0, "skygge_v": 0.23, "skygge_h": 0.23, "banktype_v": "åpen/bebygd", "banktype_h": "åpen/bebygd", "side_navn_v": "S-bredden", "side_navn_h": "N-bredden", "island": false, "elv": "Glomma", "H": {"gjedde": 30.0, "abbor": 45.0, "orret": 42.0, "harr": 45.0, "sik": 67.0, "lake": 59.0, "mort": 31.0, "brasme": 59.0, "vederbuk": 39.0, "gjors": 55.0}, "Hs": {"gjedde": [30.0, 30.0], "abbor": [40.0, 45.0], "orret": [42.0, 42.0], "harr": [45.0, 45.0], "sik": [62.0, 67.0], "lake": [58.0, 59.0], "mort": [31.0, 31.0], "brasme": [50.0, 59.0], "vederbuk": [39.0, 39.0], "gjors": [51.0, 55.0]}, "bank": {"v": [60.20887, 11.63191], "h": [60.20928, 11.63164]}}}, {"type": "Feature", "geometry": {"type": "LineString", "coordinates": [[11.63006, 60.20879], [11.62831, 60.20859]]}, "properties": {"i": 112, "km": 11.2, "w": 53.67, "w_v": 26.83, "w_h": 26.83, "h": 11.58, "v": 0.51, "S": 2e-05, "klasse_strom": "moderat", "depth_idx": 0.69, "depth_z_v": 0.47, "depth_z_h": 0.34, "veg_v": 0.0, "veg_h": 0.0, "sand_v": 0.0, "sand_h": 0.0, "os": 0.26, "os_navn": "bekk", "sving": 0.05, "innsnevring": 0.0, "bukt_v": 0.0, "bukt_h": 0.0, "dropoff_v": 0.2, "dropoff_h": 0.29, "bru": 0.0, "dam": 0.0, "skygge_v": 0.23, "skygge_h": 0.23, "banktype_v": "åpen/bebygd", "banktype_h": "åpen/bebygd", "side_navn_v": "S-bredden", "side_navn_h": "N-bredden", "island": false, "elv": "Glomma", "H": {"gjedde": 36.0, "abbor": 32.0, "orret": 52.0, "harr": 53.0, "sik": 68.0, "lake": 77.0, "mort": 37.0, "brasme": 30.0, "vederbuk": 49.0, "gjors": 64.0}, "Hs": {"gjedde": [35.0, 36.0], "abbor": [30.0, 32.0], "orret": [51.0, 52.0], "harr": [52.0, 53.0], "sik": [66.0, 68.0], "lake": [73.0, 77.0], "mort": [36.0, 37.0], "brasme": [28.0, 30.0], "vederbuk": [47.0, 49.0], "gjors": [60.0, 64.0]}, "bank": {"v": [60.20858, 11.63018], "h": [60.209, 11.62995]}}}, {"type": "Feature", "geometry": {"type": "LineString", "coordinates": [[11.62831, 60.20859], [11.62653, 60.20843]]}, "properties": {"i": 113, "km": 11.3, "w": 53.67, "w_v": 26.83, "w_h": 26.83, "h": 11.58, "v": 0.51, "S": 2e-05, "klasse_strom": "moderat", "depth_idx": 0.43, "depth_z_v": -0.23, "depth_z_h": -0.23, "veg_v": 0.0, "veg_h": 0.0, "sand_v": 0.0, "sand_h": 0.0, "os": 0.51, "os_navn": "bekk", "sving": 0.04, "innsnevring": 0.0, "bukt_v": 0.0, "bukt_h": 0.0, "dropoff_v": 0.0, "dropoff_h": 0.0, "bru": 0.0, "dam": 0.0, "skygge_v": 0.23, "skygge_h": 0.23, "banktype_v": "åpen/bebygd", "banktype_h": "åpen/bebygd", "side_navn_v": "S-bredden", "side_navn_h": "N-bredden", "island": false, "elv": "Glomma", "H": {"gjedde": 37.0, "abbor": 53.0, "orret": 56.0, "harr": 56.0, "sik": 76.0, "lake": 77.0, "mort": 37.0, "brasme": 58.0, "vederbuk": 52.0, "gjors": 67.0}, "Hs": {"gjedde": [37.0, 37.0], "abbor": [53.0, 53.0], "orret": [56.0, 56.0], "harr": [56.0, 56.0], "sik": [76.0, 76.0], "lake": [77.0, 77.0], "mort": [37.0, 37.0], "brasme": [58.0, 58.0], "vederbuk": [52.0, 52.0], "gjors": [67.0, 67.0]}, "bank": {"v": [60.20838, 11.62839], "h": [60.2088, 11.62822]}}}, {"type": "Feature", "geometry": {"type": "LineString", "coordinates": [[11.62653, 60.20843], [11.62478, 60.20822]]}, "properties": {"i": 114, "km": 11.4, "w": 53.67, "w_v": 26.83, "w_h": 26.83, "h": 11.58, "v": 0.51, "S": 2e-05, "klasse_strom": "moderat", "depth_idx": 1.0, "depth_z_v": 0.94, "depth_z_h": 3.0, "veg_v": 0.0, "veg_h": 0.0, "sand_v": 0.0, "sand_h": 0.0, "os": 1.0, "os_navn": "bekk", "sving": 0.02, "innsnevring": 0.0, "bukt_v": 0.0, "bukt_h": 0.0, "dropoff_v": 1.0, "dropoff_h": 0.0, "bru": 0.0, "dam": 0.0, "skygge_v": 0.23, "skygge_h": 0.23, "banktype_v": "åpen/bebygd", "banktype_h": "åpen/bebygd", "side_navn_v": "S-bredden", "side_navn_h": "N-bredden", "island": false, "elv": "Glomma", "H": {"gjedde": 43.0, "abbor": 43.0, "orret": 69.0, "harr": 69.0, "sik": 83.0, "lake": 100.0, "mort": 45.0, "brasme": 36.0, "vederbuk": 65.0, "gjors": 84.0}, "Hs": {"gjedde": [43.0, 42.0], "abbor": [43.0, 36.0], "orret": [69.0, 68.0], "harr": [69.0, 66.0], "sik": [83.0, 76.0], "lake": [100.0, 88.0], "mort": [45.0, 42.0], "brasme": [36.0, 32.0], "vederbuk": [65.0, 63.0], "gjors": [84.0, 72.0]}, "bank": {"v": [60.20822, 11.62662], "h": [60.20863, 11.62644]}}}, {"type": "Feature", "geometry": {"type": "LineString", "coordinates": [[11.62478, 60.20822], [11.62303, 60.20801]]}, "properties": {"i": 115, "km": 11.5, "w": 53.67, "w_v": 26.83, "w_h": 26.83, "h": 11.58, "v": 0.51, "S": 2e-05, "klasse_strom": "moderat", "depth_idx": 0.69, "depth_z_v": -0.07, "depth_z_h": 2.66, "veg_v": 0.0, "veg_h": 0.0, "sand_v": 0.0, "sand_h": 0.0, "os": 0.51, "os_navn": "bekk", "sving": 0.01, "innsnevring": 0.0, "bukt_v": 0.0, "bukt_h": 0.0, "dropoff_v": 0.55, "dropoff_h": 0.0, "bru": 0.0, "dam": 0.0, "skygge_v": 0.23, "skygge_h": 0.23, "banktype_v": "åpen/bebygd", "banktype_h": "åpen/bebygd", "side_navn_v": "S-bredden", "side_navn_h": "N-bredden", "island": false, "elv": "Glomma", "H": {"gjedde": 40.0, "abbor": 59.0, "orret": 61.0, "harr": 61.0, "sik": 82.0, "lake": 93.0, "mort": 41.0, "brasme": 56.0, "vederbuk": 57.0, "gjors": 81.0}, "Hs": {"gjedde": [40.0, 37.0], "abbor": [59.0, 29.0], "orret": [61.0, 55.0], "harr": [61.0, 56.0], "sik": [82.0, 66.0], "lake": [93.0, 72.0], "mort": [41.0, 37.0], "brasme": [56.0, 28.0], "vederbuk": [57.0, 52.0], "gjors": [81.0, 59.0]}, "bank": {"v": [60.20801, 11.62488], "h": [60.20842, 11.62468]}}}, {"type": "Feature", "geometry": {"type": "LineString", "coordinates": [[11.62303, 60.20801], [11.62129, 60.20777]]}, "properties": {"i": 116, "km": 11.6, "w": 53.67, "w_v": 26.83, "w_h": 26.83, "h": 11.58, "v": 0.51, "S": 2e-05, "klasse_strom": "moderat", "depth_idx": 0.43, "depth_z_v": -0.15, "depth_z_h": -0.25, "veg_v": 0.0, "veg_h": 0.0, "sand_v": 0.0, "sand_h": 0.0, "os": 0.26, "os_navn": "bekk", "sving": 0.0, "innsnevring": 0.0, "bukt_v": 0.0, "bukt_h": 0.0, "dropoff_v": 0.0, "dropoff_h": 0.0, "bru": 0.0, "dam": 0.0, "skygge_v": 0.23, "skygge_h": 0.23, "banktype_v": "åpen/bebygd", "banktype_h": "åpen/bebygd", "side_navn_v": "S-bredden", "side_navn_h": "N-bredden", "island": false, "elv": "Glomma", "H": {"gjedde": 32.0, "abbor": 42.0, "orret": 45.0, "harr": 47.0, "sik": 66.0, "lake": 63.0, "mort": 33.0, "brasme": 51.0, "vederbuk": 42.0, "gjors": 55.0}, "Hs": {"gjedde": [32.0, 32.0], "abbor": [38.0, 42.0], "orret": [45.0, 45.0], "harr": [47.0, 47.0], "sik": [64.0, 66.0], "lake": [62.0, 63.0], "mort": [33.0, 33.0], "brasme": [46.0, 51.0], "vederbuk": [42.0, 42.0], "gjors": [53.0, 55.0]}, "bank": {"v": [60.2078, 11.62313], "h": [60.20821, 11.62292]}}}, {"type": "Feature", "geometry": {"type": "LineString", "coordinates": [[11.62129, 60.20777], [11.61952, 60.20759]]}, "properties": {"i": 117, "km": 11.7, "w": 53.67, "w_v": 26.83, "w_h": 26.83, "h": 11.58, "v": 0.51, "S": 2e-05, "klasse_strom": "moderat", "depth_idx": 0.57, "depth_z_v": 0.12, "depth_z_h": -0.4, "veg_v": 0.0, "veg_h": 0.0, "sand_v": 0.0, "sand_h": 0.0, "os": 0.14, "os_navn": null, "sving": 0.02, "innsnevring": 0.0, "bukt_v": 0.0, "bukt_h": 0.0, "dropoff_v": 0.1, "dropoff_h": 0.45, "bru": 0.0, "dam": 0.0, "skygge_v": 0.23, "skygge_h": 0.23, "banktype_v": "åpen/bebygd", "banktype_h": "åpen/bebygd", "side_navn_v": "S-bredden", "side_navn_h": "N-bredden", "island": false, "elv": "Glomma", "H": {"gjedde": 36.0, "abbor": 68.0, "orret": 52.0, "harr": 52.0, "sik": 84.0, "lake": 88.0, "mort": 37.0, "brasme": 70.0, "vederbuk": 48.0, "gjors": 81.0}, "Hs": {"gjedde": [31.0, 36.0], "abbor": [24.0, 68.0], "orret": [42.0, 52.0], "harr": [44.0, 52.0], "sik": [58.0, 84.0], "lake": [60.0, 88.0], "mort": [31.0, 37.0], "brasme": [25.0, 70.0], "vederbuk": [39.0, 48.0], "gjors": [50.0, 81.0]}, "bank": {"v": [60.20756, 11.62139], "h": [60.20798, 11.62119]}}}, {"type": "Feature", "geometry": {"type": "LineString", "coordinates": [[11.61952, 60.20759], [11.61777, 60.20737]]}, "properties": {"i": 118, "km": 11.8, "w": 53.67, "w_v": 26.83, "w_h": 26.83, "h": 11.58, "v": 0.51, "S": 2e-05, "klasse_strom": "moderat", "depth_idx": 0.67, "depth_z_v": 0.17, "depth_z_h": 0.13, "veg_v": 0.0, "veg_h": 0.0, "sand_v": 0.0, "sand_h": 0.0, "os": 0.07, "os_navn": null, "sving": 0.02, "innsnevring": 0.0, "bukt_v": 0.0, "bukt_h": 0.0, "dropoff_v": 0.35, "dropoff_h": 0.37, "bru": 0.0, "dam": 0.0, "skygge_v": 0.23, "skygge_h": 0.23, "banktype_v": "åpen/bebygd", "banktype_h": "åpen/bebygd", "side_navn_v": "S-bredden", "side_navn_h": "N-bredden", "island": false, "elv": "Glomma", "H": {"gjedde": 34.0, "abbor": 31.0, "orret": 48.0, "harr": 48.0, "sik": 67.0, "lake": 76.0, "mort": 35.0, "brasme": 29.0, "vederbuk": 44.0, "gjors": 63.0}, "Hs": {"gjedde": [34.0, 34.0], "abbor": [31.0, 31.0], "orret": [47.0, 48.0], "harr": [47.0, 48.0], "sik": [66.0, 67.0], "lake": [75.0, 76.0], "mort": [34.0, 35.0], "brasme": [29.0, 29.0], "vederbuk": [43.0, 44.0], "gjors": [62.0, 63.0]}, "bank": {"v": [60.20738, 11.61962], "h": [60.2078, 11.61943]}}}, {"type": "Feature", "geometry": {"type": "LineString", "coordinates": [[11.61777, 60.20737], [11.61604, 60.20712]]}, "properties": {"i": 119, "km": 11.9, "w": 53.67, "w_v": 26.83, "w_h": 26.83, "h": 11.58, "v": 0.51, "S": 2e-05, "klasse_strom": "moderat", "depth_idx": 0.51, "depth_z_v": 0.14, "depth_z_h": 0.19, "veg_v": 0.0, "veg_h": 0.0, "sand_v": 0.0, "sand_h": 0.0, "os": 0.04, "os_navn": null, "sving": 0.03, "innsnevring": 0.0, "bukt_v": 0.0, "bukt_h": 0.0, "dropoff_v": 0.0, "dropoff_h": 0.0, "bru": 0.0, "dam": 0.0, "skygge_v": 0.23, "skygge_h": 0.23, "banktype_v": "åpen/bebygd", "banktype_h": "åpen/bebygd", "side_navn_v": "S-bredden", "side_navn_h": "N-bredden", "island": false, "elv": "Glomma", "H": {"gjedde": 23.0, "abbor": 14.0, "orret": 28.0, "harr": 32.0, "sik": 42.0, "lake": 37.0, "mort": 24.0, "brasme": 18.0, "vederbuk": 26.0, "gjors": 30.0}, "Hs": {"gjedde": [23.0, 23.0], "abbor": [14.0, 14.0], "orret": [28.0, 28.0], "harr": [32.0, 32.0], "sik": [42.0, 42.0], "lake": [37.0, 37.0], "mort": [24.0, 24.0], "brasme": [18.0, 18.0], "vederbuk": [26.0, 26.0], "gjors": [30.0, 30.0]}, "bank": {"v": [60.20716, 11.61788], "h": [60.20758, 11.61766]}}}, {"type": "Feature", "geometry": {"type": "LineString", "coordinates": [[11.61604, 60.20712], [11.61428, 60.20693]]}, "properties": {"i": 120, "km": 12.0, "w": 53.67, "w_v": 26.83, "w_h": 26.83, "h": 11.58, "v": 0.51, "S": 2e-05, "klasse_strom": "moderat", "depth_idx": 0.26, "depth_z_v": -0.4, "depth_z_h": -0.81, "veg_v": 0.0, "veg_h": 0.0, "sand_v": 0.0, "sand_h": 0.0, "os": 0.02, "os_navn": null, "sving": 0.04, "innsnevring": 0.0, "bukt_v": 0.0, "bukt_h": 0.0, "dropoff_v": 0.0, "dropoff_h": 0.0, "bru": 0.0, "dam": 0.0, "skygge_v": 0.23, "skygge_h": 0.23, "banktype_v": "åpen/bebygd", "banktype_h": "åpen/bebygd", "side_navn_v": "S-bredden", "side_navn_h": "N-bredden", "island": false, "elv": "Glomma", "H": {"gjedde": 22.0, "abbor": 29.0, "orret": 27.0, "harr": 31.0, "sik": 51.0, "lake": 37.0, "mort": 23.0, "brasme": 47.0, "vederbuk": 24.0, "gjors": 37.0}, "Hs": {"gjedde": [22.0, 22.0], "abbor": [25.0, 29.0], "orret": [27.0, 27.0], "harr": [31.0, 31.0], "sik": [47.0, 51.0], "lake": [37.0, 37.0], "mort": [23.0, 23.0], "brasme": [40.0, 47.0], "vederbuk": [24.0, 24.0], "gjors": [34.0, 37.0]}, "bank": {"v": [60.20692, 11.61615], "h": [60.20733, 11.61593]}}}, {"type": "Feature", "geometry": {"type": "LineString", "coordinates": [[11.61428, 60.20693], [11.61254, 60.20669]]}, "properties": {"i": 121, "km": 12.1, "w": 53.67, "w_v": 26.83, "w_h": 26.83, "h": 11.58, "v": 0.51, "S": 2e-05, "klasse_strom": "moderat", "depth_idx": 0.76, "depth_z_v": 2.1, "depth_z_h": 0.61, "veg_v": 0.0, "veg_h": 0.0, "sand_v": 0.0, "sand_h": 0.0, "os": 0.01, "os_navn": null, "sving": 0.04, "innsnevring": 0.0, "bukt_v": 0.0, "bukt_h": 0.0, "dropoff_v": 0.0, "dropoff_h": 0.3, "bru": 0.0, "dam": 0.0, "skygge_v": 0.23, "skygge_h": 0.23, "banktype_v": "åpen/bebygd", "banktype_h": "åpen/bebygd", "side_navn_v": "S-bredden", "side_navn_h": "N-bredden", "island": false, "elv": "Glomma", "H": {"gjedde": 32.0, "abbor": 29.0, "orret": 43.0, "harr": 44.0, "sik": 64.0, "lake": 70.0, "mort": 33.0, "brasme": 28.0, "vederbuk": 40.0, "gjors": 59.0}, "Hs": {"gjedde": [20.0, 32.0], "abbor": [12.0, 29.0], "orret": [24.0, 43.0], "harr": [29.0, 44.0], "sik": [38.0, 64.0], "lake": [32.0, 70.0], "mort": [22.0, 33.0], "brasme": [18.0, 28.0], "vederbuk": [22.0, 40.0], "gjors": [26.0, 59.0]}, "bank": {"v": [60.20672, 11.61439], "h": [60.20714, 11.61418]}}}, {"type": "Feature", "geometry": {"type": "LineString", "coordinates": [[11.61254, 60.20669], [11.61084, 60.20641]]}, "properties": {"i": 122, "km": 12.2, "w": 53.67, "w_v": 26.83, "w_h": 26.83, "h": 11.58, "v": 0.51, "S": 2e-05, "klasse_strom": "moderat", "depth_idx": 0.6, "depth_z_v": 0.52, "depth_z_h": 0.35, "veg_v": 0.0, "veg_h": 0.0, "sand_v": 0.0, "sand_h": 0.0, "os": 0.0, "os_navn": null, "sving": 0.1, "innsnevring": 0.0, "bukt_v": 0.0, "bukt_h": 0.0, "dropoff_v": 0.0, "dropoff_h": 0.03, "bru": 0.0, "dam": 0.0, "skygge_v": 0.23, "skygge_h": 0.23, "banktype_v": "åpen/bebygd", "banktype_h": "åpen/bebygd", "side_navn_v": "S-bredden", "side_navn_h": "N-bredden", "island": false, "elv": "Glomma", "H": {"gjedde": 25.0, "abbor": 18.0, "orret": 32.0, "harr": 36.0, "sik": 47.0, "lake": 45.0, "mort": 26.0, "brasme": 21.0, "vederbuk": 30.0, "gjors": 37.0}, "Hs": {"gjedde": [23.0, 25.0], "abbor": [15.0, 18.0], "orret": [30.0, 32.0], "harr": [34.0, 36.0], "sik": [42.0, 47.0], "lake": [40.0, 45.0], "mort": [25.0, 26.0], "brasme": [19.0, 21.0], "vederbuk": [28.0, 30.0], "gjors": [32.0, 37.0]}, "bank": {"v": [60.20649, 11.61267], "h": [60.2069, 11.61242]}}}, {"type": "Feature", "geometry": {"type": "LineString", "coordinates": [[11.61084, 60.20641], [11.60914, 60.2061]]}, "properties": {"i": 123, "km": 12.3, "w": 53.67, "w_v": 26.83, "w_h": 26.83, "h": 11.58, "v": 0.51, "S": 2e-05, "klasse_strom": "moderat", "depth_idx": 0.68, "depth_z_v": 1.03, "depth_z_h": 0.95, "veg_v": 0.0, "veg_h": 0.0, "sand_v": 0.0, "sand_h": 0.0, "os": 0.0, "os_navn": null, "sving": 0.08, "innsnevring": 0.0, "bukt_v": 0.0, "bukt_h": 0.0, "dropoff_v": 0.0, "dropoff_h": 0.0, "bru": 0.0, "dam": 0.0, "skygge_v": 0.23, "skygge_h": 0.23, "banktype_v": "åpen/bebygd", "banktype_h": "åpen/bebygd", "side_navn_v": "S-bredden", "side_navn_h": "N-bredden", "island": false, "elv": "Glomma", "H": {"gjedde": 22.0, "abbor": 14.0, "orret": 28.0, "harr": 32.0, "sik": 40.0, "lake": 37.0, "mort": 23.0, "brasme": 18.0, "vederbuk": 26.0, "gjors": 30.0}, "Hs": {"gjedde": [22.0, 22.0], "abbor": [14.0, 14.0], "orret": [28.0, 28.0], "harr": [32.0, 32.0], "sik": [40.0, 40.0], "lake": [37.0, 37.0], "mort": [23.0, 23.0], "brasme": [18.0, 18.0], "vederbuk": [26.0, 26.0], "gjors": [30.0, 30.0]}, "bank": {"v": [60.2062, 11.61098], "h": [60.20661, 11.61069]}}}, {"type": "Feature", "geometry": {"type": "LineString", "coordinates": [[11.60914, 60.2061], [11.60749, 60.20573]]}, "properties": {"i": 124, "km": 12.4, "w": 53.67, "w_v": 26.83, "w_h": 26.83, "h": 11.58, "v": 0.51, "S": 2e-05, "klasse_strom": "moderat", "depth_idx": 0.72, "depth_z_v": 0.54, "depth_z_h": 0.4, "veg_v": 0.0, "veg_h": 0.0, "sand_v": 0.0, "sand_h": 0.0, "os": 0.0, "os_navn": null, "sving": 0.05, "innsnevring": 0.0, "bukt_v": 0.0, "bukt_h": 0.0, "dropoff_v": 0.23, "dropoff_h": 0.33, "bru": 0.0, "dam": 0.0, "skygge_v": 0.23, "skygge_h": 0.23, "banktype_v": "åpen/bebygd", "banktype_h": "åpen/bebygd", "side_navn_v": "S-bredden", "side_navn_h": "N-bredden", "island": false, "elv": "Glomma", "H": {"gjedde": 33.0, "abbor": 30.0, "orret": 44.0, "harr": 45.0, "sik": 65.0, "lake": 72.0, "mort": 33.0, "brasme": 28.0, "vederbuk": 41.0, "gjors": 61.0}, "Hs": {"gjedde": [31.0, 33.0], "abbor": [26.0, 30.0], "orret": [41.0, 44.0], "harr": [42.0, 45.0], "sik": [61.0, 65.0], "lake": [65.0, 72.0], "mort": [31.0, 33.0], "brasme": [26.0, 28.0], "vederbuk": [37.0, 41.0], "gjors": [55.0, 61.0]}, "bank": {"v": [60.2059, 11.6093], "h": [60.20629, 11.60898]}}}, {"type": "Feature", "geometry": {"type": "LineString", "coordinates": [[11.60749, 60.20573], [11.60585, 60.20536]]}, "properties": {"i": 125, "km": 12.5, "w": 53.67, "w_v": 26.83, "w_h": 26.83, "h": 11.58, "v": 0.51, "S": 2e-05, "klasse_strom": "moderat", "depth_idx": 0.73, "depth_z_v": 1.53, "depth_z_h": -0.07, "veg_v": 0.0, "veg_h": 0.0, "sand_v": 0.0, "sand_h": 0.0, "os": 0.0, "os_navn": null, "sving": 0.0, "innsnevring": 0.0, "bukt_v": 0.0, "bukt_h": 0.0, "dropoff_v": 0.0, "dropoff_h": 0.66, "bru": 0.0, "dam": 0.0, "skygge_v": 0.23, "skygge_h": 0.23, "banktype_v": "åpen/bebygd", "banktype_h": "åpen/bebygd", "side_navn_v": "S-bredden", "side_navn_h": "N-bredden", "island": false, "elv": "Glomma", "H": {"gjedde": 38.0, "abbor": 58.0, "orret": 53.0, "harr": 52.0, "sik": 79.0, "lake": 91.0, "mort": 37.0, "brasme": 54.0, "vederbuk": 48.0, "gjors": 79.0}, "Hs": {"gjedde": [20.0, 38.0], "abbor": [11.0, 58.0], "orret": [22.0, 53.0], "harr": [27.0, 52.0], "sik": [38.0, 79.0], "lake": [32.0, 91.0], "mort": [22.0, 37.0], "brasme": [18.0, 54.0], "vederbuk": [21.0, 48.0], "gjors": [26.0, 79.0]}, "bank": {"v": [60.20554, 11.60767], "h": [60.20593, 11.60732]}}}, {"type": "Feature", "geometry": {"type": "LineString", "coordinates": [[11.60585, 60.20536], [11.60421, 60.20499]]}, "properties": {"i": 126, "km": 12.6, "w": 53.67, "w_v": 26.83, "w_h": 26.83, "h": 11.58, "v": 0.51, "S": 2e-05, "klasse_strom": "moderat", "depth_idx": 0.81, "depth_z_v": 0.92, "depth_z_h": 0.87, "veg_v": 0.0, "veg_h": 0.0, "sand_v": 0.0, "sand_h": 0.0, "os": 0.0, "os_navn": null, "sving": 0.04, "innsnevring": 0.0, "bukt_v": 0.0, "bukt_h": 0.0, "dropoff_v": 0.21, "dropoff_h": 0.24, "bru": 0.0, "dam": 0.0, "skygge_v": 0.23, "skygge_h": 0.23, "banktype_v": "åpen/bebygd", "banktype_h": "åpen/bebygd", "side_navn_v": "S-bredden", "side_navn_h": "N-bredden", "island": false, "elv": "Glomma", "H": {"gjedde": 31.0, "abbor": 27.0, "orret": 40.0, "harr": 42.0, "sik": 61.0, "lake": 66.0, "mort": 31.0, "brasme": 26.0, "vederbuk": 37.0, "gjors": 55.0}, "Hs": {"gjedde": [30.0, 31.0], "abbor": [25.0, 27.0], "orret": [39.0, 40.0], "harr": [40.0, 42.0], "sik": [59.0, 61.0], "lake": [63.0, 66.0], "mort": [30.0, 31.0], "brasme": [26.0, 26.0], "vederbuk": [36.0, 37.0], "gjors": [53.0, 55.0]}, "bank": {"v": [60.20517, 11.60603], "h": [60.20556, 11.60567]}}}, {"type": "Feature", "geometry": {"type": "LineString", "coordinates": [[11.60421, 60.20499], [11.60251, 60.20469]]}, "properties": {"i": 127, "km": 12.7, "w": 53.67, "w_v": 26.83, "w_h": 26.83, "h": 11.58, "v": 0.51, "S": 2e-05, "klasse_strom": "moderat", "depth_idx": 1.0, "depth_z_v": 1.55, "depth_z_h": 1.56, "veg_v": 0.0, "veg_h": 0.0, "sand_v": 0.0, "sand_h": 0.0, "os": 0.0, "os_navn": null, "sving": 0.05, "innsnevring": 0.0, "bukt_v": 0.0, "bukt_h": 0.0, "dropoff_v": 0.45, "dropoff_h": 0.44, "bru": 0.0, "dam": 0.0, "skygge_v": 0.23, "skygge_h": 0.23, "banktype_v": "åpen/bebygd", "banktype_h": "åpen/bebygd", "side_navn_v": "S-bredden", "side_navn_h": "N-bredden", "island": false, "elv": "Glomma", "H": {"gjedde": 35.0, "abbor": 33.0, "orret": 48.0, "harr": 48.0, "sik": 69.0, "lake": 79.0, "mort": 35.0, "brasme": 30.0, "vederbuk": 44.0, "gjors": 66.0}, "Hs": {"gjedde": [35.0, 35.0], "abbor": [33.0, 33.0], "orret": [48.0, 48.0], "harr": [48.0, 48.0], "sik": [69.0, 68.0], "lake": [79.0, 78.0], "mort": [35.0, 35.0], "brasme": [30.0, 30.0], "vederbuk": [44.0, 44.0], "gjors": [66.0, 66.0]}, "bank": {"v": [60.2048, 11.60437], "h": [60.20519, 11.60405]}}}, {"type": "Feature", "geometry": {"type": "LineString", "coordinates": [[11.60251, 60.20469], [11.60082, 60.20439]]}, "properties": {"i": 128, "km": 12.8, "w": 53.67, "w_v": 26.83, "w_h": 26.83, "h": 11.58, "v": 0.51, "S": 2e-05, "klasse_strom": "moderat", "depth_idx": 0.63, "depth_z_v": 0.58, "depth_z_h": 0.82, "veg_v": 0.0, "veg_h": 0.0, "sand_v": 0.0, "sand_h": 0.0, "os": 0.0, "os_navn": null, "sving": 0.06, "innsnevring": 0.0, "bukt_v": 0.0, "bukt_h": 0.0, "dropoff_v": 0.0, "dropoff_h": 0.0, "bru": 0.0, "dam": 0.0, "skygge_v": 0.23, "skygge_h": 0.23, "banktype_v": "åpen/bebygd", "banktype_h": "åpen/bebygd", "side_navn_v": "S-bredden", "side_navn_h": "N-bredden", "island": false, "elv": "Glomma", "H": {"gjedde": 21.0, "abbor": 13.0, "orret": 26.0, "harr": 30.0, "sik": 38.0, "lake": 33.0, "mort": 22.0, "brasme": 18.0, "vederbuk": 23.0, "gjors": 27.0}, "Hs": {"gjedde": [21.0, 21.0], "abbor": [13.0, 13.0], "orret": [26.0, 26.0], "harr": [30.0, 30.0], "sik": [38.0, 38.0], "lake": [33.0, 33.0], "mort": [22.0, 22.0], "brasme": [18.0, 18.0], "vederbuk": [23.0, 23.0], "gjors": [27.0, 27.0]}, "bank": {"v": [60.20449, 11.60266], "h": [60.20489, 11.60237]}}}, {"type": "Feature", "geometry": {"type": "LineString", "coordinates": [[11.60082, 60.20439], [11.59925, 60.20394]]}, "properties": {"i": 129, "km": 12.9, "w": 53.67, "w_v": 26.83, "w_h": 26.83, "h": 11.58, "v": 0.51, "S": 2e-05, "klasse_strom": "moderat", "depth_idx": 0.57, "depth_z_v": 0.32, "depth_z_h": -0.34, "veg_v": 0.0, "veg_h": 0.0, "sand_v": 0.0, "sand_h": 0.0, "os": 0.0, "os_navn": null, "sving": 0.17, "innsnevring": 0.0, "bukt_v": 0.0, "bukt_h": 0.0, "dropoff_v": 0.0, "dropoff_h": 0.42, "bru": 0.0, "dam": 0.0, "skygge_v": 0.23, "skygge_h": 0.23, "banktype_v": "åpen/bebygd", "banktype_h": "åpen/bebygd", "side_navn_v": "S-bredden", "side_navn_h": "N-bredden", "island": false, "elv": "Glomma", "H": {"gjedde": 35.0, "abbor": 64.0, "orret": 50.0, "harr": 50.0, "sik": 81.0, "lake": 85.0, "mort": 36.0, "brasme": 67.0, "vederbuk": 46.0, "gjors": 77.0}, "Hs": {"gjedde": [26.0, 35.0], "abbor": [18.0, 64.0], "orret": [35.0, 50.0], "harr": [39.0, 50.0], "sik": [46.0, 81.0], "lake": [46.0, 85.0], "mort": [27.0, 36.0], "brasme": [21.0, 67.0], "vederbuk": [32.0, 46.0], "gjors": [37.0, 77.0]}, "bank": {"v": [60.20419, 11.601], "h": [60.20458, 11.60064]}}}, {"type": "Feature", "geometry": {"type": "LineString", "coordinates": [[11.59925, 60.20394], [11.59771, 60.20348]]}, "properties": {"i": 130, "km": 13.0, "w": 53.67, "w_v": 26.83, "w_h": 26.83, "h": 11.58, "v": 0.51, "S": 2e-05, "klasse_strom": "moderat", "depth_idx": 0.76, "depth_z_v": 0.84, "depth_z_h": 1.52, "veg_v": 0.0, "veg_h": 0.0, "sand_v": 0.0, "sand_h": 0.0, "os": 0.0, "os_navn": null, "sving": 0.22, "innsnevring": 0.0, "bukt_v": 0.0, "bukt_h": 0.0, "dropoff_v": 0.12, "dropoff_h": 0.0, "bru": 0.0, "dam": 0.0, "skygge_v": 0.33, "skygge_h": 0.23, "banktype_v": "åpen/bebygd", "banktype_h": "åpen/bebygd", "side_navn_v": "SØ-bredden", "side_navn_h": "NV-bredden", "island": false, "elv": "Glomma", "H": {"gjedde": 31.0, "abbor": 26.0, "orret": 44.0, "harr": 46.0, "sik": 58.0, "lake": 63.0, "mort": 32.0, "brasme": 26.0, "vederbuk": 40.0, "gjors": 52.0}, "Hs": {"gjedde": [31.0, 27.0], "abbor": [26.0, 20.0], "orret": [44.0, 38.0], "harr": [46.0, 41.0], "sik": [58.0, 49.0], "lake": [63.0, 50.0], "mort": [32.0, 28.0], "brasme": [26.0, 22.0], "vederbuk": [40.0, 35.0], "gjors": [52.0, 40.0]}, "bank": {"v": [60.20376, 11.59947], "h": [60.20413, 11.59904]}}}, {"type": "Feature", "geometry": {"type": "LineString", "coordinates": [[11.59771, 60.20348], [11.59631, 60.20291]]}, "properties": {"i": 131, "km": 13.1, "w": 53.67, "w_v": 26.83, "w_h": 26.83, "h": 11.58, "v": 0.51, "S": 2e-05, "klasse_strom": "moderat", "depth_idx": 0.82, "depth_z_v": 0.67, "depth_z_h": 1.11, "veg_v": 0.0, "veg_h": 0.0, "sand_v": 0.0, "sand_h": 0.0, "os": 0.0, "os_navn": null, "sving": 0.25, "innsnevring": 0.0, "bukt_v": 0.0, "bukt_h": 0.0, "dropoff_v": 0.4, "dropoff_h": 0.11, "bru": 0.0, "dam": 0.0, "skygge_v": 0.53, "skygge_h": 0.23, "banktype_v": "eng/dyrket", "banktype_h": "åpen/bebygd", "side_navn_v": "SØ-bredden", "side_navn_h": "NV-bredden", "island": false, "elv": "Glomma", "H": {"gjedde": 37.0, "abbor": 34.0, "orret": 55.0, "harr": 52.0, "sik": 69.0, "lake": 81.0, "mort": 37.0, "brasme": 31.0, "vederbuk": 48.0, "gjors": 67.0}, "Hs": {"gjedde": [37.0, 31.0], "abbor": [34.0, 25.0], "orret": [55.0, 43.0], "harr": [52.0, 46.0], "sik": [69.0, 58.0], "lake": [81.0, 62.0], "mort": [37.0, 32.0], "brasme": [31.0, 26.0], "vederbuk": [48.0, 40.0], "gjors": [67.0, 52.0]}, "bank": {"v": [60.20331, 11.59796], "h": [60.20366, 11.59746]}}}, {"type": "Feature", "geometry": {"type": "LineString", "coordinates": [[11.59631, 60.20291], [11.59504, 60.20228]]}, "properties": {"i": 132, "km": 13.2, "w": 53.67, "w_v": 26.83, "w_h": 26.83, "h": 11.58, "v": 0.51, "S": 2e-05, "klasse_strom": "moderat", "depth_idx": 0.68, "depth_z_v": 0.87, "depth_z_h": 2.07, "veg_v": 0.0, "veg_h": 0.0, "sand_v": 0.0, "sand_h": 0.0, "os": 0.0, "os_navn": null, "sving": 0.29, "innsnevring": 0.0, "bukt_v": 0.0, "bukt_h": 0.0, "dropoff_v": 0.0, "dropoff_h": 0.0, "bru": 0.0, "dam": 0.0, "skygge_v": 0.23, "skygge_h": 0.23, "banktype_v": "åpen/bebygd", "banktype_h": "åpen/bebygd", "side_navn_v": "SØ-bredden", "side_navn_h": "NV-bredden", "island": false, "elv": "Glomma", "H": {"gjedde": 28.0, "abbor": 22.0, "orret": 41.0, "harr": 45.0, "sik": 52.0, "lake": 54.0, "mort": 30.0, "brasme": 24.0, "vederbuk": 38.0, "gjors": 44.0}, "Hs": {"gjedde": [28.0, 28.0], "abbor": [22.0, 22.0], "orret": [41.0, 41.0], "harr": [45.0, 45.0], "sik": [52.0, 52.0], "lake": [54.0, 54.0], "mort": [30.0, 30.0], "brasme": [24.0, 24.0], "vederbuk": [38.0, 38.0], "gjors": [44.0, 44.0]}, "bank": {"v": [60.20276, 11.5966], "h": [60.20307, 11.59602]}}}, {"type": "Feature", "geometry": {"type": "LineString", "coordinates": [[11.59504, 60.20228], [11.59409, 60.20152]]}, "properties": {"i": 133, "km": 13.3, "w": 53.67, "w_v": 26.83, "w_h": 26.83, "h": 11.58, "v": 0.51, "S": 2e-05, "klasse_strom": "moderat", "depth_idx": 0.82, "depth_z_v": 1.46, "depth_z_h": 0.65, "veg_v": 0.0, "veg_h": 0.0, "sand_v": 0.0, "sand_h": 0.0, "os": 0.0, "os_navn": null, "sving": 0.17, "innsnevring": 0.0, "bukt_v": 0.0, "bukt_h": 0.0, "dropoff_v": 0.0, "dropoff_h": 0.42, "bru": 0.0, "dam": 0.0, "skygge_v": 0.23, "skygge_h": 0.23, "banktype_v": "åpen/bebygd", "banktype_h": "åpen/bebygd", "side_navn_v": "SØ-bredden", "side_navn_h": "NV-bredden", "island": false, "elv": "Glomma", "H": {"gjedde": 35.0, "abbor": 33.0, "orret": 50.0, "harr": 50.0, "sik": 69.0, "lake": 79.0, "mort": 36.0, "brasme": 30.0, "vederbuk": 46.0, "gjors": 66.0}, "Hs": {"gjedde": [26.0, 35.0], "abbor": [18.0, 33.0], "orret": [35.0, 50.0], "harr": [39.0, 50.0], "sik": [46.0, 69.0], "lake": [46.0, 79.0], "mort": [27.0, 36.0], "brasme": [21.0, 30.0], "vederbuk": [32.0, 46.0], "gjors": [37.0, 66.0]}, "bank": {"v": [60.20215, 11.59537], "h": [60.20242, 11.5947]}}}, {"type": "Feature", "geometry": {"type": "LineString", "coordinates": [[11.59409, 60.20152], [11.59332, 60.20071]]}, "properties": {"i": 134, "km": 13.4, "w": 53.67, "w_v": 26.83, "w_h": 26.83, "h": 11.58, "v": 0.51, "S": 2e-05, "klasse_strom": "moderat", "depth_idx": 0.92, "depth_z_v": 1.67, "depth_z_h": 0.78, "veg_v": 0.0, "veg_h": 0.0, "sand_v": 0.0, "sand_h": 0.0, "os": 0.0, "os_navn": null, "sving": 0.03, "innsnevring": 0.0, "bukt_v": 0.0, "bukt_h": 0.0, "dropoff_v": 0.0, "dropoff_h": 0.59, "bru": 0.0, "dam": 0.0, "skygge_v": 0.23, "skygge_h": 0.23, "banktype_v": "åpen/bebygd", "banktype_h": "åpen/bebygd", "side_navn_v": "SØ-bredden", "side_navn_h": "NV-bredden", "island": false, "elv": "Glomma", "H": {"gjedde": 37.0, "abbor": 36.0, "orret": 52.0, "harr": 51.0, "sik": 72.0, "lake": 85.0, "mort": 37.0, "brasme": 31.0, "vederbuk": 47.0, "gjors": 72.0}, "Hs": {"gjedde": [20.0, 37.0], "abbor": [11.0, 36.0], "orret": [22.0, 52.0], "harr": [27.0, 51.0], "sik": [38.0, 72.0], "lake": [32.0, 85.0], "mort": [22.0, 37.0], "brasme": [18.0, 31.0], "vederbuk": [21.0, 47.0], "gjors": [26.0, 72.0]}, "bank": {"v": [60.20142, 11.59447], "h": [60.20162, 11.59372]}}}, {"type": "Feature", "geometry": {"type": "LineString", "coordinates": [[11.59332, 60.20071], [11.59238, 60.19995]]}, "properties": {"i": 135, "km": 13.5, "w": 53.67, "w_v": 26.83, "w_h": 26.83, "h": 11.58, "v": 0.51, "S": 2e-05, "klasse_strom": "moderat", "depth_idx": 0.6, "depth_z_v": 0.39, "depth_z_h": 0.56, "veg_v": 0.0, "veg_h": 0.0, "sand_v": 0.0, "sand_h": 0.0, "os": 0.0, "os_navn": null, "sving": 0.18, "innsnevring": 0.0, "bukt_v": 0.0, "bukt_h": 0.0, "dropoff_v": 0.01, "dropoff_h": 0.0, "bru": 0.0, "dam": 0.0, "skygge_v": 0.23, "skygge_h": 0.23, "banktype_v": "åpen/bebygd", "banktype_h": "åpen/bebygd", "side_navn_v": "SØ-bredden", "side_navn_h": "NV-bredden", "island": false, "elv": "Glomma", "H": {"gjedde": 26.0, "abbor": 19.0, "orret": 36.0, "harr": 40.0, "sik": 48.0, "lake": 48.0, "mort": 27.0, "brasme": 22.0, "vederbuk": 33.0, "gjors": 39.0}, "Hs": {"gjedde": [26.0, 26.0], "abbor": [19.0, 18.0], "orret": [36.0, 36.0], "harr": [40.0, 39.0], "sik": [48.0, 47.0], "lake": [48.0, 47.0], "mort": [27.0, 27.0], "brasme": [22.0, 21.0], "vederbuk": [33.0, 33.0], "gjors": [39.0, 38.0]}, "bank": {"v": [60.20061, 11.5937], "h": [60.20081, 11.59294]}}}, {"type": "Feature", "geometry": {"type": "LineString", "coordinates": [[11.59238, 60.19995], [11.59118, 60.19928]]}, "properties": {"i": 136, "km": 13.6, "w": 53.67, "w_v": 26.83, "w_h": 26.83, "h": 11.58, "v": 0.51, "S": 2e-05, "klasse_strom": "moderat", "depth_idx": 0.55, "depth_z_v": 0.4, "depth_z_h": 0.85, "veg_v": 0.0, "veg_h": 0.0, "sand_v": 0.0, "sand_h": 0.0, "os": 0.0, "os_navn": null, "sving": 0.33, "innsnevring": 0.0, "bukt_v": 0.0, "bukt_h": 0.0, "dropoff_v": 0.0, "dropoff_h": 0.0, "bru": 0.0, "dam": 0.0, "skygge_v": 0.23, "skygge_h": 0.23, "banktype_v": "åpen/bebygd", "banktype_h": "åpen/bebygd", "side_navn_v": "SØ-bredden", "side_navn_h": "NV-bredden", "island": false, "elv": "Glomma", "H": {"gjedde": 29.0, "abbor": 23.0, "orret": 43.0, "harr": 46.0, "sik": 53.0, "lake": 56.0, "mort": 31.0, "brasme": 24.0, "vederbuk": 40.0, "gjors": 46.0}, "Hs": {"gjedde": [29.0, 29.0], "abbor": [23.0, 23.0], "orret": [43.0, 43.0], "harr": [46.0, 46.0], "sik": [53.0, 53.0], "lake": [56.0, 56.0], "mort": [31.0, 31.0], "brasme": [24.0, 24.0], "vederbuk": [40.0, 40.0], "gjors": [46.0, 46.0]}, "bank": {"v": [60.19982, 11.59272], "h": [60.20007, 11.59203]}}}, {"type": "Feature", "geometry": {"type": "LineString", "coordinates": [[11.59118, 60.19928], [11.58976, 60.19873]]}, "properties": {"i": 137, "km": 13.7, "w": 53.67, "w_v": 26.83, "w_h": 26.83, "h": 11.58, "v": 0.51, "S": 2e-05, "klasse_strom": "moderat", "depth_idx": 0.39, "depth_z_v": 0.08, "depth_z_h": -0.53, "veg_v": 0.0, "veg_h": 0.0, "sand_v": 0.0, "sand_h": 0.0, "os": 0.0, "os_navn": null, "sving": 0.36, "innsnevring": 0.0, "bukt_v": 0.0, "bukt_h": 0.0, "dropoff_v": 0.0, "dropoff_h": 0.06, "bru": 0.0, "dam": 0.0, "skygge_v": 0.23, "skygge_h": 0.23, "banktype_v": "åpen/bebygd", "banktype_h": "åpen/bebygd", "side_navn_v": "SØ-bredden", "side_navn_h": "NV-bredden", "island": false, "elv": "Glomma", "H": {"gjedde": 31.0, "abbor": 55.0, "orret": 46.0, "harr": 48.0, "sik": 71.0, "lake": 68.0, "mort": 33.0, "brasme": 64.0, "vederbuk": 42.0, "gjors": 63.0}, "Hs": {"gjedde": [30.0, 31.0], "abbor": [24.0, 55.0], "orret": [44.0, 46.0], "harr": [47.0, 48.0], "sik": [55.0, 71.0], "lake": [58.0, 68.0], "mort": [31.0, 33.0], "brasme": [25.0, 64.0], "vederbuk": [41.0, 42.0], "gjors": [48.0, 63.0]}, "bank": {"v": [60.19913, 11.59147], "h": [60.19944, 11.59089]}}}, {"type": "Feature", "geometry": {"type": "LineString", "coordinates": [[11.58976, 60.19873], [11.58815, 60.19833]]}, "properties": {"i": 138, "km": 13.8, "w": 53.67, "w_v": 26.83, "w_h": 26.83, "h": 9.3, "v": 0.64, "S": 4e-05, "klasse_strom": "moderat", "depth_idx": 0.53, "depth_z_v": -0.1, "depth_z_h": 1.06, "veg_v": 0.0, "veg_h": 0.0, "sand_v": 0.0, "sand_h": 0.0, "os": 0.01, "os_navn": null, "sving": 0.3, "innsnevring": 0.0, "bukt_v": 0.0, "bukt_h": 0.0, "dropoff_v": 0.14, "dropoff_h": 0.0, "bru": 0.0, "dam": 0.0, "skygge_v": 0.23, "skygge_h": 0.23, "banktype_v": "åpen/bebygd", "banktype_h": "åpen/bebygd", "side_navn_v": "SØ-bredden", "side_navn_h": "NV-bredden", "island": false, "elv": "Glomma", "H": {"gjedde": 32.0, "abbor": 62.0, "orret": 46.0, "harr": 48.0, "sik": 78.0, "lake": 72.0, "mort": 33.0, "brasme": 71.0, "vederbuk": 43.0, "gjors": 70.0}, "Hs": {"gjedde": [32.0, 29.0], "abbor": [62.0, 22.0], "orret": [46.0, 42.0], "harr": [48.0, 45.0], "sik": [78.0, 53.0], "lake": [72.0, 55.0], "mort": [33.0, 30.0], "brasme": [71.0, 24.0], "vederbuk": [43.0, 39.0], "gjors": [70.0, 45.0]}, "bank": {"v": [60.19855, 11.58999], "h": [60.19891, 11.58953]}}}, {"type": "Feature", "geometry": {"type": "LineString", "coordinates": [[11.58815, 60.19833], [11.58642, 60.19807]]}, "properties": {"i": 139, "km": 13.9, "w": 53.67, "w_v": 26.83, "w_h": 26.83, "h": 9.3, "v": 0.64, "S": 4e-05, "klasse_strom": "moderat", "depth_idx": 0.73, "depth_z_v": 1.48, "depth_z_h": 1.22, "veg_v": 0.0, "veg_h": 0.0, "sand_v": 0.0, "sand_h": 0.0, "os": 0.02, "os_navn": null, "sving": 0.25, "innsnevring": 0.0, "bukt_v": 0.0, "bukt_h": 0.0, "dropoff_v": 0.0, "dropoff_h": 0.0, "bru": 0.0, "dam": 0.0, "skygge_v": 0.23, "skygge_h": 0.23, "banktype_v": "åpen/bebygd", "banktype_h": "åpen/bebygd", "side_navn_v": "S-bredden", "side_navn_h": "N-bredden", "island": false, "elv": "Glomma", "H": {"gjedde": 28.0, "abbor": 21.0, "orret": 40.0, "harr": 44.0, "sik": 51.0, "lake": 53.0, "mort": 30.0, "brasme": 23.0, "vederbuk": 37.0, "gjors": 43.0}, "Hs": {"gjedde": [28.0, 28.0], "abbor": [21.0, 21.0], "orret": [40.0, 40.0], "harr": [44.0, 44.0], "sik": [51.0, 51.0], "lake": [53.0, 53.0], "mort": [30.0, 30.0], "brasme": [23.0, 23.0], "vederbuk": [37.0, 37.0], "gjors": [43.0, 43.0]}, "bank": {"v": [60.19813, 11.5883], "h": [60.19853, 11.58799]}}}, {"type": "Feature", "geometry": {"type": "LineString", "coordinates": [[11.58642, 60.19807], [11.58467, 60.19786]]}, "properties": {"i": 140, "km": 14.0, "w": 53.67, "w_v": 26.83, "w_h": 26.83, "h": 10.12, "v": 0.59, "S": 3e-05, "klasse_strom": "moderat", "depth_idx": 0.63, "depth_z_v": 0.06, "depth_z_h": 0.38, "veg_v": 0.0, "veg_h": 0.0, "sand_v": 0.0, "sand_h": 0.0, "os": 0.04, "os_navn": null, "sving": 0.11, "innsnevring": 0.0, "bukt_v": 0.0, "bukt_h": 0.0, "dropoff_v": 0.3, "dropoff_h": 0.08, "bru": 0.0, "dam": 0.0, "skygge_v": 0.23, "skygge_h": 0.23, "banktype_v": "åpen/bebygd", "banktype_h": "åpen/bebygd", "side_navn_v": "S-bredden", "side_navn_h": "N-bredden", "island": false, "elv": "Glomma", "H": {"gjedde": 34.0, "abbor": 58.0, "orret": 46.0, "harr": 47.0, "sik": 76.0, "lake": 78.0, "mort": 34.0, "brasme": 62.0, "vederbuk": 43.0, "gjors": 71.0}, "Hs": {"gjedde": [34.0, 29.0], "abbor": [58.0, 31.0], "orret": [46.0, 39.0], "harr": [47.0, 42.0], "sik": [76.0, 57.0], "lake": [78.0, 57.0], "mort": [34.0, 30.0], "brasme": [62.0, 36.0], "vederbuk": [43.0, 36.0], "gjors": [71.0, 49.0]}, "bank": {"v": [60.19787, 11.58654], "h": [60.19828, 11.58631]}}}, {"type": "Feature", "geometry": {"type": "LineString", "coordinates": [[11.58467, 60.19786], [11.58289, 60.19771]]}, "properties": {"i": 141, "km": 14.1, "w": 53.67, "w_v": 26.83, "w_h": 26.83, "h": 10.12, "v": 0.59, "S": 3e-05, "klasse_strom": "moderat", "depth_idx": 0.62, "depth_z_v": 0.5, "depth_z_h": 0.3, "veg_v": 0.0, "veg_h": 0.0, "sand_v": 0.0, "sand_h": 0.0, "os": 0.07, "os_navn": null, "sving": 0.09, "innsnevring": 0.0, "bukt_v": 0.0, "bukt_h": 0.0, "dropoff_v": 0.0, "dropoff_h": 0.13, "bru": 0.0, "dam": 0.0, "skygge_v": 0.23, "skygge_h": 0.23, "banktype_v": "åpen/bebygd", "banktype_h": "åpen/bebygd", "side_navn_v": "S-bredden", "side_navn_h": "N-bredden", "island": false, "elv": "Glomma", "H": {"gjedde": 31.0, "abbor": 39.0, "orret": 42.0, "harr": 44.0, "sik": 63.0, "lake": 64.0, "mort": 31.0, "brasme": 44.0, "vederbuk": 39.0, "gjors": 55.0}, "Hs": {"gjedde": [27.0, 31.0], "abbor": [18.0, 39.0], "orret": [36.0, 42.0], "harr": [40.0, 44.0], "sik": [49.0, 63.0], "lake": [48.0, 64.0], "mort": [28.0, 31.0], "brasme": [21.0, 44.0], "vederbuk": [34.0, 39.0], "gjors": [39.0, 55.0]}, "bank": {"v": [60.19765, 11.58476], "h": [60.19807, 11.58458]}}}, {"type": "Feature", "geometry": {"type": "LineString", "coordinates": [[11.58289, 60.19771], [11.58114, 60.19751]]}, "properties": {"i": 142, "km": 14.2, "w": 53.67, "w_v": 26.83, "w_h": 26.83, "h": 9.92, "v": 0.6, "S": 3e-05, "klasse_strom": "moderat", "depth_idx": 0.5, "depth_z_v": 0.17, "depth_z_h": -0.3, "veg_v": 0.0, "veg_h": 0.0, "sand_v": 0.0, "sand_h": 0.0, "os": 0.14, "os_navn": null, "sving": 0.21, "innsnevring": 0.0, "bukt_v": 0.0, "bukt_h": 0.0, "dropoff_v": 0.0, "dropoff_h": 0.21, "bru": 0.0, "dam": 0.0, "skygge_v": 0.23, "skygge_h": 0.23, "banktype_v": "åpen/bebygd", "banktype_h": "åpen/bebygd", "side_navn_v": "S-bredden", "side_navn_h": "N-bredden", "island": false, "elv": "Glomma", "H": {"gjedde": 34.0, "abbor": 67.0, "orret": 50.0, "harr": 51.0, "sik": 83.0, "lake": 79.0, "mort": 35.0, "brasme": 75.0, "vederbuk": 46.0, "gjors": 77.0}, "Hs": {"gjedde": [31.0, 34.0], "abbor": [44.0, 67.0], "orret": [45.0, 50.0], "harr": [48.0, 51.0], "sik": [65.0, 83.0], "lake": [63.0, 79.0], "mort": [32.0, 35.0], "brasme": [53.0, 75.0], "vederbuk": [42.0, 46.0], "gjors": [55.0, 77.0]}, "bank": {"v": [60.1975, 11.58298], "h": [60.19792, 11.58281]}}}, {"type": "Feature", "geometry": {"type": "LineString", "coordinates": [[11.58114, 60.19751], [11.57955, 60.1971]]}, "properties": {"i": 143, "km": 14.3, "w": 53.67, "w_v": 26.83, "w_h": 26.83, "h": 9.92, "v": 0.6, "S": 3e-05, "klasse_strom": "moderat", "depth_idx": 1.0, "depth_z_v": 3.0, "depth_z_h": 3.0, "veg_v": 0.0, "veg_h": 0.0, "sand_v": 0.0, "sand_h": 0.0, "os": 0.26, "os_navn": "Dyståa", "sving": 0.37, "innsnevring": 0.0, "bukt_v": 0.0, "bukt_h": 0.0, "dropoff_v": 0.0, "dropoff_h": 0.0, "bru": 0.0, "dam": 0.0, "skygge_v": 0.23, "skygge_h": 0.23, "banktype_v": "åpen/bebygd", "banktype_h": "åpen/bebygd", "side_navn_v": "S-bredden", "side_navn_h": "N-bredden", "island": false, "elv": "Glomma", "H": {"gjedde": 35.0, "abbor": 29.0, "orret": 53.0, "harr": 55.0, "sik": 64.0, "lake": 70.0, "mort": 36.0, "brasme": 28.0, "vederbuk": 50.0, "gjors": 57.0}, "Hs": {"gjedde": [35.0, 35.0], "abbor": [29.0, 29.0], "orret": [53.0, 53.0], "harr": [55.0, 55.0], "sik": [64.0, 64.0], "lake": [70.0, 70.0], "mort": [36.0, 36.0], "brasme": [28.0, 28.0], "vederbuk": [50.0, 50.0], "gjors": [57.0, 57.0]}, "bank": {"v": [60.19731, 11.58129], "h": [60.19771, 11.58099]}}}, {"type": "Feature", "geometry": {"type": "LineString", "coordinates": [[11.57955, 60.1971], [11.57813, 60.19656]]}, "properties": {"i": 144, "km": 14.4, "w": 53.67, "w_v": 26.83, "w_h": 26.83, "h": 9.92, "v": 0.6, "S": 3e-05, "klasse_strom": "moderat", "depth_idx": 0.84, "depth_z_v": 0.33, "depth_z_h": 1.22, "veg_v": 0.0, "veg_h": 0.0, "sand_v": 0.0, "sand_h": 0.0, "os": 0.51, "os_navn": "Dyståa", "sving": 0.44, "innsnevring": 0.0, "bukt_v": 0.0, "bukt_h": 0.0, "dropoff_v": 0.68, "dropoff_h": 0.09, "bru": 0.0, "dam": 0.0, "skygge_v": 0.23, "skygge_h": 0.23, "banktype_v": "åpen/bebygd", "banktype_h": "åpen/bebygd", "side_navn_v": "SØ-bredden", "side_navn_h": "NV-bredden", "island": false, "elv": "Glomma", "H": {"gjedde": 41.0, "abbor": 66.0, "orret": 64.0, "harr": 64.0, "sik": 86.0, "lake": 99.0, "mort": 43.0, "brasme": 62.0, "vederbuk": 60.0, "gjors": 86.0}, "Hs": {"gjedde": [41.0, 39.0], "abbor": [66.0, 34.0], "orret": [64.0, 61.0], "harr": [64.0, 61.0], "sik": [86.0, 71.0], "lake": [99.0, 82.0], "mort": [43.0, 40.0], "brasme": [62.0, 31.0], "vederbuk": [60.0, 57.0], "gjors": [86.0, 67.0]}, "bank": {"v": [60.19692, 11.57978], "h": [60.19728, 11.57932]}}}, {"type": "Feature", "geometry": {"type": "LineString", "coordinates": [[11.57813, 60.19656], [11.57704, 60.19585]]}, "properties": {"i": 145, "km": 14.5, "w": 53.67, "w_v": 26.83, "w_h": 26.83, "h": 10.3, "v": 0.58, "S": 3e-05, "klasse_strom": "moderat", "depth_idx": 0.42, "depth_z_v": 0.06, "depth_z_h": 0.24, "veg_v": 0.0, "veg_h": 0.0, "sand_v": 0.0, "sand_h": 0.0, "os": 1.0, "os_navn": "Dyståa", "sving": 0.37, "innsnevring": 0.0, "bukt_v": 0.0, "bukt_h": 0.0, "dropoff_v": 0.0, "dropoff_h": 0.0, "bru": 0.0, "dam": 0.0, "skygge_v": 0.23, "skygge_h": 0.23, "banktype_v": "åpen/bebygd", "banktype_h": "åpen/bebygd", "side_navn_v": "SØ-bredden", "side_navn_h": "NV-bredden", "island": false, "elv": "Glomma", "H": {"gjedde": 42.0, "abbor": 70.0, "orret": 68.0, "harr": 67.0, "sik": 89.0, "lake": 96.0, "mort": 43.0, "brasme": 70.0, "vederbuk": 64.0, "gjors": 85.0}, "Hs": {"gjedde": [42.0, 42.0], "abbor": [70.0, 60.0], "orret": [68.0, 68.0], "harr": [67.0, 67.0], "sik": [89.0, 84.0], "lake": [96.0, 94.0], "mort": [43.0, 43.0], "brasme": [70.0, 59.0], "vederbuk": [64.0, 64.0], "gjors": [85.0, 80.0]}, "bank": {"v": [60.1964, 11.57843], "h": [60.19671, 11.57782]}}}, {"type": "Feature", "geometry": {"type": "LineString", "coordinates": [[11.57704, 60.19585], [11.57624, 60.19505]]}, "properties": {"i": 146, "km": 14.6, "w": 53.67, "w_v": 26.83, "w_h": 26.83, "h": 10.3, "v": 0.58, "S": 3e-05, "klasse_strom": "moderat", "depth_idx": 0.38, "depth_z_v": 0.7, "depth_z_h": 0.41, "veg_v": 0.0, "veg_h": 0.0, "sand_v": 0.0, "sand_h": 0.0, "os": 0.51, "os_navn": "Dyståa", "sving": 0.38, "innsnevring": 0.0, "bukt_v": 0.0, "bukt_h": 0.0, "dropoff_v": 0.0, "dropoff_h": 0.0, "bru": 0.0, "dam": 0.0, "skygge_v": 0.23, "skygge_h": 0.23, "banktype_v": "åpen/bebygd", "banktype_h": "åpen/bebygd", "side_navn_v": "SØ-bredden", "side_navn_h": "NV-bredden", "island": false, "elv": "Glomma", "H": {"gjedde": 38.0, "abbor": 32.0, "orret": 59.0, "harr": 60.0, "sik": 70.0, "lake": 79.0, "mort": 39.0, "brasme": 30.0, "vederbuk": 55.0, "gjors": 65.0}, "Hs": {"gjedde": [38.0, 38.0], "abbor": [32.0, 32.0], "orret": [59.0, 59.0], "harr": [60.0, 60.0], "sik": [69.0, 70.0], "lake": [79.0, 79.0], "mort": [39.0, 39.0], "brasme": [30.0, 30.0], "vederbuk": [55.0, 55.0], "gjors": [64.0, 65.0]}, "bank": {"v": [60.19574, 11.5774], "h": [60.19597, 11.57667]}}}, {"type": "Feature", "geometry": {"type": "LineString", "coordinates": [[11.57624, 60.19505], [11.57561, 60.19421]]}, "properties": {"i": 147, "km": 14.7, "w": 53.67, "w_v": 26.83, "w_h": 26.83, "h": 10.3, "v": 0.58, "S": 3e-05, "klasse_strom": "moderat", "depth_idx": 0.86, "depth_z_v": 0.8, "depth_z_h": 1.5, "veg_v": 0.0, "veg_h": 0.0, "sand_v": 0.0, "sand_h": 0.0, "os": 0.26, "os_navn": "Dyståa", "sving": 0.24, "innsnevring": 0.0, "bukt_v": 0.0, "bukt_h": 0.0, "dropoff_v": 0.44, "dropoff_h": 0.0, "bru": 0.0, "dam": 0.0, "skygge_v": 0.23, "skygge_h": 0.23, "banktype_v": "åpen/bebygd", "banktype_h": "åpen/bebygd", "side_navn_v": "SØ-bredden", "side_navn_h": "NV-bredden", "island": false, "elv": "Glomma", "H": {"gjedde": 38.0, "abbor": 36.0, "orret": 57.0, "harr": 58.0, "sik": 73.0, "lake": 85.0, "mort": 39.0, "brasme": 32.0, "vederbuk": 53.0, "gjors": 71.0}, "Hs": {"gjedde": [38.0, 34.0], "abbor": [36.0, 27.0], "orret": [57.0, 51.0], "harr": [58.0, 53.0], "sik": [73.0, 62.0], "lake": [85.0, 67.0], "mort": [39.0, 35.0], "brasme": [32.0, 27.0], "vederbuk": [53.0, 47.0], "gjors": [71.0, 54.0]}, "bank": {"v": [60.19496, 11.57664], "h": [60.19513, 11.57585]}}}, {"type": "Feature", "geometry": {"type": "LineString", "coordinates": [[11.57561, 60.19421], [11.57531, 60.19333]]}, "properties": {"i": 148, "km": 14.8, "w": 53.67, "w_v": 26.83, "w_h": 26.83, "h": 11.58, "v": 0.51, "S": 2e-05, "klasse_strom": "moderat", "depth_idx": 0.76, "depth_z_v": 0.11, "depth_z_h": 2.73, "veg_v": 0.0, "veg_h": 0.0, "sand_v": 0.0, "sand_h": 0.0, "os": 0.14, "os_navn": null, "sving": 0.02, "innsnevring": 0.0, "bukt_v": 0.0, "bukt_h": 0.0, "dropoff_v": 0.61, "dropoff_h": 0.0, "bru": 0.0, "dam": 0.0, "skygge_v": 0.23, "skygge_h": 0.23, "banktype_v": "åpen/bebygd", "banktype_h": "åpen/bebygd", "side_navn_v": "Ø-bredden", "side_navn_h": "V-bredden", "island": false, "elv": "Glomma", "H": {"gjedde": 38.0, "abbor": 37.0, "orret": 55.0, "harr": 54.0, "sik": 74.0, "lake": 88.0, "mort": 38.0, "brasme": 32.0, "vederbuk": 51.0, "gjors": 73.0}, "Hs": {"gjedde": [38.0, 28.0], "abbor": [37.0, 18.0], "orret": [55.0, 38.0], "harr": [54.0, 41.0], "sik": [74.0, 51.0], "lake": [88.0, 49.0], "mort": [38.0, 29.0], "brasme": [32.0, 22.0], "vederbuk": [51.0, 35.0], "gjors": [73.0, 40.0]}, "bank": {"v": [60.19416, 11.57602], "h": [60.19427, 11.57519]}}}, {"type": "Feature", "geometry": {"type": "LineString", "coordinates": [[11.57531, 60.19333], [11.575, 60.19244]]}, "properties": {"i": 149, "km": 14.9, "w": 53.67, "w_v": 26.83, "w_h": 26.83, "h": 11.58, "v": 0.51, "S": 2e-05, "klasse_strom": "moderat", "depth_idx": 0.62, "depth_z_v": -0.25, "depth_z_h": 0.63, "veg_v": 0.0, "veg_h": 0.0, "sand_v": 0.0, "sand_h": 0.0, "os": 0.07, "os_navn": null, "sving": 0.09, "innsnevring": 0.0, "bukt_v": 0.0, "bukt_h": 0.0, "dropoff_v": 0.48, "dropoff_h": 0.0, "bru": 0.0, "dam": 0.0, "skygge_v": 0.23, "skygge_h": 0.33, "banktype_v": "åpen/bebygd", "banktype_h": "åpen/bebygd", "side_navn_v": "Ø-bredden", "side_navn_h": "V-bredden", "island": false, "elv": "Glomma", "H": {"gjedde": 36.0, "abbor": 63.0, "orret": 52.0, "harr": 52.0, "sik": 81.0, "lake": 87.0, "mort": 37.0, "brasme": 64.0, "vederbuk": 48.0, "gjors": 78.0}, "Hs": {"gjedde": [36.0, 28.0], "abbor": [63.0, 19.0], "orret": [52.0, 38.0], "harr": [52.0, 40.0], "sik": [81.0, 49.0], "lake": [87.0, 48.0], "mort": [37.0, 28.0], "brasme": [64.0, 22.0], "vederbuk": [48.0, 34.0], "gjors": [78.0, 39.0]}, "bank": {"v": [60.19329, 11.57574], "h": [60.19336, 11.57489]}}}, {"type": "Feature", "geometry": {"type": "LineString", "coordinates": [[11.575, 60.19244], [11.57427, 60.19163]]}, "properties": {"i": 150, "km": 15.0, "w": 53.67, "w_v": 26.83, "w_h": 26.83, "h": 11.58, "v": 0.51, "S": 2e-05, "klasse_strom": "moderat", "depth_idx": 0.98, "depth_z_v": 1.16, "depth_z_h": 2.31, "veg_v": 0.0, "veg_h": 0.0, "sand_v": 0.0, "sand_h": 0.0, "os": 0.04, "os_navn": null, "sving": 0.23, "innsnevring": 0.0, "bukt_v": 0.0, "bukt_h": 0.0, "dropoff_v": 0.5, "dropoff_h": 0.0, "bru": 0.0, "dam": 0.0, "skygge_v": 0.33, "skygge_h": 0.23, "banktype_v": "åpen/bebygd", "banktype_h": "åpen/bebygd", "side_navn_v": "Ø-bredden", "side_navn_h": "V-bredden", "island": false, "elv": "Glomma", "H": {"gjedde": 38.0, "abbor": 36.0, "orret": 56.0, "harr": 54.0, "sik": 72.0, "lake": 85.0, "mort": 38.0, "brasme": 32.0, "vederbuk": 50.0, "gjors": 71.0}, "Hs": {"gjedde": [38.0, 29.0], "abbor": [36.0, 21.0], "orret": [56.0, 41.0], "harr": [54.0, 44.0], "sik": [72.0, 52.0], "lake": [85.0, 53.0], "mort": [38.0, 30.0], "brasme": [32.0, 23.0], "vederbuk": [50.0, 37.0], "gjors": [71.0, 43.0]}, "bank": {"v": [60.19238, 11.57542], "h": [60.19251, 11.57459]}}}, {"type": "Feature", "geometry": {"type": "LineString", "coordinates": [[11.57427, 60.19163], [11.57333, 60.19086]]}, "properties": {"i": 151, "km": 15.1, "w": 53.67, "w_v": 26.83, "w_h": 26.83, "h": 11.58, "v": 0.51, "S": 2e-05, "klasse_strom": "moderat", "depth_idx": 1.0, "depth_z_v": 3.0, "depth_z_h": 3.0, "veg_v": 0.0, "veg_h": 0.0, "sand_v": 0.0, "sand_h": 0.0, "os": 0.02, "os_navn": null, "sving": 0.33, "innsnevring": 0.0, "bukt_v": 0.0, "bukt_h": 0.0, "dropoff_v": 0.0, "dropoff_h": 0.0, "bru": 0.0, "dam": 0.0, "skygge_v": 0.23, "skygge_h": 0.23, "banktype_v": "åpen/bebygd", "banktype_h": "åpen/bebygd", "side_navn_v": "SØ-bredden", "side_navn_h": "NV-bredden", "island": false, "elv": "Glomma", "H": {"gjedde": 30.0, "abbor": 23.0, "orret": 44.0, "harr": 47.0, "sik": 54.0, "lake": 57.0, "mort": 31.0, "brasme": 25.0, "vederbuk": 40.0, "gjors": 47.0}, "Hs": {"gjedde": [30.0, 30.0], "abbor": [23.0, 23.0], "orret": [44.0, 44.0], "harr": [47.0, 47.0], "sik": [54.0, 54.0], "lake": [57.0, 57.0], "mort": [31.0, 31.0], "brasme": [25.0, 25.0], "vederbuk": [40.0, 40.0], "gjors": [47.0, 47.0]}, "bank": {"v": [60.19153, 11.57465], "h": [60.19173, 11.57389]}}}, {"type": "Feature", "geometry": {"type": "LineString", "coordinates": [[11.57333, 60.19086], [11.57227, 60.19014]]}, "properties": {"i": 152, "km": 15.2, "w": 53.67, "w_v": 26.83, "w_h": 26.83, "h": 11.58, "v": 0.51, "S": 2e-05, "klasse_strom": "moderat", "depth_idx": 1.0, "depth_z_v": 3.0, "depth_z_h": 3.0, "veg_v": 0.0, "veg_h": 0.0, "sand_v": 0.0, "sand_h": 0.0, "os": 0.04, "os_navn": null, "sving": 0.28, "innsnevring": 0.0, "bukt_v": 0.0, "bukt_h": 0.0, "dropoff_v": 0.0, "dropoff_h": 0.0, "bru": 0.0, "dam": 0.0, "skygge_v": 0.23, "skygge_h": 0.23, "banktype_v": "åpen/bebygd", "banktype_h": "åpen/bebygd", "side_navn_v": "SØ-bredden", "side_navn_h": "NV-bredden", "island": false, "elv": "Glomma", "H": {"gjedde": 29.0, "abbor": 22.0, "orret": 43.0, "harr": 45.0, "sik": 53.0, "lake": 56.0, "mort": 31.0, "brasme": 24.0, "vederbuk": 39.0, "gjors": 45.0}, "Hs": {"gjedde": [29.0, 29.0], "abbor": [22.0, 22.0], "orret": [43.0, 43.0], "harr": [45.0, 45.0], "sik": [53.0, 53.0], "lake": [56.0, 56.0], "mort": [31.0, 31.0], "brasme": [24.0, 24.0], "vederbuk": [39.0, 39.0], "gjors": [45.0, 45.0]}, "bank": {"v": [60.19075, 11.57368], "h": [60.19098, 11.57297]}}}, {"type": "Feature", "geometry": {"type": "LineString", "coordinates": [[11.57227, 60.19014], [11.57094, 60.18954]]}, "properties": {"i": 153, "km": 15.3, "w": 53.67, "w_v": 26.83, "w_h": 26.83, "h": 11.58, "v": 0.51, "S": 2e-05, "klasse_strom": "moderat", "depth_idx": 0.72, "depth_z_v": 0.37, "depth_z_h": 0.99, "veg_v": 0.0, "veg_h": 0.0, "sand_v": 0.0, "sand_h": 0.0, "os": 0.07, "os_navn": null, "sving": 0.17, "innsnevring": 0.0, "bukt_v": 0.0, "bukt_h": 0.0, "dropoff_v": 0.33, "dropoff_h": 0.0, "bru": 0.0, "dam": 0.0, "skygge_v": 0.23, "skygge_h": 0.23, "banktype_v": "åpen/bebygd", "banktype_h": "åpen/bebygd", "side_navn_v": "SØ-bredden", "side_navn_h": "NV-bredden", "island": false, "elv": "Glomma", "H": {"gjedde": 35.0, "abbor": 32.0, "orret": 50.0, "harr": 51.0, "sik": 67.0, "lake": 76.0, "mort": 35.0, "brasme": 29.0, "vederbuk": 46.0, "gjors": 64.0}, "Hs": {"gjedde": [35.0, 29.0], "abbor": [32.0, 21.0], "orret": [50.0, 40.0], "harr": [51.0, 43.0], "sik": [67.0, 52.0], "lake": [76.0, 52.0], "mort": [35.0, 30.0], "brasme": [29.0, 23.0], "vederbuk": [46.0, 37.0], "gjors": [64.0, 43.0]}, "bank": {"v": [60.19, 11.57259], "h": [60.19028, 11.57195]}}}, {"type": "Feature", "geometry": {"type": "LineString", "coordinates": [[11.57094, 60.18954], [11.56945, 60.18904]]}, "properties": {"i": 154, "km": 15.4, "w": 53.67, "w_v": 26.83, "w_h": 26.83, "h": 11.58, "v": 0.51, "S": 2e-05, "klasse_strom": "moderat", "depth_idx": 1.0, "depth_z_v": 2.8, "depth_z_h": 3.0, "veg_v": 0.0, "veg_h": 0.0, "sand_v": 0.0, "sand_h": 0.0, "os": 0.14, "os_navn": null, "sving": 0.1, "innsnevring": 0.0, "bukt_v": 0.0, "bukt_h": 0.0, "dropoff_v": 0.0, "dropoff_h": 0.0, "bru": 0.0, "dam": 0.0, "skygge_v": 0.23, "skygge_h": 0.23, "banktype_v": "åpen/bebygd", "banktype_h": "åpen/bebygd", "side_navn_v": "SØ-bredden", "side_navn_h": "NV-bredden", "island": false, "elv": "Glomma", "H": {"gjedde": 30.0, "abbor": 21.0, "orret": 41.0, "harr": 44.0, "sik": 54.0, "lake": 54.0, "mort": 31.0, "brasme": 23.0, "vederbuk": 39.0, "gjors": 44.0}, "Hs": {"gjedde": [30.0, 30.0], "abbor": [21.0, 21.0], "orret": [41.0, 41.0], "harr": [44.0, 44.0], "sik": [54.0, 54.0], "lake": [54.0, 54.0], "mort": [31.0, 31.0], "brasme": [23.0, 23.0], "vederbuk": [39.0, 39.0], "gjors": [44.0, 44.0]}, "bank": {"v": [60.18937, 11.5712], "h": [60.18971, 11.57067]}}}, {"type": "Feature", "geometry": {"type": "LineString", "coordinates": [[11.56945, 60.18904], [11.56806, 60.18847]]}, "properties": {"i": 155, "km": 15.5, "w": 53.67, "w_v": 26.83, "w_h": 26.83, "h": 11.58, "v": 0.51, "S": 2e-05, "klasse_strom": "moderat", "depth_idx": 1.0, "depth_z_v": 3.0, "depth_z_h": 3.0, "veg_v": 0.0, "veg_h": 0.0, "sand_v": 0.0, "sand_h": 0.0, "os": 0.26, "os_navn": "Hørjua", "sving": 0.04, "innsnevring": 0.0, "bukt_v": 0.0, "bukt_h": 0.0, "dropoff_v": 0.0, "dropoff_h": 0.0, "bru": 0.0, "dam": 0.0, "skygge_v": 0.33, "skygge_h": 0.23, "banktype_v": "eng/dyrket", "banktype_h": "eng/dyrket", "side_navn_v": "SØ-bredden", "side_navn_h": "NV-bredden", "island": false, "elv": "Glomma", "H": {"gjedde": 33.0, "abbor": 24.0, "orret": 48.0, "harr": 49.0, "sik": 59.0, "lake": 61.0, "mort": 34.0, "brasme": 25.0, "vederbuk": 44.0, "gjors": 50.0}, "Hs": {"gjedde": [33.0, 32.0], "abbor": [24.0, 23.0], "orret": [48.0, 46.0], "harr": [49.0, 48.0], "sik": [59.0, 59.0], "lake": [61.0, 61.0], "mort": [34.0, 33.0], "brasme": [25.0, 25.0], "vederbuk": [44.0, 43.0], "gjors": [50.0, 49.0]}, "bank": {"v": [60.18887, 11.5697], "h": [60.18921, 11.56919]}}}, {"type": "Feature", "geometry": {"type": "LineString", "coordinates": [[11.56806, 60.18847], [11.56673, 60.18787]]}, "properties": {"i": 156, "km": 15.6, "w": 53.67, "w_v": 26.83, "w_h": 26.83, "h": 11.58, "v": 0.51, "S": 2e-05, "klasse_strom": "moderat", "depth_idx": 0.35, "depth_z_v": -0.49, "depth_z_h": -0.2, "veg_v": 0.0, "veg_h": 0.0, "sand_v": 0.0, "sand_h": 0.0, "os": 0.51, "os_navn": "Hørjua", "sving": 0.18, "innsnevring": 0.0, "bukt_v": 0.0, "bukt_h": 0.0, "dropoff_v": 0.0, "dropoff_h": 0.0, "bru": 0.0, "dam": 0.0, "skygge_v": 0.23, "skygge_h": 0.34, "banktype_v": "åpen/bebygd", "banktype_h": "eng/dyrket", "side_navn_v": "SØ-bredden", "side_navn_h": "NV-bredden", "island": false, "elv": "Glomma", "H": {"gjedde": 38.0, "abbor": 63.0, "orret": 59.0, "harr": 59.0, "sik": 83.0, "lake": 82.0, "mort": 39.0, "brasme": 70.0, "vederbuk": 55.0, "gjors": 75.0}, "Hs": {"gjedde": [37.0, 38.0], "abbor": [63.0, 55.0], "orret": [57.0, 59.0], "harr": [58.0, 59.0], "sik": [83.0, 76.0], "lake": [82.0, 80.0], "mort": [38.0, 39.0], "brasme": [70.0, 59.0], "vederbuk": [53.0, 55.0], "gjors": [75.0, 70.0]}, "bank": {"v": [60.18831, 11.56834], "h": [60.18863, 11.56778]}}}, {"type": "Feature", "geometry": {"type": "LineString", "coordinates": [[11.56673, 60.18787], [11.56549, 60.18722]]}, "properties": {"i": 157, "km": 15.7, "w": 53.67, "w_v": 26.83, "w_h": 26.83, "h": 11.58, "v": 0.51, "S": 2e-05, "klasse_strom": "moderat", "depth_idx": 0.66, "depth_z_v": 1.19, "depth_z_h": 1.41, "veg_v": 0.0, "veg_h": 0.0, "sand_v": 0.0, "sand_h": 0.0, "os": 1.0, "os_navn": "Hørjua", "sving": 0.13, "innsnevring": 0.0, "bukt_v": 0.0, "bukt_h": 0.0, "dropoff_v": 0.0, "dropoff_h": 0.0, "bru": 0.0, "dam": 0.0, "skygge_v": 0.23, "skygge_h": 0.23, "banktype_v": "åpen/bebygd", "banktype_h": "åpen/bebygd", "side_navn_v": "SØ-bredden", "side_navn_h": "NV-bredden", "island": false, "elv": "Glomma", "H": {"gjedde": 42.0, "abbor": 37.0, "orret": 68.0, "harr": 66.0, "sik": 76.0, "lake": 89.0, "mort": 43.0, "brasme": 32.0, "vederbuk": 63.0, "gjors": 72.0}, "Hs": {"gjedde": [42.0, 42.0], "abbor": [37.0, 37.0], "orret": [68.0, 68.0], "harr": [66.0, 66.0], "sik": [76.0, 76.0], "lake": [89.0, 89.0], "mort": [43.0, 43.0], "brasme": [32.0, 32.0], "vederbuk": [63.0, 63.0], "gjors": [72.0, 72.0]}, "bank": {"v": [60.18771, 11.56703], "h": [60.18802, 11.56643]}}}, {"type": "Feature", "geometry": {"type": "LineString", "coordinates": [[11.56549, 60.18722], [11.56444, 60.18649]]}, "properties": {"i": 158, "km": 15.8, "w": 53.67, "w_v": 26.83, "w_h": 26.83, "h": 11.58, "v": 0.51, "S": 2e-05, "klasse_strom": "moderat", "depth_idx": 0.59, "depth_z_v": 0.12, "depth_z_h": 0.32, "veg_v": 0.0, "veg_h": 0.0, "sand_v": 0.0, "sand_h": 0.0, "os": 0.51, "os_navn": "Hørjua", "sving": 0.13, "innsnevring": 0.0, "bukt_v": 0.0, "bukt_h": 0.0, "dropoff_v": 0.16, "dropoff_h": 0.02, "bru": 0.0, "dam": 0.0, "skygge_v": 0.23, "skygge_h": 0.24, "banktype_v": "åpen/bebygd", "banktype_h": "åpen/bebygd", "side_navn_v": "SØ-bredden", "side_navn_h": "NV-bredden", "island": false, "elv": "Glomma", "H": {"gjedde": 38.0, "abbor": 33.0, "orret": 58.0, "harr": 59.0, "sik": 71.0, "lake": 80.0, "mort": 39.0, "brasme": 30.0, "vederbuk": 54.0, "gjors": 66.0}, "Hs": {"gjedde": [38.0, 37.0], "abbor": [33.0, 30.0], "orret": [58.0, 57.0], "harr": [59.0, 58.0], "sik": [71.0, 68.0], "lake": [80.0, 76.0], "mort": [39.0, 38.0], "brasme": [30.0, 29.0], "vederbuk": [54.0, 53.0], "gjors": [66.0, 62.0]}, "bank": {"v": [60.18708, 11.56582], "h": [60.18735, 11.56516]}}}, {"type": "Feature", "geometry": {"type": "LineString", "coordinates": [[11.56444, 60.18649], [11.56339, 60.18576]]}, "properties": {"i": 159, "km": 15.9, "w": 53.67, "w_v": 26.83, "w_h": 26.83, "h": 11.58, "v": 0.51, "S": 2e-05, "klasse_strom": "moderat", "depth_idx": 0.74, "depth_z_v": 0.76, "depth_z_h": 1.18, "veg_v": 0.0, "veg_h": 0.0, "sand_v": 0.0, "sand_h": 0.0, "os": 0.26, "os_navn": "Hørjua", "sving": 0.11, "innsnevring": 0.0, "bukt_v": 0.0, "bukt_h": 0.0, "dropoff_v": 0.13, "dropoff_h": 0.0, "bru": 0.0, "dam": 0.0, "skygge_v": 0.23, "skygge_h": 0.23, "banktype_v": "åpen/bebygd", "banktype_h": "åpen/bebygd", "side_navn_v": "SØ-bredden", "side_navn_h": "NV-bredden", "island": false, "elv": "Glomma", "H": {"gjedde": 35.0, "abbor": 29.0, "orret": 51.0, "harr": 52.0, "sik": 65.0, "lake": 71.0, "mort": 36.0, "brasme": 28.0, "vederbuk": 47.0, "gjors": 58.0}, "Hs": {"gjedde": [35.0, 33.0], "abbor": [29.0, 25.0], "orret": [51.0, 48.0], "harr": [52.0, 50.0], "sik": [65.0, 60.0], "lake": [71.0, 63.0], "mort": [36.0, 34.0], "brasme": [28.0, 26.0], "vederbuk": [47.0, 45.0], "gjors": [58.0, 51.0]}, "bank": {"v": [60.18636, 11.56479], "h": [60.18661, 11.56409]}}}, {"type": "Feature", "geometry": {"type": "LineString", "coordinates": [[11.56339, 60.18576], [11.56241, 60.18501]]}, "properties": {"i": 160, "km": 16.0, "w": 53.67, "w_v": 26.83, "w_h": 26.83, "h": 9.99, "v": 0.6, "S": 3e-05, "klasse_strom": "moderat", "depth_idx": 0.47, "depth_z_v": 0.92, "depth_z_h": 0.31, "veg_v": 0.0, "veg_h": 0.0, "sand_v": 0.0, "sand_h": 0.0, "os": 0.14, "os_navn": null, "sving": 0.07, "innsnevring": 0.0, "bukt_v": 0.0, "bukt_h": 0.0, "dropoff_v": 0.0, "dropoff_h": 0.0, "bru": 0.0, "dam": 0.0, "skygge_v": 0.23, "skygge_h": 0.23, "banktype_v": "åpen/bebygd", "banktype_h": "åpen/bebygd", "side_navn_v": "SØ-bredden", "side_navn_h": "NV-bredden", "island": false, "elv": "Glomma", "H": {"gjedde": 29.0, "abbor": 33.0, "orret": 40.0, "harr": 43.0, "sik": 58.0, "lake": 55.0, "mort": 30.0, "brasme": 41.0, "vederbuk": 37.0, "gjors": 47.0}, "Hs": {"gjedde": [29.0, 29.0], "abbor": [20.0, 33.0], "orret": [40.0, 40.0], "harr": [43.0, 43.0], "sik": [53.0, 58.0], "lake": [53.0, 55.0], "mort": [30.0, 30.0], "brasme": [23.0, 41.0], "vederbuk": [37.0, 37.0], "gjors": [43.0, 47.0]}, "bank": {"v": [60.18564, 11.56374], "h": [60.18588, 11.56303]}}}, {"type": "Feature", "geometry": {"type": "LineString", "coordinates": [[11.56241, 60.18501], [11.56149, 60.18423]]}, "properties": {"i": 161, "km": 16.1, "w": 53.67, "w_v": 26.83, "w_h": 26.83, "h": 5.39, "v": 1.11, "S": 0.0002, "klasse_strom": "stryk", "depth_idx": 0.37, "depth_z_v": 0.18, "depth_z_h": 0.15, "veg_v": 0.0, "veg_h": 0.0, "sand_v": 0.0, "sand_h": 0.0, "os": 0.07, "os_navn": null, "sving": 0.14, "innsnevring": 0.0, "bukt_v": 0.0, "bukt_h": 0.0, "dropoff_v": 0.0, "dropoff_h": 0.0, "bru": 0.0, "dam": 0.0, "skygge_v": 0.23, "skygge_h": 0.23, "banktype_v": "åpen/bebygd", "banktype_h": "åpen/bebygd", "side_navn_v": "SØ-bredden", "side_navn_h": "NV-bredden", "island": false, "elv": "Glomma", "H": {"gjedde": 36.0, "abbor": 38.0, "orret": 48.0, "harr": 38.0, "sik": 37.0, "lake": 44.0, "mort": 26.0, "brasme": 33.0, "vederbuk": 45.0, "gjors": 37.0}, "Hs": {"gjedde": [36.0, 36.0], "abbor": [38.0, 38.0], "orret": [47.0, 48.0], "harr": [38.0, 38.0], "sik": [37.0, 37.0], "lake": [44.0, 44.0], "mort": [25.0, 26.0], "brasme": [33.0, 33.0], "vederbuk": [45.0, 45.0], "gjors": [37.0, 37.0]}, "bank": {"v": [60.18489, 11.56277], "h": [60.18512, 11.56204]}}}, {"type": "Feature", "geometry": {"type": "LineString", "coordinates": [[11.56149, 60.18423], [11.56067, 60.18344]]}, "properties": {"i": 162, "km": 16.2, "w": 53.67, "w_v": 26.83, "w_h": 26.83, "h": 5.22, "v": 1.14, "S": 0.00022, "klasse_strom": "stryk", "depth_idx": 0.27, "depth_z_v": -0.38, "depth_z_h": -0.21, "veg_v": 0.0, "veg_h": 0.0, "sand_v": 0.0, "sand_h": 0.0, "os": 0.04, "os_navn": null, "sving": 0.17, "innsnevring": 0.0, "bukt_v": 0.0, "bukt_h": 0.0, "dropoff_v": 0.0, "dropoff_h": 0.0, "bru": 0.0, "dam": 0.0, "skygge_v": 0.23, "skygge_h": 0.23, "banktype_v": "åpen/bebygd", "banktype_h": "åpen/bebygd", "side_navn_v": "SØ-bredden", "side_navn_h": "NV-bredden", "island": false, "elv": "Glomma", "H": {"gjedde": 41.0, "abbor": 38.0, "orret": 59.0, "harr": 58.0, "sik": 36.0, "lake": 43.0, "mort": 37.0, "brasme": 32.0, "vederbuk": 48.0, "gjors": 36.0}, "Hs": {"gjedde": [41.0, 40.0], "abbor": [38.0, 38.0], "orret": [59.0, 57.0], "harr": [58.0, 48.0], "sik": [36.0, 36.0], "lake": [43.0, 43.0], "mort": [37.0, 35.0], "brasme": [32.0, 32.0], "vederbuk": [48.0, 47.0], "gjors": [36.0, 36.0]}, "bank": {"v": [60.18413, 11.56187], "h": [60.18434, 11.56111]}}}, {"type": "Feature", "geometry": {"type": "LineString", "coordinates": [[11.56067, 60.18344], [11.56006, 60.18259]]}, "properties": {"i": 163, "km": 16.3, "w": 53.67, "w_v": 26.83, "w_h": 26.83, "h": 5.02, "v": 1.19, "S": 0.00025, "klasse_strom": "stryk", "depth_idx": 0.32, "depth_z_v": -0.21, "depth_z_h": -0.28, "veg_v": 0.0, "veg_h": 0.0, "sand_v": 0.0, "sand_h": 0.0, "os": 0.02, "os_navn": null, "sving": 0.2, "innsnevring": 0.0, "bukt_v": 0.0, "bukt_h": 0.0, "dropoff_v": 0.0, "dropoff_h": 0.0, "bru": 0.0, "dam": 0.0, "skygge_v": 0.23, "skygge_h": 0.23, "banktype_v": "åpen/bebygd", "banktype_h": "åpen/bebygd", "side_navn_v": "SØ-bredden", "side_navn_h": "NV-bredden", "island": false, "elv": "Glomma", "H": {"gjedde": 41.0, "abbor": 39.0, "orret": 60.0, "harr": 59.0, "sik": 36.0, "lake": 44.0, "mort": 37.0, "brasme": 32.0, "vederbuk": 48.0, "gjors": 36.0}, "Hs": {"gjedde": [40.0, 41.0], "abbor": [39.0, 39.0], "orret": [59.0, 60.0], "harr": [56.0, 59.0], "sik": [36.0, 36.0], "lake": [44.0, 44.0], "mort": [36.0, 37.0], "brasme": [32.0, 32.0], "vederbuk": [48.0, 48.0], "gjors": [36.0, 36.0]}, "bank": {"v": [60.18335, 11.56106], "h": [60.18352, 11.56027]}}}, {"type": "Feature", "geometry": {"type": "LineString", "coordinates": [[11.56006, 60.18259], [11.55966, 60.18172]]}, "properties": {"i": 164, "km": 16.4, "w": 53.67, "w_v": 26.83, "w_h": 26.83, "h": 4.81, "v": 1.24, "S": 0.00029, "klasse_strom": "stryk", "depth_idx": 0.5, "depth_z_v": 0.1, "depth_z_h": 0.22, "veg_v": 0.0, "veg_h": 0.0, "sand_v": 0.0, "sand_h": 0.0, "os": 0.01, "os_navn": null, "sving": 0.17, "innsnevring": 0.0, "bukt_v": 0.0, "bukt_h": 0.0, "dropoff_v": 0.0, "dropoff_h": 0.0, "bru": 0.0, "dam": 0.0, "skygge_v": 0.23, "skygge_h": 0.23, "banktype_v": "åpen/bebygd", "banktype_h": "åpen/bebygd", "side_navn_v": "Ø-bredden", "side_navn_h": "V-bredden", "island": false, "elv": "Glomma", "H": {"gjedde": 37.0, "abbor": 36.0, "orret": 53.0, "harr": 36.0, "sik": 34.0, "lake": 41.0, "mort": 33.0, "brasme": 31.0, "vederbuk": 44.0, "gjors": 34.0}, "Hs": {"gjedde": [37.0, 36.0], "abbor": [36.0, 36.0], "orret": [53.0, 51.0], "harr": [36.0, 36.0], "sik": [34.0, 34.0], "lake": [41.0, 41.0], "mort": [33.0, 31.0], "brasme": [31.0, 31.0], "vederbuk": [44.0, 44.0], "gjors": [34.0, 34.0]}, "bank": {"v": [60.18253, 11.56047], "h": [60.18265, 11.55965]}}}, {"type": "Feature", "geometry": {"type": "LineString", "coordinates": [[11.55966, 60.18172], [11.55943, 60.18083]]}, "properties": {"i": 165, "km": 16.5, "w": 53.67, "w_v": 26.83, "w_h": 26.83, "h": 4.58, "v": 1.3, "S": 0.00034, "klasse_strom": "stryk", "depth_idx": 0.57, "depth_z_v": 0.9, "depth_z_h": 0.8, "veg_v": 0.0, "veg_h": 0.0, "sand_v": 0.0, "sand_h": 0.0, "os": 0.0, "os_navn": null, "sving": 0.14, "innsnevring": 0.0, "bukt_v": 0.0, "bukt_h": 0.0, "dropoff_v": 0.0, "dropoff_h": 0.0, "bru": 0.0, "dam": 0.0, "skygge_v": 0.23, "skygge_h": 0.23, "banktype_v": "åpen/bebygd", "banktype_h": "åpen/bebygd", "side_navn_v": "Ø-bredden", "side_navn_h": "V-bredden", "island": false, "elv": "Glomma", "H": {"gjedde": 29.0, "abbor": 33.0, "orret": 33.0, "harr": 34.0, "sik": 33.0, "lake": 38.0, "mort": 15.0, "brasme": 30.0, "vederbuk": 38.0, "gjors": 32.0}, "Hs": {"gjedde": [27.0, 29.0], "abbor": [33.0, 33.0], "orret": [33.0, 33.0], "harr": [34.0, 34.0], "sik": [33.0, 33.0], "lake": [38.0, 38.0], "mort": [15.0, 15.0], "brasme": [29.0, 30.0], "vederbuk": [37.0, 38.0], "gjors": [32.0, 32.0]}, "bank": {"v": [60.18168, 11.56008], "h": [60.18176, 11.55924]}}}, {"type": "Feature", "geometry": {"type": "LineString", "coordinates": [[11.55966, 60.18172], [11.55943, 60.18083]]}, "properties": {"i": 166, "km": 16.6, "w": 53.67, "w_v": 26.83, "w_h": 26.83, "h": 4.32, "v": 1.38, "S": 0.0004, "klasse_strom": "stryk", "depth_idx": 0.56, "depth_z_v": 0.79, "depth_z_h": 0.45, "veg_v": 0.0, "veg_h": 0.0, "sand_v": 0.0, "sand_h": 0.0, "os": 0.0, "os_navn": null, "sving": 0.1, "innsnevring": 0.0, "bukt_v": 0.0, "bukt_h": 0.0, "dropoff_v": 0.0, "dropoff_h": 0.0, "bru": 0.0, "dam": 0.0, "skygge_v": 0.23, "skygge_h": 0.23, "banktype_v": "åpen/bebygd", "banktype_h": "åpen/bebygd", "side_navn_v": "Ø-bredden", "side_navn_h": "V-bredden", "island": false, "elv": "Glomma", "H": {"gjedde": 33.0, "abbor": 29.0, "orret": 44.0, "harr": 31.0, "sik": 30.0, "lake": 34.0, "mort": 28.0, "brasme": 28.0, "vederbuk": 37.0, "gjors": 28.0}, "Hs": {"gjedde": [29.0, 33.0], "abbor": [29.0, 29.0], "orret": [37.0, 44.0], "harr": [31.0, 31.0], "sik": [30.0, 30.0], "lake": [34.0, 34.0], "mort": [21.0, 28.0], "brasme": [28.0, 28.0], "vederbuk": [35.0, 37.0], "gjors": [28.0, 28.0]}, "bank": {"v": [60.1808, 11.55985], "h": [60.18086, 11.559]}}}]}