{"type": "FeatureCollection", "features": [{"type": "Feature", "geometry": {"type": "Point", "coordinates": [11.74514, 60.24181]}, "properties": {"seg": 2, "side": "v", "H": {"gjedde": 100.0, "abbor": 95.192, "orret": 77.12, "harr": 60.526, "sik": 64.818, "lake": 69.924, "mort": 89.742, "brasme": 63.69, "vederbuk": 88.788, "gjors": 43.847}, "rank": {"gjedde": 1, "abbor": 6}, "klasse": {"gjedde": "A", "abbor": "A"}, "navn": "Hauggard · km 0.2", "side_navn": "S-bredden", "elv": "Glomma", "km": 0.2, "komponenter": ["dropoff", "veg_hoy", "strom:moderat", "skygge"], "adkomst": {"d_vei_m": 118, "vei_navn": "track", "d_sti_m": 573, "d_parkering_m": 644, "adkomst": "Lett: bilvei 118 m unna (track). Parkering 644 m unna."}, "banktype": "skog/kratt", "dybde_est": 2.3, "veg": 0.42, "skygge": 0.9, "klasse_strom": "moderat", "w": 267.0, "h": 2.0, "v": 0.61, "struct": {"os": 0.14, "sving": 0.1, "innsnevring": 0.0, "bukt": 0.11, "dropoff": 0.93, "bru": 0.0, "dam": 0.0, "sandbanke": 0.0}, "f": {"gjedde": {"dybde": 1.0, "strom": 0.35, "vegetasjon": 0.815, "struktur": 0.732, "skygge": 1.0}, "abbor": {"dybde": 1.0, "strom": 0.5, "vegetasjon": 1.0, "struktur": 0.939, "skygge": 1.0}, "orret": {"dybde": 1.0, "strom": 1.0, "vegetasjon": 0.167, "struktur": 0.645, "skygge": 1.0}, "harr": {"dybde": 1.0, "strom": 1.0, "vegetasjon": 0.0, "struktur": 0.47, "skygge": 1.0}, "sik": {"dybde": 1.0, "strom": 0.4, "vegetasjon": 0.167, "struktur": 0.782, "skygge": 1.0}, "lake": {"dybde": 0.851, "strom": 0.6, "vegetasjon": 0.167, "struktur": 0.859, "skygge": 1.0}, "mort": {"dybde": 1.0, "strom": 0.3, "vegetasjon": 1.0, "struktur": 0.488, "skygge": 1.0}, "brasme": {"dybde": 1.0, "strom": 0.2, "vegetasjon": 1.0, "struktur": 0.638, "skygge": 1.0}, "vederbuk": {"dybde": 1.0, "strom": 0.7, "vegetasjon": 1.0, "struktur": 0.575, "skygge": 1.0}, "gjors": {"dybde": 0.517, "strom": 0.4, "vegetasjon": 0.0, "struktur": 0.938, "skygge": 1.0}}, "beste_art": "gjedde", "H_maks": 100.0, "id": 1, "satsjekk": "satcheck_1.jpg"}}, {"type": "Feature", "geometry": {"type": "Point", "coordinates": [11.66842, 60.23058]}, "properties": {"seg": 75, "side": "h", "H": {"gjedde": 100.0, "abbor": 94.211, "orret": 77.579, "harr": 66.328, "sik": 89.936, "lake": 85.123, "mort": 100.0, "brasme": 100.0, "vederbuk": 100.0, "gjors": 81.136}, "rank": {"gjedde": 2, "abbor": 7, "mort": 3, "brasme": 1, "vederbuk": 1}, "klasse": {"gjedde": "A", "abbor": "A", "mort": "A", "brasme": "A", "vederbuk": "A"}, "navn": "Lukmoen · km 7.5", "side_navn": "V-bredden", "elv": "Glomma", "km": 7.5, "komponenter": ["bukt", "os:bekk", "veg", "skygge"], "adkomst": {"d_vei_m": 91, "vei_navn": "service", "d_sti_m": 603, "d_parkering_m": 1628, "adkomst": "Lett: bilvei 91 m unna (service)."}, "banktype": "skog/kratt", "dybde_est": 3.6, "veg": 0.25, "skygge": 0.62, "klasse_strom": "svak", "w": 267.0, "h": 3.1, "v": 0.38, "struct": {"os": 1.0, "sving": 0.1, "innsnevring": 0.0, "bukt": 0.39, "dropoff": 0.0, "bru": 0.0, "dam": 0.0, "sandbanke": 0.0}, "f": {"gjedde": {"dybde": 0.984, "strom": 0.8, "vegetasjon": 0.444, "struktur": 0.883, "skygge": 1.0}, "abbor": {"dybde": 1.0, "strom": 1.0, "vegetasjon": 0.714, "struktur": 0.709, "skygge": 1.0}, "orret": {"dybde": 0.815, "strom": 0.6, "vegetasjon": 0.5, "struktur": 0.917, "skygge": 1.0}, "harr": {"dybde": 0.578, "strom": 0.6, "vegetasjon": 0.375, "struktur": 0.737, "skygge": 1.0}, "sik": {"dybde": 1.0, "strom": 0.9, "vegetasjon": 0.5, "struktur": 0.688, "skygge": 1.0}, "lake": {"dybde": 1.0, "strom": 1.0, "vegetasjon": 0.5, "struktur": 0.676, "skygge": 1.0}, "mort": {"dybde": 0.815, "strom": 0.9, "vegetasjon": 0.625, "struktur": 0.685, "skygge": 1.0}, "brasme": {"dybde": 1.0, "strom": 0.8, "vegetasjon": 0.833, "struktur": 0.645, "skygge": 1.0}, "vederbuk": {"dybde": 1.0, "strom": 1.0, "vegetasjon": 0.833, "struktur": 0.854, "skygge": 1.0}, "gjors": {"dybde": 1.0, "strom": 1.0, "vegetasjon": 0.375, "struktur": 0.691, "skygge": 1.0}}, "beste_art": "gjedde", "H_maks": 100.0, "id": 2, "satsjekk": "satcheck_2.jpg"}}, {"type": "Feature", "geometry": {"type": "Point", "coordinates": [11.58056, 60.1983]}, "properties": {"seg": 143, "side": "h", "H": {"gjedde": 100.0, "abbor": 100.0, "orret": 68.415, "harr": 53.323, "sik": 93.843, "lake": 93.629, "mort": 99.328, "brasme": 100.0, "vederbuk": 100.0, "gjors": 90.657}, "rank": {"gjedde": 3, "mort": 5, "brasme": 2, "vederbuk": 3}, "klasse": {"gjedde": "A", "mort": "A", "brasme": "A", "vederbuk": "A"}, "navn": "Sætra · km 14.3", "side_navn": "N-bredden", "elv": "Glomma", "km": 14.3, "komponenter": ["dropoff", "veg"], "adkomst": {"d_vei_m": 53, "vei_navn": "service", "d_sti_m": 18, "d_parkering_m": 2606, "adkomst": "Lett: bilvei 53 m unna (service). Sti langs vannet."}, "banktype": "eng/dyrket", "dybde_est": 4.4, "veg": 0.25, "skygge": 0.46, "klasse_strom": "svak", "w": 196.0, "h": 4.1, "v": 0.4, "struct": {"os": 0.26, "sving": 0.37, "innsnevring": 0.0, "bukt": 0.0, "dropoff": 1.0, "bru": 0.0, "dam": 0.0, "sandbanke": 0.0}, "f": {"gjedde": {"dybde": 0.75, "strom": 0.8, "vegetasjon": 0.444, "struktur": 0.799, "skygge": 0.759}, "abbor": {"dybde": 1.0, "strom": 1.0, "vegetasjon": 0.714, "struktur": 1.0, "skygge": 1.0}, "orret": {"dybde": 0.542, "strom": 0.6, "vegetasjon": 0.5, "struktur": 0.763, "skygge": 0.911}, "harr": {"dybde": 0.25, "strom": 0.6, "vegetasjon": 0.375, "struktur": 0.602, "skygge": 1.0}, "sik": {"dybde": 1.0, "strom": 0.9, "vegetasjon": 0.5, "struktur": 0.85, "skygge": 1.0}, "lake": {"dybde": 1.0, "strom": 1.0, "vegetasjon": 0.5, "struktur": 0.928, "skygge": 1.0}, "mort": {"dybde": 0.542, "strom": 0.9, "vegetasjon": 0.625, "struktur": 0.537, "skygge": 1.0}, "brasme": {"dybde": 1.0, "strom": 0.8, "vegetasjon": 0.833, "struktur": 0.682, "skygge": 1.0}, "vederbuk": {"dybde": 0.906, "strom": 1.0, "vegetasjon": 0.833, "struktur": 0.679, "skygge": 1.0}, "gjors": {"dybde": 1.0, "strom": 1.0, "vegetasjon": 0.375, "struktur": 1.0, "skygge": 1.0}}, "beste_art": "gjedde", "H_maks": 100.0, "id": 3, "satsjekk": "satcheck_3.jpg"}}, {"type": "Feature", "geometry": {"type": "Point", "coordinates": [11.57195, 60.1889]}, "properties": {"seg": 154, "side": "v", "H": {"gjedde": 100.0, "abbor": 100.0, "orret": 59.223, "harr": 28.18, "sik": 89.52, "lake": 89.449, "mort": 89.892, "brasme": 100.0, "vederbuk": 95.071, "gjors": 83.596}, "rank": {"gjedde": 4, "abbor": 3, "brasme": 3, "vederbuk": 7}, "klasse": {"gjedde": "A", "abbor": "A", "brasme": "A", "vederbuk": "A"}, "navn": "Oppåkerbekken · km 15.4", "side_navn": "SØ-bredden", "elv": "Glomma", "km": 15.4, "komponenter": ["dropoff", "veg", "skygge"], "adkomst": {"d_vei_m": 116, "vei_navn": "track", "d_sti_m": 757, "d_parkering_m": 1819, "adkomst": "Lett: bilvei 116 m unna (track)."}, "banktype": "skog/kratt", "dybde_est": 5.0, "veg": 0.33, "skygge": 0.8, "klasse_strom": "svak", "w": 186.0, "h": 4.9, "v": 0.35, "struct": {"os": 0.14, "sving": 0.1, "innsnevring": 0.02, "bukt": 0.0, "dropoff": 1.0, "bru": 0.0, "dam": 0.0, "sandbanke": 0.0}, "f": {"gjedde": {"dybde": 0.566, "strom": 0.8, "vegetasjon": 0.63, "struktur": 0.745, "skygge": 1.0}, "abbor": {"dybde": 1.0, "strom": 1.0, "vegetasjon": 0.952, "struktur": 1.0, "skygge": 1.0}, "orret": {"dybde": 0.327, "strom": 0.6, "vegetasjon": 0.333, "struktur": 0.674, "skygge": 1.0}, "harr": {"dybde": 0.0, "strom": 0.6, "vegetasjon": 0.167, "struktur": 0.49, "skygge": 1.0}, "sik": {"dybde": 1.0, "strom": 0.9, "vegetasjon": 0.333, "struktur": 0.823, "skygge": 1.0}, "lake": {"dybde": 1.0, "strom": 1.0, "vegetasjon": 0.333, "struktur": 0.913, "skygge": 1.0}, "mort": {"dybde": 0.327, "strom": 0.9, "vegetasjon": 0.833, "struktur": 0.46, "skygge": 1.0}, "brasme": {"dybde": 1.0, "strom": 0.8, "vegetasjon": 1.0, "struktur": 0.634, "skygge": 1.0}, "vederbuk": {"dybde": 0.745, "strom": 1.0, "vegetasjon": 1.0, "struktur": 0.58, "skygge": 1.0}, "gjors": {"dybde": 1.0, "strom": 1.0, "vegetasjon": 0.167, "struktur": 1.0, "skygge": 1.0}}, "beste_art": "gjedde", "H_maks": 100.0, "id": 4, "satsjekk": "satcheck_4.jpg"}}, {"type": "Feature", "geometry": {"type": "Point", "coordinates": [11.69358, 60.25495]}, "properties": {"seg": 35, "side": "v", "H": {"gjedde": 99.372, "abbor": 93.219, "orret": 64.523, "harr": 57.141, "sik": 86.046, "lake": 82.968, "mort": 100.0, "brasme": 93.66, "vederbuk": 87.378, "gjors": 80.844}, "rank": {"gjedde": 5, "abbor": 8, "mort": 2, "brasme": 7}, "klasse": {"gjedde": "A", "abbor": "A", "mort": "A", "brasme": "A"}, "navn": "Tanumkollen · km 3.5", "side_navn": "SV-bredden", "elv": "Glomma", "km": 3.5, "komponenter": ["dropoff", "veg", "skygge"], "adkomst": {"d_vei_m": 95, "vei_navn": "Strandvegen", "d_sti_m": 202, "d_parkering_m": 466, "adkomst": "Lett: bilvei 95 m unna (Strandvegen). Parkering 466 m unna."}, "banktype": "skog/kratt", "dybde_est": 3.1, "veg": 0.25, "skygge": 0.86, "klasse_strom": "svak", "w": 246.0, "h": 4.1, "v": 0.32, "struct": {"os": 0.0, "sving": 0.15, "innsnevring": 0.0, "bukt": 0.0, "dropoff": 0.66, "bru": 0.0, "dam": 0.0, "sandbanke": 0.0}, "f": {"gjedde": {"dybde": 1.0, "strom": 0.8, "vegetasjon": 0.444, "struktur": 0.496, "skygge": 1.0}, "abbor": {"dybde": 1.0, "strom": 1.0, "vegetasjon": 0.714, "struktur": 0.688, "skygge": 1.0}, "orret": {"dybde": 0.979, "strom": 0.6, "vegetasjon": 0.5, "struktur": 0.453, "skygge": 1.0}, "harr": {"dybde": 0.775, "strom": 0.6, "vegetasjon": 0.375, "struktur": 0.321, "skygge": 1.0}, "sik": {"dybde": 1.0, "strom": 0.9, "vegetasjon": 0.5, "struktur": 0.551, "skygge": 1.0}, "lake": {"dybde": 1.0, "strom": 1.0, "vegetasjon": 0.5, "struktur": 0.62, "skygge": 1.0}, "mort": {"dybde": 0.979, "strom": 0.9, "vegetasjon": 0.625, "struktur": 0.299, "skygge": 1.0}, "brasme": {"dybde": 1.0, "strom": 0.8, "vegetasjon": 0.833, "struktur": 0.425, "skygge": 1.0}, "vederbuk": {"dybde": 1.0, "strom": 1.0, "vegetasjon": 0.833, "struktur": 0.382, "skygge": 1.0}, "gjors": {"dybde": 1.0, "strom": 1.0, "vegetasjon": 0.375, "struktur": 0.683, "skygge": 1.0}}, "beste_art": "mort", "H_maks": 100.0, "id": 5, "satsjekk": "satcheck_5.jpg"}}, {"type": "Feature", "geometry": {"type": "Point", "coordinates": [11.56402, 60.18782]}, "properties": {"seg": 158, "side": "h", "H": {"gjedde": 96.903, "abbor": 100.0, "orret": 79.349, "harr": 74.078, "sik": 97.185, "lake": 96.676, "mort": 100.0, "brasme": 100.0, "vederbuk": 100.0, "gjors": 86.39}, "rank": {"gjedde": 6, "abbor": 4, "mort": 4, "brasme": 4, "vederbuk": 4}, "klasse": {"gjedde": "A", "abbor": "A", "mort": "A", "brasme": "A", "vederbuk": "A"}, "navn": "Semingsrud · km 15.8", "side_navn": "NV-bredden", "elv": "Glomma", "km": 15.8, "komponenter": ["dropoff", "os:Hørjua", "veg", "skygge"], "adkomst": {"d_vei_m": 51, "vei_navn": "service", "d_sti_m": 1060, "d_parkering_m": 1370, "adkomst": "Lett: bilvei 51 m unna (service). Parkering 1370 m unna."}, "banktype": "skog/kratt", "dybde_est": 2.7, "veg": 0.17, "skygge": 0.79, "klasse_strom": "svak", "w": 218.0, "h": 4.4, "v": 0.33, "struct": {"os": 0.51, "sving": 0.13, "innsnevring": 0.0, "bukt": 0.16, "dropoff": 1.0, "bru": 0.0, "dam": 0.0, "sandbanke": 0.0}, "f": {"gjedde": {"dybde": 1.0, "strom": 0.8, "vegetasjon": 0.259, "struktur": 0.859, "skygge": 1.0}, "abbor": {"dybde": 1.0, "strom": 1.0, "vegetasjon": 0.476, "struktur": 1.0, "skygge": 1.0}, "orret": {"dybde": 1.0, "strom": 0.6, "vegetasjon": 0.667, "struktur": 0.811, "skygge": 1.0}, "harr": {"dybde": 0.939, "strom": 0.6, "vegetasjon": 0.583, "struktur": 0.652, "skygge": 1.0}, "sik": {"dybde": 1.0, "strom": 0.9, "vegetasjon": 0.667, "struktur": 0.877, "skygge": 1.0}, "lake": {"dybde": 1.0, "strom": 1.0, "vegetasjon": 0.667, "struktur": 0.938, "skygge": 1.0}, "mort": {"dybde": 1.0, "strom": 0.9, "vegetasjon": 0.417, "struktur": 0.632, "skygge": 1.0}, "brasme": {"dybde": 1.0, "strom": 0.8, "vegetasjon": 0.556, "struktur": 0.742, "skygge": 1.0}, "vederbuk": {"dybde": 1.0, "strom": 1.0, "vegetasjon": 0.556, "struktur": 0.75, "skygge": 1.0}, "gjors": {"dybde": 0.768, "strom": 1.0, "vegetasjon": 0.583, "struktur": 1.0, "skygge": 1.0}}, "beste_art": "abbor", "H_maks": 100.0, "id": 6, "satsjekk": "satcheck_6.jpg"}}, {"type": "Feature", "geometry": {"type": "Point", "coordinates": [11.72381, 60.24583]}, "properties": {"seg": 15, "side": "h", "H": {"gjedde": 89.539, "abbor": 89.5, "orret": 67.538, "harr": 63.44, "sik": 89.957, "lake": 79.767, "mort": 100.0, "brasme": 93.517, "vederbuk": 87.198, "gjors": 65.082}, "rank": {"gjedde": 9, "abbor": 11, "mort": 1, "brasme": 8}, "klasse": {"gjedde": "A", "abbor": "A", "mort": "A", "brasme": "A"}, "navn": "Snekkermoen · km 1.5", "side_navn": "NØ-bredden", "elv": "Glomma", "km": 1.5, "komponenter": ["dropoff", "veg", "skygge"], "adkomst": {"d_vei_m": 100, "vei_navn": "service", "d_sti_m": 889, "d_parkering_m": 1057, "adkomst": "Lett: bilvei 100 m unna (service). Parkering 1057 m unna."}, "banktype": "skog/kratt", "dybde_est": 2.2, "veg": 0.17, "skygge": 0.72, "klasse_strom": "svak", "w": 326.0, "h": 3.4, "v": 0.29, "struct": {"os": 0.01, "sving": 0.09, "innsnevring": 0.0, "bukt": 0.15, "dropoff": 0.68, "bru": 0.0, "dam": 0.0, "sandbanke": 0.0}, "f": {"gjedde": {"dybde": 1.0, "strom": 0.8, "vegetasjon": 0.259, "struktur": 0.578, "skygge": 1.0}, "abbor": {"dybde": 1.0, "strom": 1.0, "vegetasjon": 0.476, "struktur": 0.728, "skygge": 1.0}, "orret": {"dybde": 1.0, "strom": 0.6, "vegetasjon": 0.667, "struktur": 0.474, "skygge": 1.0}, "harr": {"dybde": 1.0, "strom": 0.6, "vegetasjon": 0.583, "struktur": 0.333, "skygge": 1.0}, "sik": {"dybde": 1.0, "strom": 0.9, "vegetasjon": 0.667, "struktur": 0.596, "skygge": 1.0}, "lake": {"dybde": 0.786, "strom": 1.0, "vegetasjon": 0.667, "struktur": 0.655, "skygge": 1.0}, "mort": {"dybde": 1.0, "strom": 0.9, "vegetasjon": 0.417, "struktur": 0.394, "skygge": 1.0}, "brasme": {"dybde": 1.0, "strom": 0.8, "vegetasjon": 0.556, "struktur": 0.516, "skygge": 1.0}, "vederbuk": {"dybde": 1.0, "strom": 1.0, "vegetasjon": 0.556, "struktur": 0.435, "skygge": 1.0}, "gjors": {"dybde": 0.453, "strom": 1.0, "vegetasjon": 0.583, "struktur": 0.721, "skygge": 1.0}}, "beste_art": "mort", "H_maks": 100.0, "id": 7, "satsjekk": "satcheck_7.jpg"}}, {"type": "Feature", "geometry": {"type": "Point", "coordinates": [11.67584, 60.25142]}, "properties": {"seg": 51, "side": "v", "H": {"gjedde": 89.498, "abbor": 100.0, "orret": 69.884, "harr": 59.06, "sik": 95.813, "lake": 95.869, "mort": 93.839, "brasme": 97.081, "vederbuk": 94.225, "gjors": 94.753}, "rank": {"gjedde": 10, "abbor": 1, "mort": 9, "brasme": 5, "vederbuk": 8}, "klasse": {"gjedde": "A", "abbor": "A", "mort": "A", "brasme": "A", "vederbuk": "A"}, "navn": "Korsmoenga · km 5.1", "side_navn": "SØ-bredden", "elv": "Glomma", "km": 5.1, "komponenter": ["dropoff", "veg"], "adkomst": {"d_vei_m": 33, "vei_navn": "track", "d_sti_m": 157, "d_parkering_m": 242, "adkomst": "Lett: bilvei 33 m unna (track). Parkering 242 m unna."}, "banktype": "eng/dyrket", "dybde_est": 3.9, "veg": 0.17, "skygge": 0.44, "klasse_strom": "svak", "w": 164.0, "h": 5.3, "v": 0.37, "struct": {"os": 0.02, "sving": 0.11, "innsnevring": 0.14, "bukt": 0.0, "dropoff": 1.0, "bru": 0.01, "dam": 0.0, "sandbanke": 0.0}, "f": {"gjedde": {"dybde": 0.882, "strom": 0.8, "vegetasjon": 0.259, "struktur": 0.73, "skygge": 0.734}, "abbor": {"dybde": 1.0, "strom": 1.0, "vegetasjon": 0.476, "struktur": 1.0, "skygge": 1.0}, "orret": {"dybde": 0.695, "strom": 0.6, "vegetasjon": 0.667, "struktur": 0.664, "skygge": 0.881}, "harr": {"dybde": 0.434, "strom": 0.6, "vegetasjon": 0.583, "struktur": 0.488, "skygge": 1.0}, "sik": {"dybde": 1.0, "strom": 0.9, "vegetasjon": 0.667, "struktur": 0.817, "skygge": 1.0}, "lake": {"dybde": 1.0, "strom": 1.0, "vegetasjon": 0.667, "struktur": 0.913, "skygge": 1.0}, "mort": {"dybde": 0.695, "strom": 0.9, "vegetasjon": 0.417, "struktur": 0.444, "skygge": 1.0}, "brasme": {"dybde": 1.0, "strom": 0.8, "vegetasjon": 0.556, "struktur": 0.623, "skygge": 1.0}, "vederbuk": {"dybde": 1.0, "strom": 1.0, "vegetasjon": 0.556, "struktur": 0.563, "skygge": 1.0}, "gjors": {"dybde": 1.0, "strom": 1.0, "vegetasjon": 0.583, "struktur": 1.0, "skygge": 1.0}}, "beste_art": "abbor", "H_maks": 100.0, "id": 8, "satsjekk": "satcheck_8.jpg"}}, {"type": "Feature", "geometry": {"type": "Point", "coordinates": [11.58174, 60.1967]}, "properties": {"seg": 143, "side": "v", "H": {"gjedde": 85.688, "abbor": 100.0, "orret": 68.652, "harr": 47.782, "sik": 96.582, "lake": 96.362, "mort": 86.447, "brasme": 98.875, "vederbuk": 95.858, "gjors": 94.753}, "rank": {"abbor": 2, "lake": 12, "gjors": 11}, "klasse": {"abbor": "A", "lake": "A", "gjors": "A"}, "navn": "Staksrud · km 14.3", "side_navn": "S-bredden", "elv": "Glomma", "km": 14.3, "komponenter": ["dropoff", "veg", "skygge"], "adkomst": {"d_vei_m": 217, "vei_navn": "service", "d_sti_m": 204, "d_parkering_m": 2584, "adkomst": "Kort gange: bilvei 217 m unna."}, "banktype": "eng/dyrket", "dybde_est": 4.7, "veg": 0.17, "skygge": 0.57, "klasse_strom": "svak", "w": 196.0, "h": 4.1, "v": 0.4, "struct": {"os": 0.26, "sving": 0.37, "innsnevring": 0.0, "bukt": 0.0, "dropoff": 1.0, "bru": 0.0, "dam": 0.0, "sandbanke": 0.0}, "f": {"gjedde": {"dybde": 0.654, "strom": 0.8, "vegetasjon": 0.259, "struktur": 0.799, "skygge": 0.953}, "abbor": {"dybde": 1.0, "strom": 1.0, "vegetasjon": 0.476, "struktur": 1.0, "skygge": 1.0}, "orret": {"dybde": 0.43, "strom": 0.6, "vegetasjon": 0.667, "struktur": 0.763, "skygge": 1.0}, "harr": {"dybde": 0.116, "strom": 0.6, "vegetasjon": 0.583, "struktur": 0.602, "skygge": 1.0}, "sik": {"dybde": 1.0, "strom": 0.9, "vegetasjon": 0.667, "struktur": 0.85, "skygge": 1.0}, "lake": {"dybde": 1.0, "strom": 1.0, "vegetasjon": 0.667, "struktur": 0.928, "skygge": 1.0}, "mort": {"dybde": 0.43, "strom": 0.9, "vegetasjon": 0.417, "struktur": 0.537, "skygge": 1.0}, "brasme": {"dybde": 1.0, "strom": 0.8, "vegetasjon": 0.556, "struktur": 0.682, "skygge": 1.0}, "vederbuk": {"dybde": 0.822, "strom": 1.0, "vegetasjon": 0.556, "struktur": 0.679, "skygge": 1.0}, "gjors": {"dybde": 1.0, "strom": 1.0, "vegetasjon": 0.583, "struktur": 1.0, "skygge": 1.0}}, "beste_art": "abbor", "H_maks": 100.0, "id": 9, "satsjekk": "satcheck_9.jpg"}}, {"type": "Feature", "geometry": {"type": "Point", "coordinates": [11.68198, 60.25639]}, "properties": {"seg": 44, "side": "v", "H": {"gjedde": 41.497, "abbor": 53.815, "orret": 100.0, "harr": 99.535, "sik": 66.919, "lake": 63.541, "mort": 43.564, "brasme": 38.308, "vederbuk": 66.207, "gjors": 23.21}, "rank": {"orret": 1}, "klasse": {"orret": "A"}, "navn": "Skarnes · km 4.4", "side_navn": "SØ-bredden", "elv": "Glomma", "km": 4.4, "komponenter": ["dropoff", "os:Oppstadåa", "strom:moderat", "skygge", "oy"], "adkomst": {"d_vei_m": 45, "vei_navn": "Strandvegen", "d_sti_m": 89, "d_parkering_m": 154, "adkomst": "Lett: bilvei 45 m unna (Strandvegen). Parkering 154 m unna. Sti langs vannet."}, "banktype": "skog/kratt", "dybde_est": 1.5, "veg": 0.0, "skygge": 0.68, "klasse_strom": "moderat", "w": 218.0, "h": 2.3, "v": 0.63, "struct": {"os": 0.51, "sving": 0.39, "innsnevring": 0.0, "bukt": 0.02, "dropoff": 0.96, "bru": 0.27, "dam": 0.0, "sandbanke": 0.0}, "f": {"gjedde": {"dybde": 1.0, "strom": 0.35, "vegetasjon": 0.0, "struktur": 0.855, "skygge": 1.0}, "abbor": {"dybde": 1.0, "strom": 0.5, "vegetasjon": 0.0, "struktur": 0.984, "skygge": 1.0}, "orret": {"dybde": 1.0, "strom": 1.0, "vegetasjon": 1.0, "struktur": 0.851, "skygge": 1.0}, "harr": {"dybde": 1.0, "strom": 1.0, "vegetasjon": 1.0, "struktur": 0.719, "skygge": 1.0}, "sik": {"dybde": 0.616, "strom": 0.4, "vegetasjon": 1.0, "struktur": 0.873, "skygge": 1.0}, "lake": {"dybde": 0.36, "strom": 0.6, "vegetasjon": 1.0, "struktur": 0.938, "skygge": 1.0}, "mort": {"dybde": 1.0, "strom": 0.3, "vegetasjon": 0.0, "struktur": 0.658, "skygge": 1.0}, "brasme": {"dybde": 0.616, "strom": 0.2, "vegetasjon": 0.0, "struktur": 0.734, "skygge": 1.0}, "vederbuk": {"dybde": 1.0, "strom": 0.7, "vegetasjon": 0.0, "struktur": 0.797, "skygge": 1.0}, "gjors": {"dybde": 0.026, "strom": 0.4, "vegetasjon": 1.0, "struktur": 0.984, "skygge": 1.0}}, "beste_art": "orret", "H_maks": 100.0, "id": 10, "satsjekk": "satcheck_10.jpg"}}, {"type": "Feature", "geometry": {"type": "Point", "coordinates": [11.64307, 60.21059]}, "properties": {"seg": 105, "side": "v", "H": {"gjedde": 41.636, "abbor": 49.195, "orret": 100.0, "harr": 100.0, "sik": 63.527, "lake": 57.953, "mort": 43.116, "brasme": 36.109, "vederbuk": 67.674, "gjors": 19.444}, "rank": {"orret": 2, "harr": 2}, "klasse": {"orret": "A", "harr": "A"}, "navn": "Sundvoll · km 10.5", "side_navn": "SØ-bredden", "elv": "Glomma", "km": 10.5, "komponenter": ["os:Sæteråa", "strom:moderat", "skygge"], "adkomst": {"d_vei_m": 50, "vei_navn": "service", "d_sti_m": 456, "d_parkering_m": 2379, "adkomst": "Lett: bilvei 50 m unna (service)."}, "banktype": "skog/kratt", "dybde_est": 1.5, "veg": 0.0, "skygge": 0.81, "klasse_strom": "moderat", "w": 318.0, "h": 1.8, "v": 0.55, "struct": {"os": 1.0, "sving": 0.23, "innsnevring": 0.0, "bukt": 0.1, "dropoff": 0.28, "bru": 0.0, "dam": 0.0, "sandbanke": 0.0}, "f": {"gjedde": {"dybde": 1.0, "strom": 0.35, "vegetasjon": 0.0, "struktur": 0.869, "skygge": 1.0}, "abbor": {"dybde": 1.0, "strom": 0.5, "vegetasjon": 0.0, "struktur": 0.762, "skygge": 1.0}, "orret": {"dybde": 1.0, "strom": 1.0, "vegetasjon": 1.0, "struktur": 0.931, "skygge": 1.0}, "harr": {"dybde": 1.0, "strom": 1.0, "vegetasjon": 1.0, "struktur": 0.77, "skygge": 1.0}, "sik": {"dybde": 0.59, "strom": 0.4, "vegetasjon": 1.0, "struktur": 0.727, "skygge": 1.0}, "lake": {"dybde": 0.339, "strom": 0.6, "vegetasjon": 1.0, "struktur": 0.74, "skygge": 1.0}, "mort": {"dybde": 1.0, "strom": 0.3, "vegetasjon": 0.0, "struktur": 0.625, "skygge": 1.0}, "brasme": {"dybde": 0.59, "strom": 0.2, "vegetasjon": 0.0, "struktur": 0.583, "skygge": 1.0}, "vederbuk": {"dybde": 1.0, "strom": 0.7, "vegetasjon": 0.0, "struktur": 0.857, "skygge": 1.0}, "gjors": {"dybde": 0.005, "strom": 0.4, "vegetasjon": 1.0, "struktur": 0.753, "skygge": 1.0}}, "beste_art": "orret", "H_maks": 100.0, "id": 11, "satsjekk": "satcheck_11.jpg"}}, {"type": "Feature", "geometry": {"type": "Point", "coordinates": [11.63931, 60.21268]}, "properties": {"seg": 105, "side": "h", "H": {"gjedde": 40.311, "abbor": 46.719, "orret": 99.481, "harr": 100.0, "sik": 70.573, "lake": 66.02, "mort": 42.17, "brasme": 38.943, "vederbuk": 66.817, "gjors": 42.874}, "rank": {"orret": 3, "harr": 3}, "klasse": {"orret": "A", "harr": "A"}, "navn": "Sundvoll · km 10.5", "side_navn": "NV-bredden", "elv": "Glomma", "km": 10.5, "komponenter": ["os:Sæteråa", "strom:moderat"], "adkomst": {"d_vei_m": 42, "vei_navn": "service", "d_sti_m": 500, "d_parkering_m": 2089, "adkomst": "Lett: bilvei 42 m unna (service)."}, "banktype": "eng/dyrket", "dybde_est": 1.8, "veg": 0.0, "skygge": 0.37, "klasse_strom": "moderat", "w": 318.0, "h": 1.8, "v": 0.55, "struct": {"os": 1.0, "sving": 0.23, "innsnevring": 0.0, "bukt": 0.08, "dropoff": 0.0, "bru": 0.0, "dam": 0.0, "sandbanke": 0.0}, "f": {"gjedde": {"dybde": 1.0, "strom": 0.35, "vegetasjon": 0.0, "struktur": 0.834, "skygge": 0.618}, "abbor": {"dybde": 1.0, "strom": 0.5, "vegetasjon": 0.0, "struktur": 0.664, "skygge": 0.927}, "orret": {"dybde": 1.0, "strom": 1.0, "vegetasjon": 1.0, "struktur": 0.916, "skygge": 0.742}, "harr": {"dybde": 1.0, "strom": 1.0, "vegetasjon": 1.0, "struktur": 0.739, "skygge": 1.0}, "sik": {"dybde": 0.854, "strom": 0.4, "vegetasjon": 1.0, "struktur": 0.644, "skygge": 1.0}, "lake": {"dybde": 0.55, "strom": 0.6, "vegetasjon": 1.0, "struktur": 0.649, "skygge": 1.0}, "mort": {"dybde": 1.0, "strom": 0.3, "vegetasjon": 0.0, "struktur": 0.57, "skygge": 0.927}, "brasme": {"dybde": 0.854, "strom": 0.2, "vegetasjon": 0.0, "struktur": 0.489, "skygge": 1.0}, "vederbuk": {"dybde": 1.0, "strom": 0.7, "vegetasjon": 0.0, "struktur": 0.832, "skygge": 0.927}, "gjors": {"dybde": 0.216, "strom": 0.4, "vegetasjon": 1.0, "struktur": 0.653, "skygge": 1.0}}, "beste_art": "harr", "H_maks": 100.0, "id": 12, "satsjekk": "satcheck_12.jpg"}}, {"type": "Feature", "geometry": {"type": "Point", "coordinates": [11.68065, 60.25605]}, "properties": {"seg": 45, "side": "v", "H": {"gjedde": 58.949, "abbor": 78.423, "orret": 100.0, "harr": 100.0, "sik": 76.32, "lake": 74.998, "mort": 72.959, "brasme": 57.184, "vederbuk": 90.889, "gjors": 50.252}, "rank": {"harr": 1, "vederbuk": 10}, "klasse": {"harr": "A", "vederbuk": "A"}, "navn": "Skarnes · km 4.5", "side_navn": "SØ-bredden", "elv": "Glomma", "km": 4.5, "komponenter": ["dropoff", "os:Oppstadåa", "bru", "strom:moderat", "skygge", "oy"], "adkomst": {"d_vei_m": 23, "vei_navn": "Glomvegen", "d_sti_m": 94, "d_parkering_m": 107, "adkomst": "Lett: bilvei 23 m unna (Glomvegen). Parkering 107 m unna. Sti langs vannet."}, "banktype": "eng/dyrket", "dybde_est": 1.9, "veg": 0.08, "skygge": 0.62, "klasse_strom": "moderat", "w": 188.0, "h": 2.6, "v": 0.67, "struct": {"os": 1.0, "sving": 0.22, "innsnevring": 0.02, "bukt": 0.0, "dropoff": 0.99, "bru": 0.62, "dam": 0.0, "sandbanke": 0.33}, "f": {"gjedde": {"dybde": 1.0, "strom": 0.35, "vegetasjon": 0.074, "struktur": 0.962, "skygge": 1.0}, "abbor": {"dybde": 1.0, "strom": 0.5, "vegetasjon": 0.238, "struktur": 0.999, "skygge": 1.0}, "orret": {"dybde": 1.0, "strom": 1.0, "vegetasjon": 0.833, "struktur": 0.977, "skygge": 1.0}, "harr": {"dybde": 1.0, "strom": 1.0, "vegetasjon": 0.792, "struktur": 0.9, "skygge": 1.0}, "sik": {"dybde": 0.9, "strom": 0.4, "vegetasjon": 0.833, "struktur": 0.952, "skygge": 1.0}, "lake": {"dybde": 0.586, "strom": 0.6, "vegetasjon": 0.833, "struktur": 0.979, "skygge": 1.0}, "mort": {"dybde": 1.0, "strom": 0.3, "vegetasjon": 0.208, "struktur": 0.832, "skygge": 1.0}, "brasme": {"dybde": 0.9, "strom": 0.2, "vegetasjon": 0.278, "struktur": 0.828, "skygge": 1.0}, "vederbuk": {"dybde": 1.0, "strom": 0.7, "vegetasjon": 0.278, "struktur": 0.953, "skygge": 1.0}, "gjors": {"dybde": 0.253, "strom": 0.4, "vegetasjon": 0.792, "struktur": 0.999, "skygge": 1.0}}, "beste_art": "orret", "H_maks": 100.0, "id": 13}}, {"type": "Feature", "geometry": {"type": "Point", "coordinates": [11.67292, 60.22415]}, "properties": {"seg": 82, "side": "v", "H": {"gjedde": 47.929, "abbor": 61.674, "orret": 73.859, "harr": 66.862, "sik": 100.0, "lake": 100.0, "mort": 53.309, "brasme": 70.351, "vederbuk": 69.275, "gjors": 100.0}, "rank": {"sik": 1, "lake": 2, "gjors": 2}, "klasse": {"sik": "A", "lake": "A", "gjors": "A"}, "navn": "Lilleset · km 8.2", "side_navn": "Ø-bredden", "elv": "Glomma", "km": 8.2, "komponenter": ["dropoff"], "adkomst": {"d_vei_m": 11, "vei_navn": "Norddisivegen", "d_sti_m": 237, "d_parkering_m": 2235, "adkomst": "Lett: bilvei 11 m unna (Norddisivegen)."}, "banktype": "eng/dyrket", "dybde_est": 3.7, "veg": 0.0, "skygge": 0.34, "klasse_strom": "svak", "w": 204.0, "h": 4.6, "v": 0.34, "struct": {"os": 0.14, "sving": 0.26, "innsnevring": 0.07, "bukt": 0.0, "dropoff": 1.0, "bru": 0.02, "dam": 0.0, "sandbanke": 0.0}, "f": {"gjedde": {"dybde": 0.95, "strom": 0.8, "vegetasjon": 0.0, "struktur": 0.767, "skygge": 0.57}, "abbor": {"dybde": 1.0, "strom": 1.0, "vegetasjon": 0.0, "struktur": 1.0, "skygge": 0.856}, "orret": {"dybde": 0.775, "strom": 0.6, "vegetasjon": 1.0, "struktur": 0.719, "skygge": 0.685}, "harr": {"dybde": 0.53, "strom": 0.6, "vegetasjon": 1.0, "struktur": 0.551, "skygge": 1.0}, "sik": {"dybde": 1.0, "strom": 0.9, "vegetasjon": 1.0, "struktur": 0.835, "skygge": 1.0}, "lake": {"dybde": 1.0, "strom": 1.0, "vegetasjon": 1.0, "struktur": 0.922, "skygge": 1.0}, "mort": {"dybde": 0.775, "strom": 0.9, "vegetasjon": 0.0, "struktur": 0.497, "skygge": 0.856}, "brasme": {"dybde": 1.0, "strom": 0.8, "vegetasjon": 0.0, "struktur": 0.656, "skygge": 1.0}, "vederbuk": {"dybde": 1.0, "strom": 1.0, "vegetasjon": 0.0, "struktur": 0.628, "skygge": 0.856}, "gjors": {"dybde": 1.0, "strom": 1.0, "vegetasjon": 1.0, "struktur": 1.0, "skygge": 1.0}}, "beste_art": "sik", "H_maks": 100.0, "id": 14}}, {"type": "Feature", "geometry": {"type": "Point", "coordinates": [11.62605, 60.20957]}, "properties": {"seg": 114, "side": "h", "H": {"gjedde": 50.382, "abbor": 61.105, "orret": 82.439, "harr": 71.478, "sik": 100.0, "lake": 100.0, "mort": 55.994, "brasme": 71.673, "vederbuk": 77.653, "gjors": 98.545}, "rank": {"sik": 2, "lake": 3, "gjors": 7}, "klasse": {"sik": "A", "lake": "A", "gjors": "A"}, "navn": "Bruneset · km 11.4", "side_navn": "N-bredden", "elv": "Glomma", "km": 11.4, "komponenter": ["dropoff", "os:bekk", "skygge"], "adkomst": {"d_vei_m": 220, "vei_navn": "service", "d_sti_m": 678, "d_parkering_m": 2324, "adkomst": "Kort gange: bilvei 220 m unna."}, "banktype": "skog/kratt", "dybde_est": 3.9, "veg": 0.0, "skygge": 0.77, "klasse_strom": "svak", "w": 267.0, "h": 3.9, "v": 0.31, "struct": {"os": 1.0, "sving": 0.02, "innsnevring": 0.14, "bukt": 0.0, "dropoff": 0.87, "bru": 0.0, "dam": 0.0, "sandbanke": 0.0}, "f": {"gjedde": {"dybde": 0.892, "strom": 0.8, "vegetasjon": 0.0, "struktur": 0.926, "skygge": 1.0}, "abbor": {"dybde": 1.0, "strom": 1.0, "vegetasjon": 0.0, "struktur": 0.952, "skygge": 1.0}, "orret": {"dybde": 0.707, "strom": 0.6, "vegetasjon": 1.0, "struktur": 0.957, "skygge": 1.0}, "harr": {"dybde": 0.448, "strom": 0.6, "vegetasjon": 1.0, "struktur": 0.823, "skygge": 1.0}, "sik": {"dybde": 1.0, "strom": 0.9, "vegetasjon": 1.0, "struktur": 0.885, "skygge": 1.0}, "lake": {"dybde": 1.0, "strom": 1.0, "vegetasjon": 1.0, "struktur": 0.921, "skygge": 1.0}, "mort": {"dybde": 0.707, "strom": 0.9, "vegetasjon": 0.0, "struktur": 0.685, "skygge": 1.0}, "brasme": {"dybde": 1.0, "strom": 0.8, "vegetasjon": 0.0, "struktur": 0.72, "skygge": 1.0}, "vederbuk": {"dybde": 1.0, "strom": 1.0, "vegetasjon": 0.0, "struktur": 0.895, "skygge": 1.0}, "gjors": {"dybde": 1.0, "strom": 1.0, "vegetasjon": 1.0, "struktur": 0.952, "skygge": 1.0}}, "beste_art": "sik", "H_maks": 100.0, "id": 15}}, {"type": "Feature", "geometry": {"type": "Point", "coordinates": [11.57557, 60.19129]}, "properties": {"seg": 151, "side": "v", "H": {"gjedde": 18.944, "abbor": 59.596, "orret": 43.57, "harr": 34.516, "sik": 100.0, "lake": 100.0, "mort": 21.351, "brasme": 66.714, "vederbuk": 53.178, "gjors": 99.966}, "rank": {"sik": 3, "lake": 4}, "klasse": {"sik": "A", "lake": "A"}, "navn": "Glommenstrand · km 15.1", "side_navn": "SØ-bredden", "elv": "Glomma", "km": 15.1, "komponenter": ["dropoff"], "adkomst": {"d_vei_m": 81, "vei_navn": "track", "d_sti_m": 783, "d_parkering_m": 2063, "adkomst": "Lett: bilvei 81 m unna (track)."}, "banktype": "eng/dyrket", "dybde_est": 6.9, "veg": 0.0, "skygge": 0.45, "klasse_strom": "svak", "w": 168.0, "h": 5.2, "v": 0.37, "struct": {"os": 0.02, "sving": 0.33, "innsnevring": 0.11, "bukt": 0.0, "dropoff": 1.0, "bru": 0.0, "dam": 0.0, "sandbanke": 0.0}, "f": {"gjedde": {"dybde": 0.022, "strom": 0.8, "vegetasjon": 0.0, "struktur": 0.751, "skygge": 0.743}, "abbor": {"dybde": 0.846, "strom": 1.0, "vegetasjon": 0.0, "struktur": 0.999, "skygge": 1.0}, "orret": {"dybde": 0.0, "strom": 0.6, "vegetasjon": 1.0, "struktur": 0.705, "skygge": 0.892}, "harr": {"dybde": 0.0, "strom": 0.6, "vegetasjon": 1.0, "struktur": 0.538, "skygge": 1.0}, "sik": {"dybde": 1.0, "strom": 0.9, "vegetasjon": 1.0, "struktur": 0.827, "skygge": 1.0}, "lake": {"dybde": 1.0, "strom": 1.0, "vegetasjon": 1.0, "struktur": 0.918, "skygge": 1.0}, "mort": {"dybde": 0.0, "strom": 0.9, "vegetasjon": 0.0, "struktur": 0.476, "skygge": 1.0}, "brasme": {"dybde": 0.846, "strom": 0.8, "vegetasjon": 0.0, "struktur": 0.646, "skygge": 1.0}, "vederbuk": {"dybde": 0.27, "strom": 1.0, "vegetasjon": 0.0, "struktur": 0.607, "skygge": 1.0}, "gjors": {"dybde": 1.0, "strom": 1.0, "vegetasjon": 1.0, "struktur": 0.999, "skygge": 1.0}}, "beste_art": "sik", "H_maks": 100.0, "id": 16}}, {"type": "Feature", "geometry": {"type": "Point", "coordinates": [11.56791, 60.18726]}, "properties": {"seg": 157, "side": "v", "H": {"gjedde": 49.057, "abbor": 60.964, "orret": 80.447, "harr": 66.803, "sik": 100.0, "lake": 99.848, "mort": 53.842, "brasme": 71.743, "vederbuk": 76.872, "gjors": 98.328}, "rank": {"sik": 4, "lake": 6, "gjors": 8}, "klasse": {"sik": "A", "lake": "A", "gjors": "A"}, "navn": "Semingsrud · km 15.7", "side_navn": "SØ-bredden", "elv": "Glomma", "km": 15.7, "komponenter": ["dropoff", "os:Hørjua", "skygge"], "adkomst": {"d_vei_m": 46, "vei_navn": "track", "d_sti_m": 905, "d_parkering_m": 1584, "adkomst": "Lett: bilvei 46 m unna (track)."}, "banktype": "skog/kratt", "dybde_est": 4.2, "veg": 0.0, "skygge": 0.77, "klasse_strom": "svak", "w": 191.0, "h": 4.8, "v": 0.35, "struct": {"os": 1.0, "sving": 0.13, "innsnevring": 0.0, "bukt": 0.01, "dropoff": 0.85, "bru": 0.0, "dam": 0.0, "sandbanke": 0.0}, "f": {"gjedde": {"dybde": 0.802, "strom": 0.8, "vegetasjon": 0.0, "struktur": 0.925, "skygge": 1.0}, "abbor": {"dybde": 1.0, "strom": 1.0, "vegetasjon": 0.0, "struktur": 0.946, "skygge": 1.0}, "orret": {"dybde": 0.603, "strom": 0.6, "vegetasjon": 1.0, "struktur": 0.955, "skygge": 1.0}, "harr": {"dybde": 0.323, "strom": 0.6, "vegetasjon": 1.0, "struktur": 0.816, "skygge": 1.0}, "sik": {"dybde": 1.0, "strom": 0.9, "vegetasjon": 1.0, "struktur": 0.879, "skygge": 1.0}, "lake": {"dybde": 1.0, "strom": 1.0, "vegetasjon": 1.0, "struktur": 0.913, "skygge": 1.0}, "mort": {"dybde": 0.603, "strom": 0.9, "vegetasjon": 0.0, "struktur": 0.688, "skygge": 1.0}, "brasme": {"dybde": 1.0, "strom": 0.8, "vegetasjon": 0.0, "struktur": 0.723, "skygge": 1.0}, "vederbuk": {"dybde": 0.952, "strom": 1.0, "vegetasjon": 0.0, "struktur": 0.894, "skygge": 1.0}, "gjors": {"dybde": 1.0, "strom": 1.0, "vegetasjon": 1.0, "struktur": 0.945, "skygge": 1.0}}, "beste_art": "sik", "H_maks": 100.0, "id": 17}}, {"type": "Feature", "geometry": {"type": "Point", "coordinates": [11.67633, 60.25222]}, "properties": {"seg": 50, "side": "v", "H": {"gjedde": 49.22, "abbor": 62.157, "orret": 76.644, "harr": 67.751, "sik": 99.971, "lake": 100.0, "mort": 53.971, "brasme": 69.812, "vederbuk": 68.544, "gjors": 100.0}, "rank": {"sik": 5, "lake": 1, "gjors": 1}, "klasse": {"sik": "A", "lake": "A", "gjors": "A"}, "navn": "Korsmoenga · km 5.0", "side_navn": "SØ-bredden", "elv": "Glomma", "km": 5.0, "komponenter": ["dropoff", "skygge"], "adkomst": {"d_vei_m": 46, "vei_navn": "track", "d_sti_m": 135, "d_parkering_m": 170, "adkomst": "Lett: bilvei 46 m unna (track). Parkering 170 m unna."}, "banktype": "eng/dyrket", "dybde_est": 3.5, "veg": 0.0, "skygge": 0.52, "klasse_strom": "svak", "w": 148.0, "h": 5.6, "v": 0.38, "struct": {"os": 0.04, "sving": 0.11, "innsnevring": 0.22, "bukt": 0.0, "dropoff": 1.0, "bru": 0.04, "dam": 0.0, "sandbanke": 0.0}, "f": {"gjedde": {"dybde": 0.999, "strom": 0.8, "vegetasjon": 0.0, "struktur": 0.742, "skygge": 0.858}, "abbor": {"dybde": 1.0, "strom": 1.0, "vegetasjon": 0.0, "struktur": 1.0, "skygge": 1.0}, "orret": {"dybde": 0.832, "strom": 0.6, "vegetasjon": 1.0, "struktur": 0.692, "skygge": 1.0}, "harr": {"dybde": 0.599, "strom": 0.6, "vegetasjon": 1.0, "struktur": 0.527, "skygge": 1.0}, "sik": {"dybde": 1.0, "strom": 0.9, "vegetasjon": 1.0, "struktur": 0.825, "skygge": 1.0}, "lake": {"dybde": 1.0, "strom": 1.0, "vegetasjon": 1.0, "struktur": 0.919, "skygge": 1.0}, "mort": {"dybde": 0.832, "strom": 0.9, "vegetasjon": 0.0, "struktur": 0.465, "skygge": 1.0}, "brasme": {"dybde": 1.0, "strom": 0.8, "vegetasjon": 0.0, "struktur": 0.631, "skygge": 1.0}, "vederbuk": {"dybde": 1.0, "strom": 1.0, "vegetasjon": 0.0, "struktur": 0.59, "skygge": 1.0}, "gjors": {"dybde": 1.0, "strom": 1.0, "vegetasjon": 1.0, "struktur": 1.0, "skygge": 1.0}}, "beste_art": "lake", "H_maks": 100.0, "id": 18}}, {"type": "Feature", "geometry": {"type": "Point", "coordinates": [11.57702, 60.19402]}, "properties": {"seg": 148, "side": "v", "H": {"gjedde": 48.936, "abbor": 62.157, "orret": 75.755, "harr": 66.116, "sik": 99.918, "lake": 99.865, "mort": 53.385, "brasme": 69.736, "vederbuk": 68.062, "gjors": 100.0}, "rank": {"sik": 6, "lake": 5, "gjors": 4}, "klasse": {"sik": "A", "lake": "A", "gjors": "A"}, "navn": "Staksrud · km 14.8", "side_navn": "Ø-bredden", "elv": "Glomma", "km": 14.8, "komponenter": ["dropoff", "skygge"], "adkomst": {"d_vei_m": 220, "vei_navn": "residential", "d_sti_m": 533, "d_parkering_m": 2228, "adkomst": "Kort gange: bilvei 220 m unna."}, "banktype": "eng/dyrket", "dybde_est": 3.6, "veg": 0.0, "skygge": 0.5, "klasse_strom": "svak", "w": 169.0, "h": 5.2, "v": 0.37, "struct": {"os": 0.14, "sving": 0.02, "innsnevring": 0.1, "bukt": 0.0, "dropoff": 1.0, "bru": 0.0, "dam": 0.0, "sandbanke": 0.0}, "f": {"gjedde": {"dybde": 0.98, "strom": 0.8, "vegetasjon": 0.0, "struktur": 0.743, "skygge": 0.84}, "abbor": {"dybde": 1.0, "strom": 1.0, "vegetasjon": 0.0, "struktur": 1.0, "skygge": 1.0}, "orret": {"dybde": 0.81, "strom": 0.6, "vegetasjon": 1.0, "struktur": 0.674, "skygge": 1.0}, "harr": {"dybde": 0.573, "strom": 0.6, "vegetasjon": 1.0, "struktur": 0.495, "skygge": 1.0}, "sik": {"dybde": 1.0, "strom": 0.9, "vegetasjon": 1.0, "struktur": 0.823, "skygge": 1.0}, "lake": {"dybde": 1.0, "strom": 1.0, "vegetasjon": 1.0, "struktur": 0.914, "skygge": 1.0}, "mort": {"dybde": 0.81, "strom": 0.9, "vegetasjon": 0.0, "struktur": 0.455, "skygge": 1.0}, "brasme": {"dybde": 1.0, "strom": 0.8, "vegetasjon": 0.0, "struktur": 0.628, "skygge": 1.0}, "vederbuk": {"dybde": 1.0, "strom": 1.0, "vegetasjon": 0.0, "struktur": 0.576, "skygge": 1.0}, "gjors": {"dybde": 1.0, "strom": 1.0, "vegetasjon": 1.0, "struktur": 1.0, "skygge": 1.0}}, "beste_art": "gjors", "H_maks": 100.0, "id": 19}}, {"type": "Feature", "geometry": {"type": "Point", "coordinates": [11.6341, 60.21083]}, "properties": {"seg": 109, "side": "h", "H": {"gjedde": 48.776, "abbor": 62.157, "orret": 76.548, "harr": 69.483, "sik": 99.807, "lake": 99.806, "mort": 55.502, "brasme": 69.657, "vederbuk": 67.622, "gjors": 100.0}, "rank": {"sik": 7, "lake": 7, "gjors": 3}, "klasse": {"sik": "A", "lake": "A", "gjors": "A"}, "navn": "Ullern · km 10.9", "side_navn": "N-bredden", "elv": "Glomma", "km": 10.9, "komponenter": ["dropoff"], "adkomst": {"d_vei_m": 49, "vei_navn": "service", "d_sti_m": 530, "d_parkering_m": 2216, "adkomst": "Lett: bilvei 49 m unna (service)."}, "banktype": "eng/dyrket", "dybde_est": 3.1, "veg": 0.0, "skygge": 0.45, "klasse_strom": "svak", "w": 280.0, "h": 3.1, "v": 0.37, "struct": {"os": 0.07, "sving": 0.08, "innsnevring": 0.1, "bukt": 0.0, "dropoff": 1.0, "bru": 0.0, "dam": 0.0, "sandbanke": 0.0}, "f": {"gjedde": {"dybde": 1.0, "strom": 0.8, "vegetasjon": 0.0, "struktur": 0.734, "skygge": 0.748}, "abbor": {"dybde": 1.0, "strom": 1.0, "vegetasjon": 0.0, "struktur": 1.0, "skygge": 1.0}, "orret": {"dybde": 0.963, "strom": 0.6, "vegetasjon": 1.0, "struktur": 0.664, "skygge": 0.898}, "harr": {"dybde": 0.756, "strom": 0.6, "vegetasjon": 1.0, "struktur": 0.484, "skygge": 1.0}, "sik": {"dybde": 1.0, "strom": 0.9, "vegetasjon": 1.0, "struktur": 0.818, "skygge": 1.0}, "lake": {"dybde": 1.0, "strom": 1.0, "vegetasjon": 1.0, "struktur": 0.912, "skygge": 1.0}, "mort": {"dybde": 0.963, "strom": 0.9, "vegetasjon": 0.0, "struktur": 0.446, "skygge": 1.0}, "brasme": {"dybde": 1.0, "strom": 0.8, "vegetasjon": 0.0, "struktur": 0.624, "skygge": 1.0}, "vederbuk": {"dybde": 1.0, "strom": 1.0, "vegetasjon": 0.0, "struktur": 0.564, "skygge": 1.0}, "gjors": {"dybde": 1.0, "strom": 1.0, "vegetasjon": 1.0, "struktur": 1.0, "skygge": 1.0}}, "beste_art": "gjors", "H_maks": 100.0, "id": 20}}, {"type": "Feature", "geometry": {"type": "Point", "coordinates": [11.59854, 60.20289]}, "properties": {"seg": 131, "side": "v", "H": {"gjedde": 47.697, "abbor": 61.15, "orret": 73.753, "harr": 70.403, "sik": 99.77, "lake": 99.604, "mort": 55.195, "brasme": 69.681, "vederbuk": 66.671, "gjors": 99.116}, "rank": {"sik": 8, "lake": 8, "gjors": 6}, "klasse": {"sik": "A", "lake": "A", "gjors": "A"}, "navn": "Dysterudmoen · km 13.1", "side_navn": "SØ-bredden", "elv": "Glomma", "km": 13.1, "komponenter": ["dropoff", "oy"], "adkomst": {"d_vei_m": 268, "vei_navn": "service", "d_sti_m": 1044, "d_parkering_m": 3451, "adkomst": "Kort gange: bilvei 268 m unna."}, "banktype": "åpen/bebygd", "dybde_est": 3.0, "veg": 0.0, "skygge": 0.29, "klasse_strom": "svak", "w": 228.0, "h": 4.3, "v": 0.33, "struct": {"os": 0.0, "sving": 0.25, "innsnevring": 0.03, "bukt": 0.0, "dropoff": 1.0, "bru": 0.0, "dam": 0.0, "sandbanke": 0.0}, "f": {"gjedde": {"dybde": 1.0, "strom": 0.8, "vegetasjon": 0.0, "struktur": 0.733, "skygge": 0.481}, "abbor": {"dybde": 1.0, "strom": 1.0, "vegetasjon": 0.0, "struktur": 1.0, "skygge": 0.721}, "orret": {"dybde": 1.0, "strom": 0.6, "vegetasjon": 1.0, "struktur": 0.667, "skygge": 0.577}, "harr": {"dybde": 0.812, "strom": 0.6, "vegetasjon": 1.0, "struktur": 0.485, "skygge": 0.962}, "sik": {"dybde": 1.0, "strom": 0.9, "vegetasjon": 1.0, "struktur": 0.817, "skygge": 1.0}, "lake": {"dybde": 1.0, "strom": 1.0, "vegetasjon": 1.0, "struktur": 0.911, "skygge": 0.962}, "mort": {"dybde": 1.0, "strom": 0.9, "vegetasjon": 0.0, "struktur": 0.449, "skygge": 0.721}, "brasme": {"dybde": 1.0, "strom": 0.8, "vegetasjon": 0.0, "struktur": 0.631, "skygge": 0.962}, "vederbuk": {"dybde": 1.0, "strom": 1.0, "vegetasjon": 0.0, "struktur": 0.568, "skygge": 0.721}, "gjors": {"dybde": 0.98, "strom": 1.0, "vegetasjon": 1.0, "struktur": 1.0, "skygge": 0.962}}, "beste_art": "sik", "H_maks": 100.0, "id": 21}}, {"type": "Feature", "geometry": {"type": "Point", "coordinates": [11.67031, 60.24196]}, "properties": {"seg": 62, "side": "h", "H": {"gjedde": 48.624, "abbor": 62.157, "orret": 76.396, "harr": 72.468, "sik": 99.606, "lake": 86.59, "mort": 55.46, "brasme": 69.351, "vederbuk": 66.595, "gjors": 68.224}, "rank": {"sik": 9}, "klasse": {"sik": "A"}, "navn": "Sandnesmoen · km 6.2", "side_navn": "V-bredden", "elv": "Glomma", "km": 6.2, "komponenter": ["dropoff"], "adkomst": {"d_vei_m": 128, "vei_navn": "Oslovegen", "d_sti_m": 386, "d_parkering_m": 619, "adkomst": "Lett: bilvei 128 m unna (Oslovegen). Parkering 619 m unna."}, "banktype": "eng/dyrket", "dybde_est": 2.0, "veg": 0.0, "skygge": 0.46, "klasse_strom": "svak", "w": 159.0, "h": 5.4, "v": 0.37, "struct": {"os": 0.0, "sving": 0.04, "innsnevring": 0.13, "bukt": 0.0, "dropoff": 1.0, "bru": 0.0, "dam": 0.0, "sandbanke": 0.0}, "f": {"gjedde": {"dybde": 1.0, "strom": 0.8, "vegetasjon": 0.0, "struktur": 0.716, "skygge": 0.773}, "abbor": {"dybde": 1.0, "strom": 1.0, "vegetasjon": 0.0, "struktur": 1.0, "skygge": 1.0}, "orret": {"dybde": 1.0, "strom": 0.6, "vegetasjon": 1.0, "struktur": 0.64, "skygge": 0.927}, "harr": {"dybde": 1.0, "strom": 0.6, "vegetasjon": 1.0, "struktur": 0.458, "skygge": 1.0}, "sik": {"dybde": 1.0, "strom": 0.9, "vegetasjon": 1.0, "struktur": 0.81, "skygge": 1.0}, "lake": {"dybde": 0.669, "strom": 1.0, "vegetasjon": 1.0, "struktur": 0.908, "skygge": 1.0}, "mort": {"dybde": 1.0, "strom": 0.9, "vegetasjon": 0.0, "struktur": 0.423, "skygge": 1.0}, "brasme": {"dybde": 1.0, "strom": 0.8, "vegetasjon": 0.0, "struktur": 0.61, "skygge": 1.0}, "vederbuk": {"dybde": 1.0, "strom": 1.0, "vegetasjon": 0.0, "struktur": 0.536, "skygge": 1.0}, "gjors": {"dybde": 0.335, "strom": 1.0, "vegetasjon": 1.0, "struktur": 1.0, "skygge": 1.0}}, "beste_art": "sik", "H_maks": 100.0, "id": 22}}, {"type": "Feature", "geometry": {"type": "Point", "coordinates": [11.67313, 60.23063]}, "properties": {"seg": 75, "side": "v", "H": {"gjedde": 51.011, "abbor": 58.831, "orret": 85.832, "harr": 83.026, "sik": 99.582, "lake": 87.08, "mort": 61.296, "brasme": 71.25, "vederbuk": 77.304, "gjors": 69.319}, "rank": {"sik": 10}, "klasse": {"sik": "A"}, "navn": "Lukmoen · km 7.5", "side_navn": "Ø-bredden", "elv": "Glomma", "km": 7.5, "komponenter": ["dropoff", "os:bekk"], "adkomst": {"d_vei_m": 92, "vei_navn": "service", "d_sti_m": 507, "d_parkering_m": 1530, "adkomst": "Lett: bilvei 92 m unna (service)."}, "banktype": "eng/dyrket", "dybde_est": 2.1, "veg": 0.0, "skygge": 0.47, "klasse_strom": "svak", "w": 267.0, "h": 3.1, "v": 0.38, "struct": {"os": 1.0, "sving": 0.1, "innsnevring": 0.0, "bukt": 0.22, "dropoff": 0.56, "bru": 0.0, "dam": 0.0, "sandbanke": 0.0}, "f": {"gjedde": {"dybde": 1.0, "strom": 0.8, "vegetasjon": 0.0, "struktur": 0.909, "skygge": 0.778}, "abbor": {"dybde": 1.0, "strom": 1.0, "vegetasjon": 0.0, "struktur": 0.855, "skygge": 1.0}, "orret": {"dybde": 1.0, "strom": 0.6, "vegetasjon": 1.0, "struktur": 0.942, "skygge": 0.934}, "harr": {"dybde": 1.0, "strom": 0.6, "vegetasjon": 1.0, "struktur": 0.788, "skygge": 1.0}, "sik": {"dybde": 1.0, "strom": 0.9, "vegetasjon": 1.0, "struktur": 0.809, "skygge": 1.0}, "lake": {"dybde": 0.737, "strom": 1.0, "vegetasjon": 1.0, "struktur": 0.826, "skygge": 1.0}, "mort": {"dybde": 1.0, "strom": 0.9, "vegetasjon": 0.0, "struktur": 0.698, "skygge": 1.0}, "brasme": {"dybde": 1.0, "strom": 0.8, "vegetasjon": 0.0, "struktur": 0.699, "skygge": 1.0}, "vederbuk": {"dybde": 1.0, "strom": 1.0, "vegetasjon": 0.0, "struktur": 0.881, "skygge": 1.0}, "gjors": {"dybde": 0.404, "strom": 1.0, "vegetasjon": 1.0, "struktur": 0.849, "skygge": 1.0}}, "beste_art": "sik", "H_maks": 100.0, "id": 23}}, {"type": "Feature", "geometry": {"type": "Point", "coordinates": [11.60532, 60.20363]}, "properties": {"seg": 127, "side": "v", "H": {"gjedde": 49.107, "abbor": 62.157, "orret": 76.115, "harr": 70.91, "sik": 99.532, "lake": 91.171, "mort": 55.673, "brasme": 69.631, "vederbuk": 66.167, "gjors": 75.31}, "rank": {"sik": 11}, "klasse": {"sik": "A"}, "navn": "Gjersøyen · km 12.7", "side_navn": "S-bredden", "elv": "Glomma", "km": 12.7, "komponenter": ["dropoff", "skygge"], "adkomst": {"d_vei_m": 97, "vei_navn": "unclassified", "d_sti_m": 922, "d_parkering_m": 3219, "adkomst": "Lett: bilvei 97 m unna (unclassified)."}, "banktype": "eng/dyrket", "dybde_est": 2.2, "veg": 0.0, "skygge": 0.56, "klasse_strom": "svak", "w": 332.0, "h": 3.4, "v": 0.28, "struct": {"os": 0.0, "sving": 0.05, "innsnevring": 0.0, "bukt": 0.04, "dropoff": 1.0, "bru": 0.0, "dam": 0.0, "sandbanke": 0.0}, "f": {"gjedde": {"dybde": 1.0, "strom": 0.8, "vegetasjon": 0.0, "struktur": 0.719, "skygge": 0.931}, "abbor": {"dybde": 1.0, "strom": 1.0, "vegetasjon": 0.0, "struktur": 1.0, "skygge": 1.0}, "orret": {"dybde": 1.0, "strom": 0.6, "vegetasjon": 1.0, "struktur": 0.617, "skygge": 1.0}, "harr": {"dybde": 1.0, "strom": 0.6, "vegetasjon": 1.0, "struktur": 0.419, "skygge": 1.0}, "sik": {"dybde": 1.0, "strom": 0.9, "vegetasjon": 1.0, "struktur": 0.807, "skygge": 1.0}, "lake": {"dybde": 0.778, "strom": 1.0, "vegetasjon": 1.0, "struktur": 0.904, "skygge": 1.0}, "mort": {"dybde": 1.0, "strom": 0.9, "vegetasjon": 0.0, "struktur": 0.432, "skygge": 1.0}, "brasme": {"dybde": 1.0, "strom": 0.8, "vegetasjon": 0.0, "struktur": 0.623, "skygge": 1.0}, "vederbuk": {"dybde": 1.0, "strom": 1.0, "vegetasjon": 0.0, "struktur": 0.525, "skygge": 1.0}, "gjors": {"dybde": 0.445, "strom": 1.0, "vegetasjon": 1.0, "struktur": 1.0, "skygge": 1.0}}, "beste_art": "sik", "H_maks": 100.0, "id": 24}}, {"type": "Feature", "geometry": {"type": "Point", "coordinates": [11.62702, 60.20728]}, "properties": {"seg": 114, "side": "v", "H": {"gjedde": 68.451, "abbor": 87.474, "orret": 79.69, "harr": 67.068, "sik": 98.916, "lake": 97.312, "mort": 86.935, "brasme": 92.393, "vederbuk": 100.0, "gjors": 95.218}, "rank": {"brasme": 11, "vederbuk": 2}, "klasse": {"brasme": "A", "vederbuk": "A"}, "navn": "Glomma km 11.4", "side_navn": "S-bredden", "elv": "Glomma", "km": 11.4, "komponenter": ["dropoff", "os:bekk", "skygge"], "adkomst": {"d_vei_m": 22, "vei_navn": "Arnold Rørholts veg", "d_sti_m": 452, "d_parkering_m": 2578, "adkomst": "Lett: bilvei 22 m unna (Arnold Rørholts veg)."}, "banktype": "eng/dyrket", "dybde_est": 4.1, "veg": 0.08, "skygge": 0.57, "klasse_strom": "svak", "w": 267.0, "h": 3.9, "v": 0.31, "struct": {"os": 1.0, "sving": 0.02, "innsnevring": 0.14, "bukt": 0.0, "dropoff": 0.78, "bru": 0.0, "dam": 0.0, "sandbanke": 0.0}, "f": {"gjedde": {"dybde": 0.837, "strom": 0.8, "vegetasjon": 0.074, "struktur": 0.914, "skygge": 0.952}, "abbor": {"dybde": 1.0, "strom": 1.0, "vegetasjon": 0.238, "struktur": 0.918, "skygge": 1.0}, "orret": {"dybde": 0.643, "strom": 0.6, "vegetasjon": 0.833, "struktur": 0.952, "skygge": 1.0}, "harr": {"dybde": 0.372, "strom": 0.6, "vegetasjon": 0.792, "struktur": 0.813, "skygge": 1.0}, "sik": {"dybde": 1.0, "strom": 0.9, "vegetasjon": 0.833, "struktur": 0.857, "skygge": 1.0}, "lake": {"dybde": 1.0, "strom": 1.0, "vegetasjon": 0.833, "struktur": 0.89, "skygge": 1.0}, "mort": {"dybde": 0.643, "strom": 0.9, "vegetasjon": 0.208, "struktur": 0.668, "skygge": 1.0}, "brasme": {"dybde": 1.0, "strom": 0.8, "vegetasjon": 0.278, "struktur": 0.687, "skygge": 1.0}, "vederbuk": {"dybde": 0.983, "strom": 1.0, "vegetasjon": 0.278, "struktur": 0.886, "skygge": 1.0}, "gjors": {"dybde": 1.0, "strom": 1.0, "vegetasjon": 0.792, "struktur": 0.918, "skygge": 1.0}}, "beste_art": "vederbuk", "H_maks": 100.0, "id": 25}}, {"type": "Feature", "geometry": {"type": "Point", "coordinates": [11.57462, 60.19044]}, "properties": {"seg": 152, "side": "v", "H": {"gjedde": 44.383, "abbor": 62.157, "orret": 68.895, "harr": 46.514, "sik": 99.943, "lake": 99.938, "mort": 45.289, "brasme": 70.025, "vederbuk": 65.756, "gjors": 100.0}, "rank": {"gjors": 5}, "klasse": {"gjors": "A"}, "navn": "Glommenstrand · km 15.2", "side_navn": "SØ-bredden", "elv": "Glomma", "km": 15.2, "komponenter": ["dropoff", "skygge"], "adkomst": {"d_vei_m": 75, "vei_navn": "track", "d_sti_m": 744, "d_parkering_m": 1992, "adkomst": "Lett: bilvei 75 m unna (track)."}, "banktype": "skog/kratt", "dybde_est": 4.8, "veg": 0.0, "skygge": 0.78, "klasse_strom": "svak", "w": 177.0, "h": 5.0, "v": 0.36, "struct": {"os": 0.04, "sving": 0.28, "innsnevring": 0.06, "bukt": 0.0, "dropoff": 1.0, "bru": 0.0, "dam": 0.0, "sandbanke": 0.0}, "f": {"gjedde": {"dybde": 0.639, "strom": 0.8, "vegetasjon": 0.0, "struktur": 0.746, "skygge": 1.0}, "abbor": {"dybde": 1.0, "strom": 1.0, "vegetasjon": 0.0, "struktur": 1.0, "skygge": 1.0}, "orret": {"dybde": 0.412, "strom": 0.6, "vegetasjon": 1.0, "struktur": 0.689, "skygge": 1.0}, "harr": {"dybde": 0.094, "strom": 0.6, "vegetasjon": 1.0, "struktur": 0.515, "skygge": 1.0}, "sik": {"dybde": 1.0, "strom": 0.9, "vegetasjon": 1.0, "struktur": 0.824, "skygge": 1.0}, "lake": {"dybde": 1.0, "strom": 1.0, "vegetasjon": 1.0, "struktur": 0.916, "skygge": 1.0}, "mort": {"dybde": 0.412, "strom": 0.9, "vegetasjon": 0.0, "struktur": 0.466, "skygge": 1.0}, "brasme": {"dybde": 1.0, "strom": 0.8, "vegetasjon": 0.0, "struktur": 0.641, "skygge": 1.0}, "vederbuk": {"dybde": 0.809, "strom": 1.0, "vegetasjon": 0.0, "struktur": 0.592, "skygge": 1.0}, "gjors": {"dybde": 1.0, "strom": 1.0, "vegetasjon": 1.0, "struktur": 1.0, "skygge": 1.0}}, "beste_art": "gjors", "H_maks": 100.0, "id": 26}}, {"type": "Feature", "geometry": {"type": "Point", "coordinates": [11.61022, 60.20478]}, "properties": {"seg": 124, "side": "v", "H": {"gjedde": 90.717, "abbor": 95.657, "orret": 70.343, "harr": 63.723, "sik": 93.103, "lake": 91.964, "mort": 98.968, "brasme": 94.325, "vederbuk": 88.521, "gjors": 85.558}, "rank": {"gjedde": 7, "abbor": 5, "mort": 6, "brasme": 6}, "klasse": {"gjedde": "A", "abbor": "A", "mort": "A", "brasme": "A"}, "navn": "Gjersøyen · km 12.4", "side_navn": "S-bredden", "elv": "Glomma", "km": 12.4, "komponenter": ["dropoff", "veg", "skygge"], "adkomst": {"d_vei_m": 113, "vei_navn": "unclassified", "d_sti_m": 876, "d_parkering_m": 3006, "adkomst": "Lett: bilvei 113 m unna (unclassified)."}, "banktype": "eng/dyrket", "dybde_est": 2.8, "veg": 0.17, "skygge": 0.57, "klasse_strom": "svak", "w": 324.0, "h": 3.4, "v": 0.29, "struct": {"os": 0.0, "sving": 0.05, "innsnevring": 0.0, "bukt": 0.01, "dropoff": 0.88, "bru": 0.0, "dam": 0.0, "sandbanke": 0.0}, "f": {"gjedde": {"dybde": 1.0, "strom": 0.8, "vegetasjon": 0.259, "struktur": 0.626, "skygge": 0.943}, "abbor": {"dybde": 1.0, "strom": 1.0, "vegetasjon": 0.476, "struktur": 0.881, "skygge": 1.0}, "orret": {"dybde": 1.0, "strom": 0.6, "vegetasjon": 0.667, "struktur": 0.543, "skygge": 1.0}, "harr": {"dybde": 0.9, "strom": 0.6, "vegetasjon": 0.583, "struktur": 0.369, "skygge": 1.0}, "sik": {"dybde": 1.0, "strom": 0.9, "vegetasjon": 0.667, "struktur": 0.708, "skygge": 1.0}, "lake": {"dybde": 1.0, "strom": 1.0, "vegetasjon": 0.667, "struktur": 0.795, "skygge": 1.0}, "mort": {"dybde": 1.0, "strom": 0.9, "vegetasjon": 0.417, "struktur": 0.368, "skygge": 1.0}, "brasme": {"dybde": 1.0, "strom": 0.8, "vegetasjon": 0.556, "struktur": 0.539, "skygge": 1.0}, "vederbuk": {"dybde": 1.0, "strom": 1.0, "vegetasjon": 0.556, "struktur": 0.457, "skygge": 1.0}, "gjors": {"dybde": 0.833, "strom": 1.0, "vegetasjon": 0.583, "struktur": 0.88, "skygge": 1.0}}, "beste_art": "mort", "H_maks": 99.0, "id": 27}}, {"type": "Feature", "geometry": {"type": "Point", "coordinates": [11.74057, 60.24464]}, "properties": {"seg": 5, "side": "h", "H": {"gjedde": 79.023, "abbor": 79.27, "orret": 98.763, "harr": 95.507, "sik": 67.42, "lake": 63.504, "mort": 79.11, "brasme": 54.898, "vederbuk": 94.173, "gjors": 38.099}, "rank": {"orret": 4}, "klasse": {"orret": "A"}, "navn": "Øvre Krybelsrud · km 0.5", "side_navn": "N-bredden", "elv": "Glomma", "km": 0.5, "komponenter": ["os:Sloa", "veg", "strom:moderat", "skygge"], "adkomst": {"d_vei_m": 187, "vei_navn": "Kongsvingervegen", "d_sti_m": 202, "d_parkering_m": 333, "adkomst": "Kort gange: bilvei 187 m unna. Parkering 333 m unna."}, "banktype": "skog/kratt", "dybde_est": 1.7, "veg": 0.17, "skygge": 0.78, "klasse_strom": "moderat", "w": 265.0, "h": 2.2, "v": 0.55, "struct": {"os": 1.0, "sving": 0.07, "innsnevring": 0.0, "bukt": 0.12, "dropoff": 0.34, "bru": 0.0, "dam": 0.0, "sandbanke": 0.0}, "f": {"gjedde": {"dybde": 1.0, "strom": 0.35, "vegetasjon": 0.259, "struktur": 0.87, "skygge": 1.0}, "abbor": {"dybde": 1.0, "strom": 0.5, "vegetasjon": 0.476, "struktur": 0.765, "skygge": 1.0}, "orret": {"dybde": 1.0, "strom": 1.0, "vegetasjon": 0.667, "struktur": 0.927, "skygge": 1.0}, "harr": {"dybde": 1.0, "strom": 1.0, "vegetasjon": 0.583, "struktur": 0.756, "skygge": 1.0}, "sik": {"dybde": 0.781, "strom": 0.4, "vegetasjon": 0.667, "struktur": 0.733, "skygge": 1.0}, "lake": {"dybde": 0.491, "strom": 0.6, "vegetasjon": 0.667, "struktur": 0.745, "skygge": 1.0}, "mort": {"dybde": 1.0, "strom": 0.3, "vegetasjon": 0.417, "struktur": 0.624, "skygge": 1.0}, "brasme": {"dybde": 0.781, "strom": 0.2, "vegetasjon": 0.556, "struktur": 0.59, "skygge": 1.0}, "vederbuk": {"dybde": 1.0, "strom": 0.7, "vegetasjon": 0.556, "struktur": 0.852, "skygge": 1.0}, "gjors": {"dybde": 0.158, "strom": 0.4, "vegetasjon": 0.583, "struktur": 0.76, "skygge": 1.0}}, "beste_art": "orret", "H_maks": 99.0, "id": 28}}, {"type": "Feature", "geometry": {"type": "Point", "coordinates": [11.73496, 60.24249]}, "properties": {"seg": 8, "side": "v", "H": {"gjedde": 78.374, "abbor": 76.693, "orret": 98.575, "harr": 95.394, "sik": 70.159, "lake": 66.705, "mort": 77.258, "brasme": 55.174, "vederbuk": 93.512, "gjors": 44.547}, "rank": {"orret": 5, "vederbuk": 9}, "klasse": {"orret": "A", "vederbuk": "A"}, "navn": "Krybelsrud · km 0.8", "side_navn": "S-bredden", "elv": "Glomma", "km": 0.8, "komponenter": ["os:Mangåa", "veg", "strom:moderat", "skygge"], "adkomst": {"d_vei_m": 172, "vei_navn": "track", "d_sti_m": 541, "d_parkering_m": 697, "adkomst": "Kort gange: bilvei 172 m unna. Parkering 697 m unna."}, "banktype": "skog/kratt", "dybde_est": 1.9, "veg": 0.17, "skygge": 0.71, "klasse_strom": "moderat", "w": 219.0, "h": 2.7, "v": 0.54, "struct": {"os": 1.0, "sving": 0.02, "innsnevring": 0.17, "bukt": 0.0, "dropoff": 0.17, "bru": 0.0, "dam": 0.0, "sandbanke": 0.0}, "f": {"gjedde": {"dybde": 1.0, "strom": 0.35, "vegetasjon": 0.259, "struktur": 0.835, "skygge": 1.0}, "abbor": {"dybde": 1.0, "strom": 0.5, "vegetasjon": 0.476, "struktur": 0.696, "skygge": 1.0}, "orret": {"dybde": 1.0, "strom": 1.0, "vegetasjon": 0.667, "struktur": 0.921, "skygge": 1.0}, "harr": {"dybde": 1.0, "strom": 1.0, "vegetasjon": 0.583, "struktur": 0.753, "skygge": 1.0}, "sik": {"dybde": 0.917, "strom": 0.4, "vegetasjon": 0.667, "struktur": 0.676, "skygge": 1.0}, "lake": {"dybde": 0.6, "strom": 0.6, "vegetasjon": 0.667, "struktur": 0.695, "skygge": 1.0}, "mort": {"dybde": 1.0, "strom": 0.3, "vegetasjon": 0.417, "struktur": 0.554, "skygge": 1.0}, "brasme": {"dybde": 0.917, "strom": 0.2, "vegetasjon": 0.556, "struktur": 0.476, "skygge": 1.0}, "vederbuk": {"dybde": 1.0, "strom": 0.7, "vegetasjon": 0.556, "struktur": 0.832, "skygge": 1.0}, "gjors": {"dybde": 0.267, "strom": 0.4, "vegetasjon": 0.583, "struktur": 0.696, "skygge": 1.0}}, "beste_art": "orret", "H_maks": 99.0, "id": 29}}, {"type": "Feature", "geometry": {"type": "Point", "coordinates": [11.73693, 60.24438]}, "properties": {"seg": 7, "side": "h", "H": {"gjedde": 41.286, "abbor": 54.11, "orret": 98.721, "harr": 96.792, "sik": 79.204, "lake": 90.856, "mort": 42.347, "brasme": 43.738, "vederbuk": 64.416, "gjors": 73.894}, "rank": {"harr": 4}, "klasse": {"harr": "A"}, "navn": "Øvre Krybelsrud · km 0.7", "side_navn": "N-bredden", "elv": "Glomma", "km": 0.7, "komponenter": ["dropoff", "os:Mangåa", "strom:moderat", "skygge"], "adkomst": {"d_vei_m": 105, "vei_navn": "Snekkermovegen", "d_sti_m": 307, "d_parkering_m": 466, "adkomst": "Lett: bilvei 105 m unna (Snekkermovegen). Parkering 466 m unna."}, "banktype": "skog/kratt", "dybde_est": 2.6, "veg": 0.0, "skygge": 0.61, "klasse_strom": "moderat", "w": 220.0, "h": 2.6, "v": 0.57, "struct": {"os": 0.51, "sving": 0.02, "innsnevring": 0.17, "bukt": 0.0, "dropoff": 1.0, "bru": 0.0, "dam": 0.0, "sandbanke": 0.0}, "f": {"gjedde": {"dybde": 1.0, "strom": 0.35, "vegetasjon": 0.0, "struktur": 0.833, "skygge": 1.0}, "abbor": {"dybde": 1.0, "strom": 0.5, "vegetasjon": 0.0, "struktur": 1.0, "skygge": 1.0}, "orret": {"dybde": 1.0, "strom": 1.0, "vegetasjon": 1.0, "struktur": 0.808, "skygge": 1.0}, "harr": {"dybde": 0.973, "strom": 1.0, "vegetasjon": 1.0, "struktur": 0.657, "skygge": 1.0}, "sik": {"dybde": 1.0, "strom": 0.4, "vegetasjon": 1.0, "struktur": 0.869, "skygge": 1.0}, "lake": {"dybde": 1.0, "strom": 0.6, "vegetasjon": 1.0, "struktur": 0.937, "skygge": 1.0}, "mort": {"dybde": 1.0, "strom": 0.3, "vegetasjon": 0.0, "struktur": 0.571, "skygge": 1.0}, "brasme": {"dybde": 1.0, "strom": 0.2, "vegetasjon": 0.0, "struktur": 0.689, "skygge": 1.0}, "vederbuk": {"dybde": 1.0, "strom": 0.7, "vegetasjon": 0.0, "struktur": 0.727, "skygge": 1.0}, "gjors": {"dybde": 0.711, "strom": 0.4, "vegetasjon": 1.0, "struktur": 1.0, "skygge": 1.0}}, "beste_art": "orret", "H_maks": 99.0, "id": 30}}, {"type": "Feature", "geometry": {"type": "Point", "coordinates": [11.67053, 60.24758]}, "properties": {"seg": 56, "side": "h", "H": {"gjedde": 69.192, "abbor": 90.125, "orret": 76.676, "harr": 71.787, "sik": 98.267, "lake": 88.594, "mort": 93.223, "brasme": 92.278, "vederbuk": 90.408, "gjors": 71.369}, "rank": {"abbor": 9, "sik": 12, "mort": 11, "vederbuk": 11}, "klasse": {"abbor": "A", "sik": "A", "mort": "A", "vederbuk": "A"}, "navn": "Snekkermoen · km 5.6", "side_navn": "V-bredden", "elv": "Glomma", "km": 5.6, "komponenter": ["dropoff", "skygge"], "adkomst": {"d_vei_m": 15, "vei_navn": "service", "d_sti_m": 214, "d_parkering_m": 368, "adkomst": "Lett: bilvei 15 m unna (service). Parkering 368 m unna."}, "banktype": "skog/kratt", "dybde_est": 2.1, "veg": 0.08, "skygge": 0.79, "klasse_strom": "svak", "w": 190.0, "h": 4.8, "v": 0.35, "struct": {"os": 0.0, "sving": 0.02, "innsnevring": 0.0, "bukt": 0.13, "dropoff": 1.0, "bru": 0.27, "dam": 0.0, "sandbanke": 0.0}, "f": {"gjedde": {"dybde": 1.0, "strom": 0.8, "vegetasjon": 0.074, "struktur": 0.763, "skygge": 1.0}, "abbor": {"dybde": 1.0, "strom": 1.0, "vegetasjon": 0.238, "struktur": 1.0, "skygge": 1.0}, "orret": {"dybde": 1.0, "strom": 0.6, "vegetasjon": 0.833, "struktur": 0.671, "skygge": 1.0}, "harr": {"dybde": 1.0, "strom": 0.6, "vegetasjon": 0.792, "struktur": 0.484, "skygge": 1.0}, "sik": {"dybde": 1.0, "strom": 0.9, "vegetasjon": 0.833, "struktur": 0.829, "skygge": 1.0}, "lake": {"dybde": 0.741, "strom": 1.0, "vegetasjon": 0.833, "struktur": 0.924, "skygge": 1.0}, "mort": {"dybde": 1.0, "strom": 0.9, "vegetasjon": 0.208, "struktur": 0.546, "skygge": 1.0}, "brasme": {"dybde": 1.0, "strom": 0.8, "vegetasjon": 0.278, "struktur": 0.683, "skygge": 1.0}, "vederbuk": {"dybde": 1.0, "strom": 1.0, "vegetasjon": 0.278, "struktur": 0.618, "skygge": 1.0}, "gjors": {"dybde": 0.408, "strom": 1.0, "vegetasjon": 0.792, "struktur": 1.0, "skygge": 1.0}}, "beste_art": "sik", "H_maks": 98.0, "id": 31}}, {"type": "Feature", "geometry": {"type": "Point", "coordinates": [11.59086, 60.19786]}, "properties": {"seg": 138, "side": "v", "H": {"gjedde": 69.071, "abbor": 90.125, "orret": 75.266, "harr": 65.978, "sik": 98.171, "lake": 98.108, "mort": 87.794, "brasme": 91.713, "vederbuk": 89.441, "gjors": 97.691}, "rank": {"abbor": 10, "lake": 9, "vederbuk": 12, "gjors": 9}, "klasse": {"abbor": "A", "lake": "A", "vederbuk": "A", "gjors": "A"}, "navn": "Dysterud · km 13.8", "side_navn": "SØ-bredden", "elv": "Glomma", "km": 13.8, "komponenter": ["dropoff", "skygge"], "adkomst": {"d_vei_m": 24, "vei_navn": "track", "d_sti_m": 533, "d_parkering_m": 3100, "adkomst": "Lett: bilvei 24 m unna (track)."}, "banktype": "skog/kratt", "dybde_est": 3.4, "veg": 0.08, "skygge": 0.7, "klasse_strom": "svak", "w": 234.0, "h": 3.5, "v": 0.4, "struct": {"os": 0.01, "sving": 0.3, "innsnevring": 0.0, "bukt": 0.07, "dropoff": 1.0, "bru": 0.0, "dam": 0.0, "sandbanke": 0.0}, "f": {"gjedde": {"dybde": 1.0, "strom": 0.8, "vegetasjon": 0.074, "struktur": 0.756, "skygge": 1.0}, "abbor": {"dybde": 1.0, "strom": 1.0, "vegetasjon": 0.238, "struktur": 1.0, "skygge": 1.0}, "orret": {"dybde": 0.856, "strom": 0.6, "vegetasjon": 0.833, "struktur": 0.682, "skygge": 1.0}, "harr": {"dybde": 0.628, "strom": 0.6, "vegetasjon": 0.792, "struktur": 0.501, "skygge": 1.0}, "sik": {"dybde": 1.0, "strom": 0.9, "vegetasjon": 0.833, "struktur": 0.825, "skygge": 1.0}, "lake": {"dybde": 1.0, "strom": 1.0, "vegetasjon": 0.833, "struktur": 0.915, "skygge": 1.0}, "mort": {"dybde": 0.856, "strom": 0.9, "vegetasjon": 0.208, "struktur": 0.491, "skygge": 1.0}, "brasme": {"dybde": 1.0, "strom": 0.8, "vegetasjon": 0.278, "struktur": 0.662, "skygge": 1.0}, "vederbuk": {"dybde": 1.0, "strom": 1.0, "vegetasjon": 0.278, "struktur": 0.596, "skygge": 1.0}, "gjors": {"dybde": 1.0, "strom": 1.0, "vegetasjon": 0.792, "struktur": 1.0, "skygge": 1.0}}, "beste_art": "sik", "H_maks": 98.0, "id": 32}}, {"type": "Feature", "geometry": {"type": "Point", "coordinates": [11.66908, 60.2204]}, "properties": {"seg": 86, "side": "v", "H": {"gjedde": 70.262, "abbor": 87.517, "orret": 81.386, "harr": 75.886, "sik": 97.868, "lake": 96.696, "mort": 96.26, "brasme": 92.79, "vederbuk": 96.565, "gjors": 92.434}, "rank": {"lake": 10, "mort": 7, "brasme": 10, "vederbuk": 6}, "klasse": {"lake": "A", "mort": "A", "brasme": "A", "vederbuk": "A"}, "navn": "Lillesetbrua · km 8.6", "side_navn": "SØ-bredden", "elv": "Glomma", "km": 8.6, "komponenter": ["dropoff", "os:Sjøåa", "sving", "skygge"], "adkomst": {"d_vei_m": 20, "vei_navn": "Norddisivegen", "d_sti_m": 594, "d_parkering_m": 2580, "adkomst": "Lett: bilvei 20 m unna (Norddisivegen)."}, "banktype": "skog/kratt", "dybde_est": 2.9, "veg": 0.08, "skygge": 0.71, "klasse_strom": "svak", "w": 243.0, "h": 4.1, "v": 0.32, "struct": {"os": 0.51, "sving": 0.43, "innsnevring": 0.0, "bukt": 0.11, "dropoff": 0.82, "bru": 0.16, "dam": 0.0, "sandbanke": 0.0}, "f": {"gjedde": {"dybde": 1.0, "strom": 0.8, "vegetasjon": 0.074, "struktur": 0.824, "skygge": 1.0}, "abbor": {"dybde": 1.0, "strom": 1.0, "vegetasjon": 0.238, "struktur": 0.92, "skygge": 1.0}, "orret": {"dybde": 1.0, "strom": 0.6, "vegetasjon": 0.833, "struktur": 0.819, "skygge": 1.0}, "harr": {"dybde": 0.847, "strom": 0.6, "vegetasjon": 0.792, "struktur": 0.69, "skygge": 1.0}, "sik": {"dybde": 1.0, "strom": 0.9, "vegetasjon": 0.833, "struktur": 0.813, "skygge": 1.0}, "lake": {"dybde": 1.0, "strom": 1.0, "vegetasjon": 0.833, "struktur": 0.872, "skygge": 1.0}, "mort": {"dybde": 1.0, "strom": 0.9, "vegetasjon": 0.208, "struktur": 0.64, "skygge": 1.0}, "brasme": {"dybde": 1.0, "strom": 0.8, "vegetasjon": 0.278, "struktur": 0.702, "skygge": 1.0}, "vederbuk": {"dybde": 1.0, "strom": 1.0, "vegetasjon": 0.278, "struktur": 0.77, "skygge": 1.0}, "gjors": {"dybde": 0.922, "strom": 1.0, "vegetasjon": 0.792, "struktur": 0.914, "skygge": 1.0}}, "beste_art": "sik", "H_maks": 98.0, "id": 33}}, {"type": "Feature", "geometry": {"type": "Point", "coordinates": [11.67372, 60.24712]}, "properties": {"seg": 56, "side": "v", "H": {"gjedde": 48.486, "abbor": 59.622, "orret": 74.66, "harr": 67.198, "sik": 97.256, "lake": 96.531, "mort": 56.182, "brasme": 68.904, "vederbuk": 67.0, "gjors": 96.453}, "rank": {"lake": 11, "gjors": 10}, "klasse": {"lake": "A", "gjors": "A"}, "navn": "Snekkermoen · km 5.6", "side_navn": "Ø-bredden", "elv": "Glomma", "km": 5.6, "komponenter": ["dropoff", "skygge"], "adkomst": {"d_vei_m": 22, "vei_navn": "track", "d_sti_m": 52, "d_parkering_m": 268, "adkomst": "Lett: bilvei 22 m unna (track). Parkering 268 m unna. Sti langs vannet."}, "banktype": "skog/kratt", "dybde_est": 3.1, "veg": 0.0, "skygge": 0.75, "klasse_strom": "svak", "w": 190.0, "h": 4.8, "v": 0.35, "struct": {"os": 0.0, "sving": 0.02, "innsnevring": 0.0, "bukt": 0.09, "dropoff": 0.85, "bru": 0.27, "dam": 0.0, "sandbanke": 0.0}, "f": {"gjedde": {"dybde": 1.0, "strom": 0.8, "vegetasjon": 0.0, "struktur": 0.662, "skygge": 1.0}, "abbor": {"dybde": 1.0, "strom": 1.0, "vegetasjon": 0.0, "struktur": 0.888, "skygge": 1.0}, "orret": {"dybde": 0.958, "strom": 0.6, "vegetasjon": 1.0, "struktur": 0.591, "skygge": 1.0}, "harr": {"dybde": 0.749, "strom": 0.6, "vegetasjon": 1.0, "struktur": 0.426, "skygge": 1.0}, "sik": {"dybde": 1.0, "strom": 0.9, "vegetasjon": 1.0, "struktur": 0.719, "skygge": 1.0}, "lake": {"dybde": 1.0, "strom": 1.0, "vegetasjon": 1.0, "struktur": 0.816, "skygge": 1.0}, "mort": {"dybde": 0.958, "strom": 0.9, "vegetasjon": 0.0, "struktur": 0.477, "skygge": 1.0}, "brasme": {"dybde": 1.0, "strom": 0.8, "vegetasjon": 0.0, "struktur": 0.591, "skygge": 1.0}, "vederbuk": {"dybde": 1.0, "strom": 1.0, "vegetasjon": 0.0, "struktur": 0.547, "skygge": 1.0}, "gjors": {"dybde": 1.0, "strom": 1.0, "vegetasjon": 1.0, "struktur": 0.887, "skygge": 1.0}}, "beste_art": "sik", "H_maks": 97.0, "id": 34}}, {"type": "Feature", "geometry": {"type": "Point", "coordinates": [11.74039, 60.24232]}, "properties": {"seg": 5, "side": "v", "H": {"gjedde": 89.414, "abbor": 80.11, "orret": 95.485, "harr": 90.421, "sik": 68.6, "lake": 64.84, "mort": 83.206, "brasme": 57.724, "vederbuk": 96.928, "gjors": 43.638}, "rank": {"vederbuk": 5}, "klasse": {"vederbuk": "A"}, "navn": "Øvre Krybelsrud · km 0.5", "side_navn": "S-bredden", "elv": "Glomma", "km": 0.5, "komponenter": ["os:Sloa", "veg", "strom:moderat", "skygge"], "adkomst": {"d_vei_m": 116, "vei_navn": "track", "d_sti_m": 461, "d_parkering_m": 585, "adkomst": "Lett: bilvei 116 m unna (track). Parkering 585 m unna."}, "banktype": "skog/kratt", "dybde_est": 1.9, "veg": 0.25, "skygge": 0.89, "klasse_strom": "moderat", "w": 265.0, "h": 2.2, "v": 0.55, "struct": {"os": 1.0, "sving": 0.07, "innsnevring": 0.0, "bukt": 0.0, "dropoff": 0.13, "bru": 0.0, "dam": 0.0, "sandbanke": 0.0}, "f": {"gjedde": {"dybde": 1.0, "strom": 0.35, "vegetasjon": 0.444, "struktur": 0.823, "skygge": 1.0}, "abbor": {"dybde": 1.0, "strom": 0.5, "vegetasjon": 0.714, "struktur": 0.663, "skygge": 1.0}, "orret": {"dybde": 1.0, "strom": 1.0, "vegetasjon": 0.5, "struktur": 0.911, "skygge": 1.0}, "harr": {"dybde": 1.0, "strom": 1.0, "vegetasjon": 0.375, "struktur": 0.725, "skygge": 1.0}, "sik": {"dybde": 0.956, "strom": 0.4, "vegetasjon": 0.5, "struktur": 0.648, "skygge": 1.0}, "lake": {"dybde": 0.632, "strom": 0.6, "vegetasjon": 0.5, "struktur": 0.655, "skygge": 1.0}, "mort": {"dybde": 1.0, "strom": 0.3, "vegetasjon": 0.625, "struktur": 0.535, "skygge": 1.0}, "brasme": {"dybde": 0.956, "strom": 0.2, "vegetasjon": 0.833, "struktur": 0.457, "skygge": 1.0}, "vederbuk": {"dybde": 1.0, "strom": 0.7, "vegetasjon": 0.833, "struktur": 0.819, "skygge": 1.0}, "gjors": {"dybde": 0.298, "strom": 0.4, "vegetasjon": 0.375, "struktur": 0.66, "skygge": 1.0}}, "beste_art": "vederbuk", "H_maks": 97.0, "id": 35}}, {"type": "Feature", "geometry": {"type": "Point", "coordinates": [11.66673, 60.21985]}, "properties": {"seg": 87, "side": "v", "H": {"gjedde": 67.8, "abbor": 86.935, "orret": 74.887, "harr": 65.607, "sik": 96.614, "lake": 95.523, "mort": 86.106, "brasme": 90.169, "vederbuk": 90.727, "gjors": 94.628}, "rank": {"gjors": 12}, "klasse": {"gjors": "A"}, "navn": "Taugbøl · km 8.7", "side_navn": "S-bredden", "elv": "Glomma", "km": 8.7, "komponenter": ["dropoff", "skygge"], "adkomst": {"d_vei_m": 28, "vei_navn": "Norddisivegen", "d_sti_m": 733, "d_parkering_m": 2492, "adkomst": "Lett: bilvei 28 m unna (Norddisivegen)."}, "banktype": "skog/kratt", "dybde_est": 3.6, "veg": 0.08, "skygge": 0.74, "klasse_strom": "svak", "w": 230.0, "h": 4.3, "v": 0.33, "struct": {"os": 0.26, "sving": 0.26, "innsnevring": 0.0, "bukt": 0.0, "dropoff": 0.86, "bru": 0.07, "dam": 0.0, "sandbanke": 0.0}, "f": {"gjedde": {"dybde": 0.962, "strom": 0.8, "vegetasjon": 0.074, "struktur": 0.724, "skygge": 1.0}, "abbor": {"dybde": 1.0, "strom": 1.0, "vegetasjon": 0.238, "struktur": 0.902, "skygge": 1.0}, "orret": {"dybde": 0.789, "strom": 0.6, "vegetasjon": 0.833, "struktur": 0.699, "skygge": 1.0}, "harr": {"dybde": 0.546, "strom": 0.6, "vegetasjon": 0.792, "struktur": 0.547, "skygge": 1.0}, "sik": {"dybde": 1.0, "strom": 0.9, "vegetasjon": 0.833, "struktur": 0.762, "skygge": 1.0}, "lake": {"dybde": 1.0, "strom": 1.0, "vegetasjon": 0.833, "struktur": 0.837, "skygge": 1.0}, "mort": {"dybde": 0.789, "strom": 0.9, "vegetasjon": 0.208, "struktur": 0.494, "skygge": 1.0}, "brasme": {"dybde": 1.0, "strom": 0.8, "vegetasjon": 0.278, "struktur": 0.609, "skygge": 1.0}, "vederbuk": {"dybde": 1.0, "strom": 1.0, "vegetasjon": 0.278, "struktur": 0.625, "skygge": 1.0}, "gjors": {"dybde": 1.0, "strom": 1.0, "vegetasjon": 0.792, "struktur": 0.899, "skygge": 1.0}}, "beste_art": "sik", "H_maks": 97.0, "id": 36}}, {"type": "Feature", "geometry": {"type": "Point", "coordinates": [11.67301, 60.24314]}, "properties": {"seg": 61, "side": "v", "H": {"gjedde": 82.955, "abbor": 71.042, "orret": 55.359, "harr": 53.398, "sik": 78.74, "lake": 69.573, "mort": 96.089, "brasme": 87.62, "vederbuk": 76.568, "gjors": 62.716}, "rank": {"mort": 8}, "klasse": {"mort": "A"}, "navn": "Sandnesmoen · km 6.1", "side_navn": "Ø-bredden", "elv": "Glomma", "km": 6.1, "komponenter": ["veg", "skygge"], "adkomst": {"d_vei_m": 14, "vei_navn": "track", "d_sti_m": 247, "d_parkering_m": 440, "adkomst": "Lett: bilvei 14 m unna (track). Parkering 440 m unna."}, "banktype": "skog/kratt", "dybde_est": 2.6, "veg": 0.17, "skygge": 0.65, "klasse_strom": "svak", "w": 217.0, "h": 4.4, "v": 0.33, "struct": {"os": 0.0, "sving": 0.08, "innsnevring": 0.0, "bukt": 0.25, "dropoff": 0.23, "bru": 0.0, "dam": 0.0, "sandbanke": 0.0}, "f": {"gjedde": {"dybde": 1.0, "strom": 0.8, "vegetasjon": 0.259, "struktur": 0.395, "skygge": 1.0}, "abbor": {"dybde": 1.0, "strom": 1.0, "vegetasjon": 0.476, "struktur": 0.376, "skygge": 1.0}, "orret": {"dybde": 1.0, "strom": 0.6, "vegetasjon": 0.667, "struktur": 0.244, "skygge": 1.0}, "harr": {"dybde": 0.949, "strom": 0.6, "vegetasjon": 0.583, "struktur": 0.175, "skygge": 1.0}, "sik": {"dybde": 1.0, "strom": 0.9, "vegetasjon": 0.667, "struktur": 0.306, "skygge": 1.0}, "lake": {"dybde": 1.0, "strom": 1.0, "vegetasjon": 0.667, "struktur": 0.313, "skygge": 1.0}, "mort": {"dybde": 1.0, "strom": 0.9, "vegetasjon": 0.417, "struktur": 0.317, "skygge": 1.0}, "brasme": {"dybde": 1.0, "strom": 0.8, "vegetasjon": 0.556, "struktur": 0.373, "skygge": 1.0}, "vederbuk": {"dybde": 1.0, "strom": 1.0, "vegetasjon": 0.556, "struktur": 0.282, "skygge": 1.0}, "gjors": {"dybde": 0.752, "strom": 1.0, "vegetasjon": 0.583, "struktur": 0.353, "skygge": 1.0}}, "beste_art": "mort", "H_maks": 96.0, "id": 37}}, {"type": "Feature", "geometry": {"type": "Point", "coordinates": [11.74256, 60.2446]}, "properties": {"seg": 4, "side": "h", "H": {"gjedde": 78.117, "abbor": 78.574, "orret": 94.765, "harr": 91.85, "sik": 50.151, "lake": 40.183, "mort": 79.087, "brasme": 43.186, "vederbuk": 90.46, "gjors": 20.062}, "rank": {"harr": 5}, "klasse": {"harr": "A"}, "navn": "Øvre Krybelsrud · km 0.4", "side_navn": "N-bredden", "elv": "Glomma", "km": 0.4, "komponenter": ["dropoff", "os:Sloa", "veg", "strom:moderat", "skygge"], "adkomst": {"d_vei_m": 187, "vei_navn": "Kongsvingervegen", "d_sti_m": 231, "d_parkering_m": 318, "adkomst": "Kort gange: bilvei 187 m unna. Parkering 318 m unna."}, "banktype": "eng/dyrket", "dybde_est": 1.2, "veg": 0.17, "skygge": 0.51, "klasse_strom": "moderat", "w": 276.0, "h": 2.1, "v": 0.56, "struct": {"os": 0.51, "sving": 0.11, "innsnevring": 0.0, "bukt": 0.14, "dropoff": 1.0, "bru": 0.0, "dam": 0.0, "sandbanke": 0.0}, "f": {"gjedde": {"dybde": 1.0, "strom": 0.35, "vegetasjon": 0.259, "struktur": 0.855, "skygge": 0.854}, "abbor": {"dybde": 0.664, "strom": 0.5, "vegetasjon": 0.476, "struktur": 1.0, "skygge": 1.0}, "orret": {"dybde": 1.0, "strom": 1.0, "vegetasjon": 0.667, "struktur": 0.807, "skygge": 1.0}, "harr": {"dybde": 1.0, "strom": 1.0, "vegetasjon": 0.583, "struktur": 0.647, "skygge": 1.0}, "sik": {"dybde": 0.303, "strom": 0.4, "vegetasjon": 0.667, "struktur": 0.876, "skygge": 1.0}, "lake": {"dybde": 0.109, "strom": 0.6, "vegetasjon": 0.667, "struktur": 0.938, "skygge": 1.0}, "mort": {"dybde": 1.0, "strom": 0.3, "vegetasjon": 0.417, "struktur": 0.623, "skygge": 1.0}, "brasme": {"dybde": 0.303, "strom": 0.2, "vegetasjon": 0.556, "struktur": 0.735, "skygge": 1.0}, "vederbuk": {"dybde": 1.0, "strom": 0.7, "vegetasjon": 0.556, "struktur": 0.745, "skygge": 1.0}, "gjors": {"dybde": 0.0, "strom": 0.4, "vegetasjon": 0.583, "struktur": 1.0, "skygge": 1.0}}, "beste_art": "orret", "H_maks": 95.0, "id": 38}}, {"type": "Feature", "geometry": {"type": "Point", "coordinates": [11.6379, 60.20899]}, "properties": {"seg": 108, "side": "v", "H": {"gjedde": 40.247, "abbor": 53.54, "orret": 93.666, "harr": 91.307, "sik": 77.972, "lake": 84.875, "mort": 40.574, "brasme": 42.849, "vederbuk": 60.361, "gjors": 65.926}, "rank": {"orret": 6, "harr": 6}, "klasse": {"orret": "A", "harr": "A"}, "navn": "Disenå · km 10.8", "side_navn": "SØ-bredden", "elv": "Glomma", "km": 10.8, "komponenter": ["dropoff", "strom:moderat", "skygge"], "adkomst": {"d_vei_m": 60, "vei_navn": "Arnold Rørholts veg", "d_sti_m": 336, "d_parkering_m": 2461, "adkomst": "Lett: bilvei 60 m unna (Arnold Rørholts veg)."}, "banktype": "skog/kratt", "dybde_est": 2.3, "veg": 0.0, "skygge": 0.81, "klasse_strom": "moderat", "w": 285.0, "h": 2.6, "v": 0.43, "struct": {"os": 0.14, "sving": 0.15, "innsnevring": 0.08, "bukt": 0.0, "dropoff": 0.96, "bru": 0.0, "dam": 0.0, "sandbanke": 0.0}, "f": {"gjedde": {"dybde": 1.0, "strom": 0.35, "vegetasjon": 0.0, "struktur": 0.734, "skygge": 1.0}, "abbor": {"dybde": 1.0, "strom": 0.5, "vegetasjon": 0.0, "struktur": 0.97, "skygge": 1.0}, "orret": {"dybde": 1.0, "strom": 1.0, "vegetasjon": 1.0, "struktur": 0.679, "skygge": 1.0}, "harr": {"dybde": 1.0, "strom": 1.0, "vegetasjon": 1.0, "struktur": 0.509, "skygge": 1.0}, "sik": {"dybde": 1.0, "strom": 0.4, "vegetasjon": 1.0, "struktur": 0.804, "skygge": 1.0}, "lake": {"dybde": 0.86, "strom": 0.6, "vegetasjon": 1.0, "struktur": 0.89, "skygge": 1.0}, "mort": {"dybde": 1.0, "strom": 0.3, "vegetasjon": 0.0, "struktur": 0.461, "skygge": 1.0}, "brasme": {"dybde": 1.0, "strom": 0.2, "vegetasjon": 0.0, "struktur": 0.622, "skygge": 1.0}, "vederbuk": {"dybde": 1.0, "strom": 0.7, "vegetasjon": 0.0, "struktur": 0.586, "skygge": 1.0}, "gjors": {"dybde": 0.527, "strom": 0.4, "vegetasjon": 1.0, "struktur": 0.97, "skygge": 1.0}}, "beste_art": "orret", "H_maks": 94.0, "id": 39}}, {"type": "Feature", "geometry": {"type": "Point", "coordinates": [11.66874, 60.24483]}, "properties": {"seg": 59, "side": "h", "H": {"gjedde": 83.04, "abbor": 68.067, "orret": 53.605, "harr": 48.564, "sik": 75.779, "lake": 64.715, "mort": 93.689, "brasme": 89.984, "vederbuk": 80.269, "gjors": 64.773}, "rank": {"mort": 10}, "klasse": {"mort": "A"}, "navn": "Snekkermoen · km 5.9", "side_navn": "V-bredden", "elv": "Glomma", "km": 5.9, "komponenter": ["bukt", "veg", "skygge"], "adkomst": {"d_vei_m": 48, "vei_navn": "Oslovegen", "d_sti_m": 427, "d_parkering_m": 639, "adkomst": "Lett: bilvei 48 m unna (Oslovegen). Parkering 639 m unna."}, "banktype": "eng/dyrket", "dybde_est": 3.7, "veg": 0.17, "skygge": 0.54, "klasse_strom": "svak", "w": 234.0, "h": 4.2, "v": 0.32, "struct": {"os": 0.0, "sving": 0.24, "innsnevring": 0.0, "bukt": 0.38, "dropoff": 0.0, "bru": 0.02, "dam": 0.0, "sandbanke": 0.0}, "f": {"gjedde": {"dybde": 0.937, "strom": 0.8, "vegetasjon": 0.259, "struktur": 0.441, "skygge": 0.908}, "abbor": {"dybde": 1.0, "strom": 1.0, "vegetasjon": 0.476, "struktur": 0.333, "skygge": 1.0}, "orret": {"dybde": 0.76, "strom": 0.6, "vegetasjon": 0.667, "struktur": 0.252, "skygge": 1.0}, "harr": {"dybde": 0.512, "strom": 0.6, "vegetasjon": 0.583, "struktur": 0.196, "skygge": 1.0}, "sik": {"dybde": 1.0, "strom": 0.9, "vegetasjon": 0.667, "struktur": 0.253, "skygge": 1.0}, "lake": {"dybde": 1.0, "strom": 1.0, "vegetasjon": 0.667, "struktur": 0.246, "skygge": 1.0}, "mort": {"dybde": 0.76, "strom": 0.9, "vegetasjon": 0.417, "struktur": 0.394, "skygge": 1.0}, "brasme": {"dybde": 1.0, "strom": 0.8, "vegetasjon": 0.556, "struktur": 0.426, "skygge": 1.0}, "vederbuk": {"dybde": 1.0, "strom": 1.0, "vegetasjon": 0.556, "struktur": 0.33, "skygge": 1.0}, "gjors": {"dybde": 1.0, "strom": 1.0, "vegetasjon": 0.583, "struktur": 0.281, "skygge": 1.0}}, "beste_art": "mort", "H_maks": 94.0, "id": 40}}, {"type": "Feature", "geometry": {"type": "Point", "coordinates": [11.7386, 60.24237]}, "properties": {"seg": 6, "side": "v", "H": {"gjedde": 89.594, "abbor": 88.594, "orret": 91.937, "harr": 87.924, "sik": 55.895, "lake": 50.453, "mort": 84.185, "brasme": 49.986, "vederbuk": 93.352, "gjors": 19.194}, "rank": {"gjedde": 8}, "klasse": {"gjedde": "A"}, "navn": "Øvre Krybelsrud · km 0.6", "side_navn": "S-bredden", "elv": "Glomma", "km": 0.6, "komponenter": ["dropoff", "os:Sloa", "veg", "strom:moderat", "skygge"], "adkomst": {"d_vei_m": 70, "vei_navn": "track", "d_sti_m": 471, "d_parkering_m": 609, "adkomst": "Lett: bilvei 70 m unna (track). Parkering 609 m unna."}, "banktype": "skog/kratt", "dybde_est": 1.3, "veg": 0.25, "skygge": 0.88, "klasse_strom": "moderat", "w": 230.0, "h": 2.5, "v": 0.56, "struct": {"os": 0.51, "sving": 0.01, "innsnevring": 0.13, "bukt": 0.0, "dropoff": 1.0, "bru": 0.0, "dam": 0.0, "sandbanke": 0.0}, "f": {"gjedde": {"dybde": 1.0, "strom": 0.35, "vegetasjon": 0.444, "struktur": 0.831, "skygge": 1.0}, "abbor": {"dybde": 0.841, "strom": 0.5, "vegetasjon": 0.714, "struktur": 1.0, "skygge": 1.0}, "orret": {"dybde": 1.0, "strom": 1.0, "vegetasjon": 0.5, "struktur": 0.803, "skygge": 1.0}, "harr": {"dybde": 1.0, "strom": 1.0, "vegetasjon": 0.375, "struktur": 0.648, "skygge": 1.0}, "sik": {"dybde": 0.451, "strom": 0.4, "vegetasjon": 0.5, "struktur": 0.868, "skygge": 1.0}, "lake": {"dybde": 0.227, "strom": 0.6, "vegetasjon": 0.5, "struktur": 0.936, "skygge": 1.0}, "mort": {"dybde": 1.0, "strom": 0.3, "vegetasjon": 0.625, "struktur": 0.567, "skygge": 1.0}, "brasme": {"dybde": 0.451, "strom": 0.2, "vegetasjon": 0.833, "struktur": 0.688, "skygge": 1.0}, "vederbuk": {"dybde": 1.0, "strom": 0.7, "vegetasjon": 0.833, "struktur": 0.723, "skygge": 1.0}, "gjors": {"dybde": 0.0, "strom": 0.4, "vegetasjon": 0.375, "struktur": 1.0, "skygge": 1.0}}, "beste_art": "vederbuk", "H_maks": 93.0, "id": 41}}, {"type": "Feature", "geometry": {"type": "Point", "coordinates": [11.67206, 60.23857]}, "properties": {"seg": 66, "side": "h", "H": {"gjedde": 24.99, "abbor": 38.33, "orret": 93.378, "harr": 87.87, "sik": 33.347, "lake": 46.413, "mort": 24.377, "brasme": 15.82, "vederbuk": 40.458, "gjors": 13.969}, "rank": {"orret": 7, "harr": 12}, "klasse": {"orret": "A", "harr": "A"}, "navn": "Huken · km 6.6", "side_navn": "V-bredden", "elv": "Glomma", "km": 6.6, "komponenter": ["dropoff", "innsnevring", "strom:stryk", "skygge"], "adkomst": {"d_vei_m": 82, "vei_navn": "service", "d_sti_m": 287, "d_parkering_m": 760, "adkomst": "Lett: bilvei 82 m unna (service). Parkering 760 m unna."}, "banktype": "skog/kratt", "dybde_est": 1.4, "veg": 0.0, "skygge": 0.75, "klasse_strom": "stryk", "w": 104.0, "h": 3.2, "v": 0.97, "struct": {"os": 0.0, "sving": 0.17, "innsnevring": 0.43, "bukt": 0.0, "dropoff": 1.0, "bru": 0.2, "dam": 0.0, "sandbanke": 0.0}, "f": {"gjedde": {"dybde": 1.0, "strom": 0.05, "vegetasjon": 0.0, "struktur": 0.771, "skygge": 1.0}, "abbor": {"dybde": 0.912, "strom": 0.1, "vegetasjon": 0.0, "struktur": 1.0, "skygge": 1.0}, "orret": {"dybde": 1.0, "strom": 0.9, "vegetasjon": 1.0, "struktur": 0.759, "skygge": 1.0}, "harr": {"dybde": 1.0, "strom": 0.8, "vegetasjon": 1.0, "struktur": 0.624, "skygge": 1.0}, "sik": {"dybde": 0.51, "strom": 0.05, "vegetasjon": 1.0, "struktur": 0.844, "skygge": 1.0}, "lake": {"dybde": 0.275, "strom": 0.2, "vegetasjon": 1.0, "struktur": 0.937, "skygge": 1.0}, "mort": {"dybde": 1.0, "strom": 0.05, "vegetasjon": 0.0, "struktur": 0.531, "skygge": 1.0}, "brasme": {"dybde": 0.51, "strom": 0.02, "vegetasjon": 0.0, "struktur": 0.658, "skygge": 1.0}, "vederbuk": {"dybde": 1.0, "strom": 0.2, "vegetasjon": 0.0, "struktur": 0.666, "skygge": 1.0}, "gjors": {"dybde": 0.0, "strom": 0.05, "vegetasjon": 1.0, "struktur": 1.0, "skygge": 1.0}}, "beste_art": "orret", "H_maks": 93.0, "id": 42}}, {"type": "Feature", "geometry": {"type": "Point", "coordinates": [11.71799, 60.24388]}, "properties": {"seg": 17, "side": "v", "H": {"gjedde": 82.291, "abbor": 62.439, "orret": 48.671, "harr": 45.178, "sik": 72.787, "lake": 59.334, "mort": 92.875, "brasme": 87.643, "vederbuk": 74.8, "gjors": 59.94}, "rank": {"mort": 12}, "klasse": {"mort": "A"}, "navn": "Lindal · km 1.7", "side_navn": "SV-bredden", "elv": "Glomma", "km": 1.7, "komponenter": ["veg", "skygge"], "adkomst": {"d_vei_m": 120, "vei_navn": "Strandvegen", "d_sti_m": 659, "d_parkering_m": 1421, "adkomst": "Lett: bilvei 120 m unna (Strandvegen). Parkering 1421 m unna."}, "banktype": "eng/dyrket", "dybde_est": 3.5, "veg": 0.17, "skygge": 0.65, "klasse_strom": "svak", "w": 351.0, "h": 3.3, "v": 0.28, "struct": {"os": 0.0, "sving": 0.13, "innsnevring": 0.0, "bukt": 0.35, "dropoff": 0.0, "bru": 0.0, "dam": 0.0, "sandbanke": 0.0}, "f": {"gjedde": {"dybde": 0.994, "strom": 0.8, "vegetasjon": 0.259, "struktur": 0.382, "skygge": 1.0}, "abbor": {"dybde": 1.0, "strom": 1.0, "vegetasjon": 0.476, "struktur": 0.26, "skygge": 1.0}, "orret": {"dybde": 0.826, "strom": 0.6, "vegetasjon": 0.667, "struktur": 0.175, "skygge": 1.0}, "harr": {"dybde": 0.591, "strom": 0.6, "vegetasjon": 0.583, "struktur": 0.131, "skygge": 1.0}, "sik": {"dybde": 1.0, "strom": 0.9, "vegetasjon": 0.667, "struktur": 0.207, "skygge": 1.0}, "lake": {"dybde": 1.0, "strom": 1.0, "vegetasjon": 0.667, "struktur": 0.184, "skygge": 1.0}, "mort": {"dybde": 0.826, "strom": 0.9, "vegetasjon": 0.417, "struktur": 0.34, "skygge": 1.0}, "brasme": {"dybde": 1.0, "strom": 0.8, "vegetasjon": 0.556, "struktur": 0.373, "skygge": 1.0}, "vederbuk": {"dybde": 1.0, "strom": 1.0, "vegetasjon": 0.556, "struktur": 0.261, "skygge": 1.0}, "gjors": {"dybde": 1.0, "strom": 1.0, "vegetasjon": 0.583, "struktur": 0.217, "skygge": 1.0}}, "beste_art": "mort", "H_maks": 93.0, "id": 43}}, {"type": "Feature", "geometry": {"type": "Point", "coordinates": [11.66887, 60.24376]}, "properties": {"seg": 60, "side": "h", "H": {"gjedde": 74.67, "abbor": 69.464, "orret": 46.196, "harr": 30.09, "sik": 77.817, "lake": 66.221, "mort": 79.866, "brasme": 93.22, "vederbuk": 77.686, "gjors": 66.635}, "rank": {"brasme": 9}, "klasse": {"brasme": "A"}, "navn": "Sandnesmoen · km 6.0", "side_navn": "V-bredden", "elv": "Glomma", "km": 6.0, "komponenter": ["bukt", "veg"], "adkomst": {"d_vei_m": 17, "vei_navn": "service", "d_sti_m": 485, "d_parkering_m": 662, "adkomst": "Lett: bilvei 17 m unna (service). Parkering 662 m unna."}, "banktype": "eng/dyrket", "dybde_est": 4.9, "veg": 0.17, "skygge": 0.3, "klasse_strom": "svak", "w": 233.0, "h": 4.2, "v": 0.33, "struct": {"os": 0.0, "sving": 0.22, "innsnevring": 0.0, "bukt": 0.47, "dropoff": 0.0, "bru": 0.01, "dam": 0.0, "sandbanke": 0.0}, "f": {"gjedde": {"dybde": 0.604, "strom": 0.8, "vegetasjon": 0.259, "struktur": 0.52, "skygge": 0.503}, "abbor": {"dybde": 1.0, "strom": 1.0, "vegetasjon": 0.476, "struktur": 0.368, "skygge": 0.754}, "orret": {"dybde": 0.372, "strom": 0.6, "vegetasjon": 0.667, "struktur": 0.259, "skygge": 0.603}, "harr": {"dybde": 0.046, "strom": 0.6, "vegetasjon": 0.583, "struktur": 0.198, "skygge": 1.0}, "sik": {"dybde": 1.0, "strom": 0.9, "vegetasjon": 0.667, "struktur": 0.289, "skygge": 1.0}, "lake": {"dybde": 1.0, "strom": 1.0, "vegetasjon": 0.667, "struktur": 0.266, "skygge": 1.0}, "mort": {"dybde": 0.372, "strom": 0.9, "vegetasjon": 0.417, "struktur": 0.465, "skygge": 0.754}, "brasme": {"dybde": 1.0, "strom": 0.8, "vegetasjon": 0.556, "struktur": 0.508, "skygge": 1.0}, "vederbuk": {"dybde": 0.779, "strom": 1.0, "vegetasjon": 0.556, "struktur": 0.366, "skygge": 0.754}, "gjors": {"dybde": 1.0, "strom": 1.0, "vegetasjon": 0.583, "struktur": 0.309, "skygge": 1.0}}, "beste_art": "brasme", "H_maks": 93.0, "id": 44}}, {"type": "Feature", "geometry": {"type": "Point", "coordinates": [11.74816, 60.24378]}, "properties": {"seg": 1, "side": "h", "H": {"gjedde": 39.281, "abbor": 44.25, "orret": 92.15, "harr": 88.498, "sik": 37.544, "lake": 22.893, "mort": 40.662, "brasme": 22.998, "vederbuk": 58.572, "gjors": 21.173}, "rank": {"orret": 8, "harr": 9}, "klasse": {"orret": "A", "harr": "A"}, "navn": "Ellefsrud · km 0.1", "side_navn": "N-bredden", "elv": "Glomma", "km": 0.1, "komponenter": ["dropoff", "strom:moderat", "skygge"], "adkomst": {"d_vei_m": 286, "vei_navn": "Kongsvingervegen", "d_sti_m": 380, "d_parkering_m": 512, "adkomst": "Kort gange: bilvei 286 m unna. Parkering 512 m unna."}, "banktype": "eng/dyrket", "dybde_est": 0.9, "veg": 0.0, "skygge": 0.52, "klasse_strom": "moderat", "w": 265.0, "h": 2.3, "v": 0.53, "struct": {"os": 0.07, "sving": 0.04, "innsnevring": 0.0, "bukt": 0.07, "dropoff": 1.0, "bru": 0.0, "dam": 0.0, "sandbanke": 0.0}, "f": {"gjedde": {"dybde": 0.925, "strom": 0.35, "vegetasjon": 0.0, "struktur": 0.742, "skygge": 0.869}, "abbor": {"dybde": 0.447, "strom": 0.5, "vegetasjon": 0.0, "struktur": 1.0, "skygge": 1.0}, "orret": {"dybde": 1.0, "strom": 1.0, "vegetasjon": 1.0, "struktur": 0.643, "skygge": 1.0}, "harr": {"dybde": 1.0, "strom": 1.0, "vegetasjon": 1.0, "struktur": 0.449, "skygge": 1.0}, "sik": {"dybde": 0.123, "strom": 0.4, "vegetasjon": 1.0, "struktur": 0.818, "skygge": 1.0}, "lake": {"dybde": 0.0, "strom": 0.6, "vegetasjon": 1.0, "struktur": 0.909, "skygge": 1.0}, "mort": {"dybde": 1.0, "strom": 0.3, "vegetasjon": 0.0, "struktur": 0.466, "skygge": 1.0}, "brasme": {"dybde": 0.123, "strom": 0.2, "vegetasjon": 0.0, "struktur": 0.644, "skygge": 1.0}, "vederbuk": {"dybde": 0.925, "strom": 0.7, "vegetasjon": 0.0, "struktur": 0.558, "skygge": 1.0}, "gjors": {"dybde": 0.0, "strom": 0.4, "vegetasjon": 1.0, "struktur": 1.0, "skygge": 1.0}}, "beste_art": "orret", "H_maks": 92.0, "id": 45}}, {"type": "Feature", "geometry": {"type": "Point", "coordinates": [11.64796, 60.21359]}, "properties": {"seg": 101, "side": "v", "H": {"gjedde": 40.288, "abbor": 45.281, "orret": 92.095, "harr": 88.362, "sik": 41.098, "lake": 22.897, "mort": 40.933, "brasme": 24.933, "vederbuk": 59.494, "gjors": 21.173}, "rank": {"orret": 9, "harr": 10}, "klasse": {"orret": "A", "harr": "A"}, "navn": "Disen · km 10.1", "side_navn": "SØ-bredden", "elv": "Glomma", "km": 10.1, "komponenter": ["dropoff", "strom:moderat", "skygge"], "adkomst": {"d_vei_m": 186, "vei_navn": "Norddisivegen", "d_sti_m": 848, "d_parkering_m": 2203, "adkomst": "Kort gange: bilvei 186 m unna."}, "banktype": "skog/kratt", "dybde_est": 1.0, "veg": 0.0, "skygge": 0.62, "klasse_strom": "moderat", "w": 322.0, "h": 1.8, "v": 0.54, "struct": {"os": 0.07, "sving": 0.02, "innsnevring": 0.0, "bukt": 0.11, "dropoff": 1.0, "bru": 0.0, "dam": 0.0, "sandbanke": 0.0}, "f": {"gjedde": {"dybde": 0.986, "strom": 0.35, "vegetasjon": 0.0, "struktur": 0.75, "skygge": 1.0}, "abbor": {"dybde": 0.49, "strom": 0.5, "vegetasjon": 0.0, "struktur": 1.0, "skygge": 1.0}, "orret": {"dybde": 1.0, "strom": 1.0, "vegetasjon": 1.0, "struktur": 0.641, "skygge": 1.0}, "harr": {"dybde": 1.0, "strom": 1.0, "vegetasjon": 1.0, "struktur": 0.447, "skygge": 1.0}, "sik": {"dybde": 0.159, "strom": 0.4, "vegetasjon": 1.0, "struktur": 0.82, "skygge": 1.0}, "lake": {"dybde": 0.0, "strom": 0.6, "vegetasjon": 1.0, "struktur": 0.909, "skygge": 1.0}, "mort": {"dybde": 1.0, "strom": 0.3, "vegetasjon": 0.0, "struktur": 0.482, "skygge": 1.0}, "brasme": {"dybde": 0.159, "strom": 0.2, "vegetasjon": 0.0, "struktur": 0.656, "skygge": 1.0}, "vederbuk": {"dybde": 0.986, "strom": 0.7, "vegetasjon": 0.0, "struktur": 0.563, "skygge": 1.0}, "gjors": {"dybde": 0.0, "strom": 0.4, "vegetasjon": 1.0, "struktur": 1.0, "skygge": 1.0}}, "beste_art": "orret", "H_maks": 92.0, "id": 46}}, {"type": "Feature", "geometry": {"type": "Point", "coordinates": [11.65423, 60.2175]}, "properties": {"seg": 95, "side": "v", "H": {"gjedde": 39.828, "abbor": 54.11, "orret": 91.531, "harr": 85.804, "sik": 78.038, "lake": 89.905, "mort": 39.846, "brasme": 42.743, "vederbuk": 58.563, "gjors": 78.564}, "rank": {"orret": 10}, "klasse": {"orret": "A"}, "navn": "Meldisen · km 9.5", "side_navn": "SØ-bredden", "elv": "Glomma", "km": 9.5, "komponenter": ["dropoff", "strom:moderat", "skygge"], "adkomst": {"d_vei_m": 223, "vei_navn": "service", "d_sti_m": 1187, "d_parkering_m": 2081, "adkomst": "Kort gange: bilvei 223 m unna."}, "banktype": "eng/dyrket", "dybde_est": 2.8, "veg": 0.0, "skygge": 0.54, "klasse_strom": "moderat", "w": 258.0, "h": 2.9, "v": 0.43, "struct": {"os": 0.0, "sving": 0.12, "innsnevring": 0.0, "bukt": 0.0, "dropoff": 1.0, "bru": 0.0, "dam": 0.0, "sandbanke": 0.0}, "f": {"gjedde": {"dybde": 1.0, "strom": 0.35, "vegetasjon": 0.0, "struktur": 0.714, "skygge": 0.903}, "abbor": {"dybde": 1.0, "strom": 0.5, "vegetasjon": 0.0, "struktur": 1.0, "skygge": 1.0}, "orret": {"dybde": 1.0, "strom": 1.0, "vegetasjon": 1.0, "struktur": 0.628, "skygge": 1.0}, "harr": {"dybde": 0.892, "strom": 1.0, "vegetasjon": 1.0, "struktur": 0.435, "skygge": 1.0}, "sik": {"dybde": 1.0, "strom": 0.4, "vegetasjon": 1.0, "struktur": 0.807, "skygge": 1.0}, "lake": {"dybde": 1.0, "strom": 0.6, "vegetasjon": 1.0, "struktur": 0.905, "skygge": 1.0}, "mort": {"dybde": 1.0, "strom": 0.3, "vegetasjon": 0.0, "struktur": 0.421, "skygge": 1.0}, "brasme": {"dybde": 1.0, "strom": 0.2, "vegetasjon": 0.0, "struktur": 0.614, "skygge": 1.0}, "vederbuk": {"dybde": 1.0, "strom": 0.7, "vegetasjon": 0.0, "struktur": 0.53, "skygge": 1.0}, "gjors": {"dybde": 0.847, "strom": 0.4, "vegetasjon": 1.0, "struktur": 1.0, "skygge": 1.0}}, "beste_art": "orret", "H_maks": 92.0, "id": 47}}, {"type": "Feature", "geometry": {"type": "Point", "coordinates": [11.5889, 60.19738]}, "properties": {"seg": 139, "side": "v", "H": {"gjedde": 84.463, "abbor": 86.829, "orret": 53.362, "harr": 27.227, "sik": 82.655, "lake": 77.793, "mort": 78.892, "brasme": 92.366, "vederbuk": 81.849, "gjors": 75.557}, "rank": {"brasme": 12}, "klasse": {"brasme": "A"}, "navn": "Dysterud · km 13.9", "side_navn": "S-bredden", "elv": "Glomma", "km": 13.9, "komponenter": ["dropoff", "veg", "skygge"], "adkomst": {"d_vei_m": 31, "vei_navn": "track", "d_sti_m": 446, "d_parkering_m": 2979, "adkomst": "Lett: bilvei 31 m unna (track)."}, "banktype": "eng/dyrket", "dybde_est": 5.0, "veg": 0.25, "skygge": 0.55, "klasse_strom": "svak", "w": 234.0, "h": 3.5, "v": 0.4, "struct": {"os": 0.02, "sving": 0.25, "innsnevring": 0.0, "bukt": 0.09, "dropoff": 0.47, "bru": 0.0, "dam": 0.0, "sandbanke": 0.0}, "f": {"gjedde": {"dybde": 0.57, "strom": 0.8, "vegetasjon": 0.444, "struktur": 0.454, "skygge": 0.912}, "abbor": {"dybde": 1.0, "strom": 1.0, "vegetasjon": 0.714, "struktur": 0.561, "skygge": 1.0}, "orret": {"dybde": 0.332, "strom": 0.6, "vegetasjon": 0.5, "struktur": 0.413, "skygge": 1.0}, "harr": {"dybde": 0.0, "strom": 0.6, "vegetasjon": 0.375, "struktur": 0.309, "skygge": 1.0}, "sik": {"dybde": 1.0, "strom": 0.9, "vegetasjon": 0.5, "struktur": 0.451, "skygge": 1.0}, "lake": {"dybde": 1.0, "strom": 1.0, "vegetasjon": 0.5, "struktur": 0.501, "skygge": 1.0}, "mort": {"dybde": 0.332, "strom": 0.9, "vegetasjon": 0.625, "struktur": 0.313, "skygge": 1.0}, "brasme": {"dybde": 1.0, "strom": 0.8, "vegetasjon": 0.833, "struktur": 0.396, "skygge": 1.0}, "vederbuk": {"dybde": 0.749, "strom": 1.0, "vegetasjon": 0.833, "struktur": 0.373, "skygge": 1.0}, "gjors": {"dybde": 1.0, "strom": 1.0, "vegetasjon": 0.375, "struktur": 0.545, "skygge": 1.0}}, "beste_art": "brasme", "H_maks": 92.0, "id": 48}}, {"type": "Feature", "geometry": {"type": "Point", "coordinates": [11.69082, 60.25587]}, "properties": {"seg": 37, "side": "v", "H": {"gjedde": 55.896, "abbor": 78.458, "orret": 90.932, "harr": 87.206, "sik": 76.81, "lake": 81.723, "mort": 64.824, "brasme": 56.106, "vederbuk": 77.617, "gjors": 62.208}, "rank": {"orret": 11}, "klasse": {"orret": "A"}, "navn": "Tanumkollen · km 3.7", "side_navn": "SV-bredden", "elv": "Glomma", "km": 3.7, "komponenter": ["dropoff", "strom:moderat", "skygge"], "adkomst": {"d_vei_m": 36, "vei_navn": "Strandvegen", "d_sti_m": 176, "d_parkering_m": 404, "adkomst": "Lett: bilvei 36 m unna (Strandvegen). Parkering 404 m unna."}, "banktype": "skog/kratt", "dybde_est": 2.2, "veg": 0.08, "skygge": 0.71, "klasse_strom": "moderat", "w": 265.0, "h": 2.5, "v": 0.49, "struct": {"os": 0.0, "sving": 0.19, "innsnevring": 0.0, "bukt": 0.05, "dropoff": 1.0, "bru": 0.0, "dam": 0.0, "sandbanke": 0.0}, "f": {"gjedde": {"dybde": 1.0, "strom": 0.35, "vegetasjon": 0.074, "struktur": 0.738, "skygge": 1.0}, "abbor": {"dybde": 1.0, "strom": 0.5, "vegetasjon": 0.238, "struktur": 1.0, "skygge": 1.0}, "orret": {"dybde": 1.0, "strom": 1.0, "vegetasjon": 0.833, "struktur": 0.653, "skygge": 1.0}, "harr": {"dybde": 1.0, "strom": 1.0, "vegetasjon": 0.792, "struktur": 0.465, "skygge": 1.0}, "sik": {"dybde": 1.0, "strom": 0.4, "vegetasjon": 0.833, "struktur": 0.817, "skygge": 1.0}, "lake": {"dybde": 0.798, "strom": 0.6, "vegetasjon": 0.833, "struktur": 0.91, "skygge": 1.0}, "mort": {"dybde": 1.0, "strom": 0.3, "vegetasjon": 0.208, "struktur": 0.461, "skygge": 1.0}, "brasme": {"dybde": 1.0, "strom": 0.2, "vegetasjon": 0.278, "struktur": 0.642, "skygge": 1.0}, "vederbuk": {"dybde": 1.0, "strom": 0.7, "vegetasjon": 0.278, "struktur": 0.563, "skygge": 1.0}, "gjors": {"dybde": 0.465, "strom": 0.4, "vegetasjon": 0.792, "struktur": 1.0, "skygge": 1.0}}, "beste_art": "orret", "H_maks": 91.0, "id": 49}}, {"type": "Feature", "geometry": {"type": "Point", "coordinates": [11.67275, 60.23315]}, "properties": {"seg": 72, "side": "v", "H": {"gjedde": 24.556, "abbor": 38.148, "orret": 89.697, "harr": 82.335, "sik": 32.833, "lake": 45.354, "mort": 23.659, "brasme": 15.56, "vederbuk": 38.717, "gjors": 13.969}, "rank": {"orret": 12}, "klasse": {"orret": "A"}, "navn": "Løken · km 7.2", "side_navn": "Ø-bredden", "elv": "Glomma", "km": 7.2, "komponenter": ["dropoff", "strom:stryk"], "adkomst": {"d_vei_m": 129, "vei_navn": "service", "d_sti_m": 606, "d_parkering_m": 1271, "adkomst": "Lett: bilvei 129 m unna (service). Parkering 1271 m unna."}, "banktype": "eng/dyrket", "dybde_est": 1.4, "veg": 0.0, "skygge": 0.49, "klasse_strom": "stryk", "w": 183.0, "h": 2.1, "v": 0.82, "struct": {"os": 0.14, "sving": 0.08, "innsnevring": 0.0, "bukt": 0.0, "dropoff": 1.0, "bru": 0.01, "dam": 0.0, "sandbanke": 0.0}, "f": {"gjedde": {"dybde": 1.0, "strom": 0.05, "vegetasjon": 0.0, "struktur": 0.742, "skygge": 0.82}, "abbor": {"dybde": 0.895, "strom": 0.1, "vegetasjon": 0.0, "struktur": 1.0, "skygge": 1.0}, "orret": {"dybde": 1.0, "strom": 0.9, "vegetasjon": 1.0, "struktur": 0.668, "skygge": 0.984}, "harr": {"dybde": 1.0, "strom": 0.8, "vegetasjon": 1.0, "struktur": 0.481, "skygge": 1.0}, "sik": {"dybde": 0.496, "strom": 0.05, "vegetasjon": 1.0, "struktur": 0.821, "skygge": 1.0}, "lake": {"dybde": 0.263, "strom": 0.2, "vegetasjon": 1.0, "struktur": 0.912, "skygge": 1.0}, "mort": {"dybde": 1.0, "strom": 0.05, "vegetasjon": 0.0, "struktur": 0.457, "skygge": 1.0}, "brasme": {"dybde": 0.496, "strom": 0.02, "vegetasjon": 0.0, "struktur": 0.632, "skygge": 1.0}, "vederbuk": {"dybde": 1.0, "strom": 0.2, "vegetasjon": 0.0, "struktur": 0.575, "skygge": 1.0}, "gjors": {"dybde": 0.0, "strom": 0.05, "vegetasjon": 1.0, "struktur": 1.0, "skygge": 1.0}}, "beste_art": "orret", "H_maks": 90.0, "id": 50}}, {"type": "Feature", "geometry": {"type": "Point", "coordinates": [11.67273, 60.23231]}, "properties": {"seg": 73, "side": "v", "H": {"gjedde": 53.928, "abbor": 74.49, "orret": 86.997, "harr": 89.78, "sik": 60.664, "lake": 55.327, "mort": 64.273, "brasme": 45.312, "vederbuk": 78.403, "gjors": 20.442}, "rank": {"harr": 7}, "klasse": {"harr": "A"}, "navn": "Lukmoen · km 7.3", "side_navn": "Ø-bredden", "elv": "Glomma", "km": 7.3, "komponenter": ["dropoff", "strom:moderat"], "adkomst": {"d_vei_m": 64, "vei_navn": "service", "d_sti_m": 665, "d_parkering_m": 1359, "adkomst": "Lett: bilvei 64 m unna (service). Parkering 1359 m unna."}, "banktype": "eng/dyrket", "dybde_est": 1.4, "veg": 0.08, "skygge": 0.24, "klasse_strom": "moderat", "w": 204.0, "h": 2.0, "v": 0.79, "struct": {"os": 0.26, "sving": 0.15, "innsnevring": 0.0, "bukt": 0.0, "dropoff": 1.0, "bru": 0.0, "dam": 0.0, "sandbanke": 0.0}, "f": {"gjedde": {"dybde": 1.0, "strom": 0.35, "vegetasjon": 0.074, "struktur": 0.778, "skygge": 0.395}, "abbor": {"dybde": 0.902, "strom": 0.5, "vegetasjon": 0.238, "struktur": 1.0, "skygge": 0.593}, "orret": {"dybde": 1.0, "strom": 1.0, "vegetasjon": 0.833, "struktur": 0.723, "skygge": 0.475}, "harr": {"dybde": 1.0, "strom": 1.0, "vegetasjon": 0.792, "struktur": 0.548, "skygge": 0.791}, "sik": {"dybde": 0.502, "strom": 0.4, "vegetasjon": 0.833, "struktur": 0.839, "skygge": 1.0}, "lake": {"dybde": 0.268, "strom": 0.6, "vegetasjon": 0.833, "struktur": 0.921, "skygge": 0.791}, "mort": {"dybde": 1.0, "strom": 0.3, "vegetasjon": 0.208, "struktur": 0.503, "skygge": 0.593}, "brasme": {"dybde": 0.502, "strom": 0.2, "vegetasjon": 0.278, "struktur": 0.659, "skygge": 0.791}, "vederbuk": {"dybde": 1.0, "strom": 0.7, "vegetasjon": 0.278, "struktur": 0.636, "skygge": 0.593}, "gjors": {"dybde": 0.0, "strom": 0.4, "vegetasjon": 0.792, "struktur": 1.0, "skygge": 0.791}}, "beste_art": "harr", "H_maks": 90.0, "id": 51}}, {"type": "Feature", "geometry": {"type": "Point", "coordinates": [11.65668, 60.22063]}, "properties": {"seg": 92, "side": "h", "H": {"gjedde": 38.668, "abbor": 53.052, "orret": 87.837, "harr": 88.574, "sik": 78.267, "lake": 89.692, "mort": 39.552, "brasme": 42.677, "vederbuk": 58.705, "gjors": 77.538}, "rank": {"harr": 8}, "klasse": {"harr": "A"}, "navn": "Kremmerstuen · km 9.2", "side_navn": "NV-bredden", "elv": "Glomma", "km": 9.2, "komponenter": ["dropoff", "strom:moderat"], "adkomst": {"d_vei_m": 333, "vei_navn": "service", "d_sti_m": 1172, "d_parkering_m": 1969, "adkomst": "Kort gange: bilvei 333 m unna."}, "banktype": "eng/dyrket", "dybde_est": 2.7, "veg": 0.0, "skygge": 0.27, "klasse_strom": "moderat", "w": 198.0, "h": 3.4, "v": 0.47, "struct": {"os": 0.01, "sving": 0.16, "innsnevring": 0.15, "bukt": 0.0, "dropoff": 1.0, "bru": 0.0, "dam": 0.0, "sandbanke": 0.0}, "f": {"gjedde": {"dybde": 1.0, "strom": 0.35, "vegetasjon": 0.0, "struktur": 0.733, "skygge": 0.449}, "abbor": {"dybde": 1.0, "strom": 0.5, "vegetasjon": 0.0, "struktur": 1.0, "skygge": 0.674}, "orret": {"dybde": 1.0, "strom": 1.0, "vegetasjon": 1.0, "struktur": 0.673, "skygge": 0.539}, "harr": {"dybde": 0.903, "strom": 1.0, "vegetasjon": 1.0, "struktur": 0.5, "skygge": 0.898}, "sik": {"dybde": 1.0, "strom": 0.4, "vegetasjon": 1.0, "struktur": 0.819, "skygge": 1.0}, "lake": {"dybde": 1.0, "strom": 0.6, "vegetasjon": 1.0, "struktur": 0.914, "skygge": 0.898}, "mort": {"dybde": 1.0, "strom": 0.3, "vegetasjon": 0.0, "struktur": 0.448, "skygge": 0.674}, "brasme": {"dybde": 1.0, "strom": 0.2, "vegetasjon": 0.0, "struktur": 0.626, "skygge": 0.898}, "vederbuk": {"dybde": 1.0, "strom": 0.7, "vegetasjon": 0.0, "struktur": 0.57, "skygge": 0.674}, "gjors": {"dybde": 0.829, "strom": 0.4, "vegetasjon": 1.0, "struktur": 1.0, "skygge": 0.898}}, "beste_art": "lake", "H_maks": 90.0, "id": 52}}, {"type": "Feature", "geometry": {"type": "Point", "coordinates": [11.66124, 60.2197]}, "properties": {"seg": 90, "side": "v", "H": {"gjedde": 85.95, "abbor": 89.291, "orret": 85.93, "harr": 82.13, "sik": 71.633, "lake": 81.797, "mort": 79.357, "brasme": 61.128, "vederbuk": 85.75, "gjors": 63.502}, "rank": {"gjedde": 11, "abbor": 12}, "klasse": {"gjedde": "A", "abbor": "A"}, "navn": "Norddisen · km 9.0", "side_navn": "S-bredden", "elv": "Glomma", "km": 9.0, "komponenter": ["dropoff", "veg", "strom:moderat", "skygge"], "adkomst": {"d_vei_m": 159, "vei_navn": "Norddisivegen", "d_sti_m": 1027, "d_parkering_m": 2237, "adkomst": "Kort gange: bilvei 159 m unna."}, "banktype": "skog/kratt", "dybde_est": 2.5, "veg": 0.25, "skygge": 0.63, "klasse_strom": "moderat", "w": 180.0, "h": 3.6, "v": 0.49, "struct": {"os": 0.04, "sving": 0.17, "innsnevring": 0.2, "bukt": 0.0, "dropoff": 0.88, "bru": 0.0, "dam": 0.0, "sandbanke": 0.0}, "f": {"gjedde": {"dybde": 1.0, "strom": 0.35, "vegetasjon": 0.444, "struktur": 0.675, "skygge": 1.0}, "abbor": {"dybde": 1.0, "strom": 0.5, "vegetasjon": 0.714, "struktur": 0.904, "skygge": 1.0}, "orret": {"dybde": 1.0, "strom": 1.0, "vegetasjon": 0.5, "struktur": 0.641, "skygge": 1.0}, "harr": {"dybde": 1.0, "strom": 1.0, "vegetasjon": 0.375, "struktur": 0.494, "skygge": 1.0}, "sik": {"dybde": 1.0, "strom": 0.4, "vegetasjon": 0.5, "struktur": 0.744, "skygge": 1.0}, "lake": {"dybde": 1.0, "strom": 0.6, "vegetasjon": 0.5, "struktur": 0.832, "skygge": 1.0}, "mort": {"dybde": 1.0, "strom": 0.3, "vegetasjon": 0.625, "struktur": 0.422, "skygge": 1.0}, "brasme": {"dybde": 1.0, "strom": 0.2, "vegetasjon": 0.833, "struktur": 0.569, "skygge": 1.0}, "vederbuk": {"dybde": 1.0, "strom": 0.7, "vegetasjon": 0.833, "struktur": 0.544, "skygge": 1.0}, "gjors": {"dybde": 0.667, "strom": 0.4, "vegetasjon": 0.375, "struktur": 0.902, "skygge": 1.0}}, "beste_art": "abbor", "H_maks": 89.0, "id": 53}}, {"type": "Feature", "geometry": {"type": "Point", "coordinates": [11.66288, 60.21988]}, "properties": {"seg": 89, "side": "v", "H": {"gjedde": 37.589, "abbor": 48.164, "orret": 87.825, "harr": 88.015, "sik": 73.26, "lake": 79.619, "mort": 38.482, "brasme": 40.153, "vederbuk": 56.487, "gjors": 62.304}, "rank": {"harr": 11}, "klasse": {"harr": "A"}, "navn": "Norddisen · km 8.9", "side_navn": "S-bredden", "elv": "Glomma", "km": 8.9, "komponenter": ["dropoff", "strom:moderat"], "adkomst": {"d_vei_m": 132, "vei_navn": "Norddisivegen", "d_sti_m": 942, "d_parkering_m": 2304, "adkomst": "Lett: bilvei 132 m unna (Norddisivegen)."}, "banktype": "eng/dyrket", "dybde_est": 2.4, "veg": 0.0, "skygge": 0.48, "klasse_strom": "moderat", "w": 180.0, "h": 3.6, "v": 0.49, "struct": {"os": 0.07, "sving": 0.19, "innsnevring": 0.2, "bukt": 0.0, "dropoff": 0.64, "bru": 0.01, "dam": 0.0, "sandbanke": 0.0}, "f": {"gjedde": {"dybde": 1.0, "strom": 0.35, "vegetasjon": 0.0, "struktur": 0.55, "skygge": 0.807}, "abbor": {"dybde": 1.0, "strom": 0.5, "vegetasjon": 0.0, "struktur": 0.717, "skygge": 1.0}, "orret": {"dybde": 1.0, "strom": 1.0, "vegetasjon": 1.0, "struktur": 0.553, "skygge": 0.969}, "harr": {"dybde": 1.0, "strom": 1.0, "vegetasjon": 1.0, "struktur": 0.44, "skygge": 1.0}, "sik": {"dybde": 1.0, "strom": 0.4, "vegetasjon": 1.0, "struktur": 0.588, "skygge": 1.0}, "lake": {"dybde": 0.918, "strom": 0.6, "vegetasjon": 1.0, "struktur": 0.666, "skygge": 1.0}, "mort": {"dybde": 1.0, "strom": 0.3, "vegetasjon": 0.0, "struktur": 0.354, "skygge": 1.0}, "brasme": {"dybde": 1.0, "strom": 0.2, "vegetasjon": 0.0, "struktur": 0.449, "skygge": 1.0}, "vederbuk": {"dybde": 1.0, "strom": 0.7, "vegetasjon": 0.0, "struktur": 0.47, "skygge": 1.0}, "gjors": {"dybde": 0.585, "strom": 0.4, "vegetasjon": 1.0, "struktur": 0.711, "skygge": 1.0}}, "beste_art": "harr", "H_maks": 88.0, "id": 54}}, {"type": "Feature", "geometry": {"type": "Point", "coordinates": [11.68663, 60.25665]}, "properties": {"seg": 40, "side": "v", "H": {"gjedde": 85.208, "abbor": 72.574, "orret": 71.195, "harr": 67.805, "sik": 58.031, "lake": 53.002, "mort": 79.878, "brasme": 56.155, "vederbuk": 78.067, "gjors": 34.801}, "rank": {"gjedde": 12}, "klasse": {"gjedde": "A"}, "navn": "Skarnes · km 4.0", "side_navn": "S-bredden", "elv": "Glomma", "km": 4.0, "komponenter": ["veg", "strom:moderat", "skygge"], "adkomst": {"d_vei_m": 80, "vei_navn": "service", "d_sti_m": 255, "d_parkering_m": 330, "adkomst": "Lett: bilvei 80 m unna (service). Parkering 330 m unna."}, "banktype": "skog/kratt", "dybde_est": 1.9, "veg": 0.33, "skygge": 0.8, "klasse_strom": "moderat", "w": 209.0, "h": 2.4, "v": 0.63, "struct": {"os": 0.04, "sving": 0.37, "innsnevring": 0.05, "bukt": 0.17, "dropoff": 0.2, "bru": 0.01, "dam": 0.0, "sandbanke": 0.0}, "f": {"gjedde": {"dybde": 1.0, "strom": 0.35, "vegetasjon": 0.63, "struktur": 0.418, "skygge": 1.0}, "abbor": {"dybde": 1.0, "strom": 0.5, "vegetasjon": 0.952, "struktur": 0.442, "skygge": 1.0}, "orret": {"dybde": 1.0, "strom": 1.0, "vegetasjon": 0.333, "struktur": 0.392, "skygge": 1.0}, "harr": {"dybde": 1.0, "strom": 1.0, "vegetasjon": 0.167, "struktur": 0.317, "skygge": 1.0}, "sik": {"dybde": 0.957, "strom": 0.4, "vegetasjon": 0.333, "struktur": 0.343, "skygge": 1.0}, "lake": {"dybde": 0.632, "strom": 0.6, "vegetasjon": 0.333, "struktur": 0.383, "skygge": 1.0}, "mort": {"dybde": 1.0, "strom": 0.3, "vegetasjon": 0.833, "struktur": 0.327, "skygge": 1.0}, "brasme": {"dybde": 0.957, "strom": 0.2, "vegetasjon": 1.0, "struktur": 0.363, "skygge": 1.0}, "vederbuk": {"dybde": 1.0, "strom": 0.7, "vegetasjon": 1.0, "struktur": 0.375, "skygge": 1.0}, "gjors": {"dybde": 0.299, "strom": 0.4, "vegetasjon": 0.167, "struktur": 0.406, "skygge": 1.0}}, "beste_art": "gjedde", "H_maks": 85.0, "id": 55}}]}